pattern,source_r,source_g,source_b,source_hex,pixel_count,flank_weight,markings_weight
pattern_1,0,0,255,#0000FF,163453,0.99844916,0.00155084
pattern_1,0,1,255,#0001FF,127104,0.99846451,0.00153549
pattern_1,0,2,255,#0002FF,384,0.99847987,0.00152013
pattern_1,0,4,255,#0004FF,6709,0.99851058,0.00148942
pattern_1,0,8,255,#0008FF,211,0.998572,0.001428
pattern_1,0,12,247,#000CF7,1,0.99986181,0.00013819
pattern_1,0,12,255,#000CFF,341,0.99863342,0.00136658
pattern_1,0,16,255,#0010FF,375,0.99869484,0.00130516
pattern_1,0,20,255,#0014FF,231,0.99875626,0.00124374
pattern_1,0,24,255,#0018FF,231,0.99881768,0.00118232
pattern_1,0,26,255,#001AFF,7,0.99884839,0.00115161
pattern_1,0,28,255,#001CFF,213,0.9988791,0.0011209
pattern_1,0,32,255,#0020FF,183,0.99894052,0.00105948
pattern_1,0,36,255,#0024FF,111,0.99900193,0.00099807
pattern_1,0,37,255,#0025FF,1,0.99901729,0.00098271
pattern_1,0,38,255,#0026FF,31,0.99903264,0.00096736
pattern_1,0,39,255,#0027FF,1,0.999048,0.000952
pattern_1,0,40,255,#0028FF,193,0.99906335,0.00093665
pattern_1,0,42,255,#002AFF,26,0.99909406,0.00090594
pattern_1,0,43,255,#002BFF,3,0.99910942,0.00089058
pattern_1,0,44,255,#002CFF,172,0.99912477,0.00087523
pattern_1,0,46,255,#002EFF,1,0.99915548,0.00084452
pattern_1,0,47,255,#002FFF,6,0.99917084,0.00082916
pattern_1,0,48,255,#0030FF,55,0.99918619,0.00081381
pattern_1,0,50,255,#0032FF,4,0.9992169,0.0007831
pattern_1,0,51,252,#0033FC,1,0.9996929,0.0003071
pattern_1,0,51,255,#0033FF,3,0.99923226,0.00076774
pattern_1,0,52,255,#0034FF,132,0.99924761,0.00075239
pattern_1,0,54,252,#0036FC,1,0.99973897,0.00026103
pattern_1,0,54,255,#0036FF,2,0.99927832,0.00072168
pattern_1,0,55,252,#0037FC,11,0.99975432,0.00024568
pattern_1,0,55,255,#0037FF,1,0.99929368,0.00070632
pattern_1,0,56,252,#0038FC,8,0.99976968,0.00023032
pattern_1,0,56,255,#0038FF,83,0.99930903,0.00069097
pattern_1,0,58,252,#003AFC,5,0.99980039,0.00019961
pattern_1,0,58,255,#003AFF,47,0.99933974,0.00066026
pattern_1,0,59,252,#003BFC,19,0.99981574,0.00018426
pattern_1,0,60,252,#003CFC,10,0.9998311,0.0001689
pattern_1,0,60,255,#003CFF,79,0.99937045,0.00062955
pattern_1,0,62,252,#003EFC,2,0.99986181,0.00013819
pattern_1,0,62,255,#003EFF,3,0.99940116,0.00059884
pattern_1,0,63,252,#003FFC,22,0.99987716,0.00012284
pattern_1,0,64,255,#0040FF,7,0.99943187,0.00056813
pattern_1,0,65,252,#0041FC,21,0.99990787,9.213e-05
pattern_1,0,65,255,#0041FF,29,0.99944723,0.00055277
pattern_1,0,66,252,#0042FC,4,0.99992323,7.677e-05
pattern_1,0,67,252,#0043FC,4,0.99993858,6.142e-05
pattern_1,0,68,255,#0044FF,16,0.99949329,0.00050671
pattern_1,0,69,252,#0045FC,44,0.99996929,3.071e-05
pattern_1,0,69,255,#0045FF,88,0.99950864,0.00049136
pattern_1,0,70,252,#0046FC,20,0.99998465,1.535e-05
pattern_1,0,71,252,#0047FC,53,1.0,0.0
pattern_1,0,71,255,#0047FF,2,0.99953935,0.00046065
pattern_1,0,72,255,#0048FF,5,0.99955471,0.00044529
pattern_1,0,73,255,#0049FF,138,0.99957006,0.00042994
pattern_1,0,75,255,#004BFF,8,0.99960077,0.00039923
pattern_1,0,77,255,#004DFF,84,0.99963148,0.00036852
pattern_1,0,80,255,#0050FF,3,0.99967755,0.00032245
pattern_1,0,81,255,#0051FF,55,0.9996929,0.0003071
pattern_1,0,83,255,#0053FF,3,0.99972361,0.00027639
pattern_1,0,84,255,#0054FF,5,0.99973897,0.00026103
pattern_1,0,85,255,#0055FF,37,0.99975432,0.00024568
pattern_1,0,86,255,#0056FF,1,0.99976968,0.00023032
pattern_1,0,87,255,#0057FF,8,0.99978503,0.00021497
pattern_1,4,56,255,#0438FF,5,0.98364708,0.01635292
pattern_1,5,60,252,#053CFC,7,0.98025366,0.01974634
pattern_1,5,63,252,#053FFC,3,0.98029973,0.01970027
pattern_1,5,81,252,#0551FC,1,0.98057611,0.01942389
pattern_1,5,82,252,#0552FC,5,0.98059147,0.01940853
pattern_1,8,0,181,#0800B5,1,0.97848785,0.02151215
pattern_1,8,0,198,#0800C6,3,0.97587753,0.02412247
pattern_1,8,0,247,#0800F7,12,0.96835365,0.03164635
pattern_1,8,0,255,#0800FF,14252,0.96712526,0.03287474
pattern_1,8,4,255,#0804FF,109,0.96718669,0.03281331
pattern_1,8,8,255,#0808FF,5,0.9672481,0.0327519
pattern_1,8,16,255,#0810FF,8,0.96737094,0.03262906
pattern_1,8,20,255,#0814FF,11,0.96743236,0.03256764
pattern_1,8,24,255,#0818FF,15,0.96749378,0.03250622
pattern_1,8,28,255,#081CFF,75,0.9675552,0.0324448
pattern_1,8,32,214,#0820D6,6,0.97391211,0.02608789
pattern_1,8,36,255,#0824FF,12,0.96767804,0.03232196
pattern_1,8,40,255,#0828FF,13,0.96773946,0.03226054
pattern_1,8,44,255,#082CFF,5,0.96780088,0.03219912
pattern_1,8,52,255,#0834FF,7,0.96792372,0.03207628
pattern_1,8,60,255,#083CFF,12,0.96804656,0.03195344
pattern_1,8,65,255,#0841FF,10,0.96812333,0.03187667
pattern_1,8,69,255,#0845FF,10,0.96818475,0.03181525
pattern_1,8,73,255,#0849FF,24,0.96824617,0.03175383
pattern_1,8,77,255,#084DFF,12,0.96830759,0.03169241
pattern_1,8,78,252,#084EFC,1,0.96878359,0.03121641
pattern_1,8,81,255,#0851FF,4,0.96836901,0.03163099
pattern_1,8,85,255,#0855FF,12,0.96843043,0.03156957
pattern_1,10,56,252,#0A38FC,1,0.96061481,0.03938519
pattern_1,10,81,252,#0A51FC,2,0.96099868,0.03900132
pattern_1,10,82,249,#0A52F9,1,0.96147468,0.03852532
pattern_1,10,82,252,#0A52FC,2,0.96101404,0.03898596
pattern_1,10,85,249,#0A55F9,1,0.96152074,0.03847926
pattern_1,10,85,252,#0A55FC,2,0.9610601,0.0389399
pattern_1,11,0,255,#0B00FF,4,0.9553788,0.0446212
pattern_1,12,0,255,#0C00FF,8,0.95146332,0.04853668
pattern_1,12,69,255,#0C45FF,1,0.9525228,0.0474772
pattern_1,12,73,255,#0C49FF,2,0.95258422,0.04741578
pattern_1,12,83,251,#0C53FB,1,0.95335196,0.04664804
pattern_1,13,0,255,#0D00FF,9,0.94754783,0.05245217
pattern_1,13,44,255,#0D2CFF,1,0.94822345,0.05177655
pattern_1,13,51,252,#0D33FC,2,0.94879157,0.05120843
pattern_1,13,66,252,#0D42FC,1,0.94902189,0.05097811
pattern_1,13,77,252,#0D4DFC,1,0.9491908,0.0508092
pattern_1,13,82,252,#0D52FC,2,0.94926757,0.05073243
pattern_1,16,0,255,#1000FF,3552,0.93580137,0.06419863
pattern_1,16,4,255,#1004FF,93,0.93586279,0.06413721
pattern_1,16,24,255,#1018FF,1,0.93616989,0.06383011
pattern_1,16,28,255,#101CFF,1,0.93623131,0.06376869
pattern_1,16,36,255,#1024FF,8,0.93635415,0.06364585
pattern_1,16,52,255,#1034FF,14,0.93659982,0.06340018
pattern_1,16,54,252,#1036FC,1,0.93709118,0.06290882
pattern_1,16,66,252,#1042FC,4,0.93727543,0.06272457
pattern_1,16,69,255,#1045FF,6,0.93686085,0.06313915
pattern_1,16,70,252,#1046FC,3,0.93733685,0.06266315
pattern_1,16,73,252,#1049FC,1,0.93738292,0.06261708
pattern_1,16,77,255,#104DFF,21,0.93698369,0.06301631
pattern_1,16,78,255,#104EFF,6,0.93699905,0.06300095
pattern_1,16,79,252,#104FFC,1,0.93747505,0.06252495
pattern_1,16,81,252,#1051FC,2,0.93750576,0.06249424
pattern_1,16,82,252,#1052FC,1,0.93752111,0.06247889
pattern_1,16,83,249,#1053F9,3,0.93799711,0.06200289
pattern_1,16,85,249,#1055F9,3,0.93802782,0.06197218
pattern_1,19,0,255,#1300FF,19,0.92405491,0.07594509
pattern_1,20,0,255,#1400FF,16,0.92013942,0.07986058
pattern_1,21,77,252,#154DFC,1,0.9178669,0.0821331
pattern_1,21,79,252,#154FFC,1,0.91789761,0.08210239
pattern_1,22,0,252,#1600FC,4,0.91276909,0.08723091
pattern_1,22,0,255,#1600FF,40,0.91230845,0.08769155
pattern_1,22,85,252,#1655FC,3,0.91407426,0.08592574
pattern_1,22,86,252,#1656FC,2,0.91408961,0.08591039
pattern_1,24,0,252,#1800FC,15,0.90493812,0.09506188
pattern_1,24,0,255,#1800FF,1844,0.90447748,0.09552252
pattern_1,24,4,255,#1804FF,30,0.90453889,0.09546111
pattern_1,24,8,255,#1808FF,24,0.90460031,0.09539969
pattern_1,24,16,255,#1810FF,2,0.90472315,0.09527685
pattern_1,24,28,255,#181CFF,7,0.90490741,0.09509259
pattern_1,24,32,255,#1820FF,6,0.90496883,0.09503117
pattern_1,24,48,255,#1830FF,11,0.90521451,0.09478549
pattern_1,24,81,255,#1851FF,2,0.90572122,0.09427878
pattern_1,27,0,252,#1B00FC,6,0.89319166,0.10680834
pattern_1,27,0,255,#1B00FF,207,0.89273101,0.10726899
pattern_1,27,77,252,#1B4DFC,2,0.89437398,0.10562602
pattern_1,27,79,249,#1B4FF9,1,0.89486534,0.10513466
pattern_1,27,82,252,#1B52FC,1,0.89445075,0.10554925
pattern_1,27,85,249,#1B55F9,1,0.89495747,0.10504253
pattern_1,28,0,251,#1C00FB,2,0.88942972,0.11057028
pattern_1,28,0,255,#1C00FF,43,0.88881553,0.11118447
pattern_1,30,0,249,#1E00F9,2,0.88190585,0.11809415
pattern_1,30,0,255,#1E00FF,36,0.88098455,0.11901545
pattern_1,30,63,252,#1E3FFC,1,0.88241255,0.11758745
pattern_1,30,83,252,#1E53FC,4,0.88271965,0.11728035
pattern_1,32,0,170,#2000AA,1,0.8862052,0.1137948
pattern_1,32,0,255,#2000FF,16,0.87315358,0.12684642
pattern_1,32,77,252,#204DFC,3,0.87479655,0.12520345
pattern_1,33,0,239,#2100EF,5,0.87169486,0.12830514
pattern_1,33,0,247,#2100F7,5,0.87046649,0.12953351
pattern_1,33,0,249,#2100F9,3,0.87015939,0.12984061
pattern_1,33,0,255,#2100FF,1324,0.86923809,0.13076191
pattern_1,33,4,255,#2104FF,46,0.86929952,0.13070048
pattern_1,33,8,255,#2108FF,6,0.86936092,0.13063908
pattern_1,33,28,255,#211CFF,5,0.86966802,0.13033198
pattern_1,33,32,255,#2120FF,5,0.86972944,0.13027056
pattern_1,33,48,255,#2130FF,8,0.86997512,0.13002488
pattern_1,33,52,255,#2134FF,2,0.87003654,0.12996346
pattern_1,35,0,249,#2300F9,9,0.86232841,0.13767159
pattern_1,35,0,255,#2300FF,50,0.86140712,0.13859288
pattern_1,35,69,252,#2345FC,1,0.86292724,0.13707276
pattern_1,35,78,252,#234EFC,1,0.86306544,0.13693456
pattern_1,35,79,252,#234FFC,2,0.8630808,0.1369192
pattern_1,35,87,252,#2357FC,1,0.86320363,0.13679637
pattern_1,37,0,251,#2500FB,14,0.85419033,0.14580967
pattern_1,37,0,255,#2500FF,48,0.85357614,0.14642386
pattern_1,38,0,244,#2600F4,1,0.8513497,0.1486503
pattern_1,38,0,249,#2600F9,4,0.85058194,0.14941806
pattern_1,38,0,252,#2600FC,3,0.8501213,0.1498787
pattern_1,38,0,255,#2600FF,213,0.84966066,0.15033934
pattern_1,38,35,255,#2623FF,1,0.85019808,0.14980192
pattern_1,38,66,252,#2642FC,2,0.85113472,0.14886528
pattern_1,38,70,252,#2646FC,1,0.85119614,0.14880386
pattern_1,38,75,252,#264BFC,1,0.85127291,0.14872709
pattern_1,38,85,249,#2655F9,2,0.85188711,0.14811289
pattern_1,41,0,247,#2900F7,30,0.83914259,0.16085741
pattern_1,41,0,249,#2900F9,4,0.83883549,0.16116451
pattern_1,41,0,251,#2900FB,3,0.83852839,0.16147161
pattern_1,41,0,255,#2900FF,824,0.8379142,0.1620858
pattern_1,41,4,255,#2904FF,25,0.83797562,0.16202438
pattern_1,41,16,255,#2910FF,3,0.83815987,0.16184013
pattern_1,41,18,255,#2912FF,16,0.83819059,0.16180941
pattern_1,41,20,255,#2914FF,2,0.8382213,0.1617787
pattern_1,41,65,255,#2941FF,1,0.83891226,0.16108774
pattern_1,43,78,252,#2B4EFC,2,0.83174154,0.16825846
pattern_1,44,0,247,#2C00F7,9,0.82739612,0.17260388
pattern_1,44,0,249,#2C00F9,12,0.82708903,0.17291097
pattern_1,44,0,252,#2C00FC,2,0.82662839,0.17337161
pattern_1,44,0,255,#2C00FF,185,0.82616773,0.17383227
pattern_1,44,10,255,#2C0AFF,3,0.82632129,0.17367871
pattern_1,44,79,252,#2C4FFC,3,0.82784142,0.17215858
pattern_1,44,89,249,#2C59F9,2,0.82845561,0.17154439
pattern_1,45,0,255,#2D00FF,101,0.82225224,0.17774776
pattern_1,46,0,244,#2E00F4,2,0.8200258,0.1799742
pattern_1,46,0,247,#2E00F7,28,0.81956515,0.18043485
pattern_1,46,0,255,#2E00FF,134,0.81833677,0.18166323
pattern_1,46,2,255,#2E02FF,1,0.81836747,0.18163253
pattern_1,46,68,252,#2E44FC,3,0.81984153,0.18015847
pattern_1,46,85,252,#2E55FC,2,0.82010257,0.17989743
pattern_1,46,89,249,#2E59F9,1,0.82062463,0.17937537
pattern_1,49,0,239,#3100EF,2,0.80904707,0.19095293
pattern_1,49,0,241,#3100F1,3,0.80873998,0.19126002
pattern_1,49,0,247,#3100F7,65,0.8078187,0.1921813
pattern_1,49,0,249,#3100F9,9,0.8075116,0.1924884
pattern_1,49,0,252,#3100FC,2,0.80705094,0.19294906
pattern_1,49,0,255,#3100FF,879,0.8065903,0.1934097
pattern_1,49,4,255,#3104FF,35,0.80665173,0.19334827
pattern_1,49,28,255,#311CFF,1,0.80702023,0.19297977
pattern_1,49,32,255,#3120FF,9,0.80708165,0.19291835
pattern_1,49,52,255,#3134FF,16,0.80738875,0.19261125
pattern_1,49,56,255,#3138FF,7,0.80745018,0.19254982
pattern_1,49,83,249,#3153F9,2,0.80878605,0.19121395
pattern_1,51,0,247,#3300F7,13,0.79998772,0.20001228
pattern_1,52,0,238,#3400EE,8,0.79745416,0.20254584
pattern_1,52,0,244,#3400F4,5,0.79653287,0.20346713
pattern_1,52,0,249,#3400F9,8,0.79576513,0.20423487
pattern_1,52,0,255,#3400FF,150,0.79484384,0.20515616
pattern_1,52,10,255,#340AFF,1,0.79499739,0.20500261
pattern_1,52,79,252,#344FFC,2,0.79651752,0.20348248
pattern_1,53,0,247,#3500F7,5,0.79215674,0.20784326
pattern_1,53,0,255,#3500FF,64,0.79092835,0.20907165
pattern_1,54,0,249,#3600F9,12,0.78793415,0.21206585
pattern_1,54,0,255,#3600FF,105,0.78701286,0.21298714
pattern_1,54,85,249,#3655F9,1,0.78923932,0.21076068
pattern_1,55,0,227,#3700E3,4,0.78739674,0.21260326
pattern_1,55,0,230,#3700E6,9,0.78693609,0.21306391
pattern_1,55,0,233,#3700E9,6,0.78647545,0.21352455
pattern_1,55,0,236,#3700EC,10,0.7860148,0.2139852
pattern_1,55,0,247,#3700F7,22,0.78432576,0.21567424
pattern_1,55,0,255,#3700FF,185,0.78309739,0.21690261
pattern_1,55,43,255,#372BFF,3,0.78375764,0.21624236
pattern_1,55,83,252,#3753FC,2,0.78483248,0.21516752
pattern_1,57,0,227,#3900E3,25,0.77956577,0.22043423
pattern_1,57,0,230,#3900E6,22,0.77910511,0.22089489
pattern_1,57,0,233,#3900E9,16,0.77864447,0.22135553
pattern_1,57,0,236,#3900EC,11,0.77818383,0.22181617
pattern_1,57,0,244,#3900F4,1,0.77695544,0.22304456
pattern_1,57,0,247,#3900F7,57,0.7764948,0.2235052
pattern_1,57,0,249,#3900F9,10,0.7761877,0.2238123
pattern_1,57,0,251,#3900FB,1,0.7758806,0.2241194
pattern_1,57,0,252,#3900FC,18,0.77572705,0.22427295
pattern_1,57,0,255,#3900FF,991,0.77526641,0.22473359
pattern_1,57,4,255,#3904FF,15,0.77532783,0.22467217
pattern_1,57,48,255,#3930FF,16,0.77600344,0.22399656
pattern_1,57,81,255,#3951FF,1,0.77651015,0.22348985
pattern_1,60,0,230,#3C00E6,46,0.76735866,0.23264134
pattern_1,60,0,233,#3C00E9,72,0.76689801,0.23310199
pattern_1,60,0,236,#3C00EC,11,0.76643737,0.23356263
pattern_1,60,0,244,#3C00F4,17,0.76520897,0.23479103
pattern_1,60,0,247,#3C00F7,15,0.76474833,0.23525167
pattern_1,60,0,249,#3C00F9,5,0.76444124,0.23555876
pattern_1,60,0,252,#3C00FC,1,0.7639806,0.2360194
pattern_1,60,0,255,#3C00FF,114,0.76351994,0.23648006
pattern_1,60,12,255,#3C0CFF,2,0.76370421,0.23629579
pattern_1,60,48,255,#3C30FF,14,0.76425698,0.23574302
pattern_1,60,58,252,#3C3AFC,1,0.76487118,0.23512882
pattern_1,60,75,252,#3C4BFC,3,0.7651322,0.2348678
pattern_1,61,2,255,#3D02FF,3,0.75963517,0.24036483
pattern_1,62,0,255,#3E00FF,20,0.75568897,0.24431103
pattern_1,63,0,227,#3F00E3,18,0.75607285,0.24392715
pattern_1,63,0,230,#3F00E6,6,0.75561219,0.24438781
pattern_1,63,0,233,#3F00E9,40,0.75515155,0.24484845
pattern_1,63,0,236,#3F00EC,88,0.7546909,0.2453091
pattern_1,63,0,238,#3F00EE,34,0.7543838,0.2456162
pattern_1,63,0,241,#3F00F1,16,0.75392316,0.24607684
pattern_1,63,0,244,#3F00F4,6,0.75346252,0.24653748
pattern_1,63,0,247,#3F00F7,7,0.75300187,0.24699813
pattern_1,63,0,249,#3F00F9,8,0.75269477,0.24730523
pattern_1,63,0,252,#3F00FC,1,0.75223413,0.24776587
pattern_1,63,0,255,#3F00FF,167,0.75177349,0.24822651
pattern_1,63,5,255,#3F05FF,2,0.75185026,0.24814974
pattern_1,63,44,255,#3F2CFF,3,0.7524491,0.2475509
pattern_1,63,48,255,#3F30FF,1,0.75251052,0.24748948
pattern_1,65,0,230,#4100E6,40,0.74778122,0.25221878
pattern_1,65,0,233,#4100E9,9,0.74732059,0.25267941
pattern_1,65,0,236,#4100EC,10,0.74685994,0.25314006
pattern_1,65,0,244,#4100F4,8,0.74563155,0.25436845
pattern_1,65,1,255,#4101FF,10,0.74395788,0.25604212
pattern_1,65,58,252,#413AFC,3,0.74529374,0.25470626
pattern_1,66,0,198,#4200C6,1,0.7487793,0.2512207
pattern_1,66,0,234,#4200EA,1,0.74325153,0.25674847
pattern_1,66,0,236,#4200EC,42,0.74294445,0.25705555
pattern_1,66,0,238,#4200EE,66,0.74263734,0.25736266
pattern_1,66,0,241,#4200F1,3,0.74217671,0.25782329
pattern_1,66,0,244,#4200F4,16,0.74171606,0.25828394
pattern_1,66,0,247,#4200F7,110,0.7412554,0.2587446
pattern_1,66,0,252,#4200FC,9,0.74048766,0.25951234
pattern_1,66,0,255,#4200FF,733,0.74002701,0.25997299
pattern_1,66,4,255,#4204FF,14,0.74008843,0.25991157
pattern_1,66,8,255,#4208FF,10,0.74014986,0.25985014
pattern_1,66,32,255,#4220FF,1,0.74051839,0.25948161
pattern_1,66,40,255,#4228FF,1,0.74064121,0.25935879
pattern_1,66,69,255,#4245FF,5,0.74108651,0.25891349
pattern_1,66,70,252,#4246FC,3,0.74156252,0.25843748
pattern_1,68,0,161,#4400A1,6,0.7466296,0.2533704
pattern_1,68,0,227,#4400E3,16,0.73649541,0.26350459
pattern_1,68,0,230,#4400E6,3,0.73603475,0.26396525
pattern_1,68,0,233,#4400E9,29,0.73557413,0.26442587
pattern_1,68,0,236,#4400EC,9,0.73511347,0.26488653
pattern_1,68,0,238,#4400EE,95,0.73480639,0.26519361
pattern_1,68,0,241,#4400F1,76,0.73434573,0.26565427
pattern_1,68,0,244,#4400F4,16,0.73388508,0.26611492
pattern_1,68,0,247,#4400F7,12,0.73342443,0.26657557
pattern_1,68,0,249,#4400F9,5,0.73311734,0.26688266
pattern_1,68,0,252,#4400FC,3,0.73265669,0.26734331
pattern_1,68,0,255,#4400FF,145,0.73219606,0.26780394
pattern_1,68,12,255,#440CFF,1,0.7323803,0.2676197
pattern_1,68,16,255,#4410FF,1,0.73244172,0.26755828
pattern_1,68,35,252,#4423FC,1,0.73319411,0.26680589
pattern_1,68,70,255,#4446FF,3,0.73327088,0.26672912
pattern_1,68,89,249,#4459F9,1,0.73448393,0.26551607
pattern_1,70,0,255,#4600FF,11,0.72436509,0.27563491
pattern_1,71,0,230,#4700E6,26,0.72428831,0.27571169
pattern_1,71,0,233,#4700E9,9,0.72382766,0.27617234
pattern_1,71,0,236,#4700EC,21,0.72336701,0.27663299
pattern_1,71,0,238,#4700EE,17,0.72305992,0.27694008
pattern_1,71,0,241,#4700F1,134,0.72259927,0.27740073
pattern_1,71,0,244,#4700F4,82,0.72213861,0.27786139
pattern_1,71,0,247,#4700F7,10,0.72167799,0.27832201
pattern_1,71,0,249,#4700F9,9,0.72137088,0.27862912
pattern_1,71,0,252,#4700FC,29,0.72091022,0.27908978
pattern_1,71,0,255,#4700FF,354,0.7204496,0.2795504
pattern_1,71,10,255,#470AFF,2,0.72060314,0.27939686
pattern_1,71,14,255,#470EFF,2,0.72066456,0.27933544
pattern_1,71,16,255,#4710FF,1,0.72069526,0.27930474
pattern_1,71,20,255,#4714FF,1,0.72075668,0.27924332
pattern_1,71,41,255,#4729FF,9,0.72107914,0.27892086
pattern_1,71,48,255,#4730FF,4,0.72118661,0.27881339
pattern_1,71,62,252,#473EFC,5,0.72186223,0.27813777
pattern_1,71,69,252,#4745FC,7,0.72196972,0.27803028
pattern_1,71,75,249,#474BF9,7,0.7225225,0.2774775
pattern_1,71,83,249,#4753F9,2,0.72264534,0.27735466
pattern_1,71,86,249,#4756F9,1,0.72269139,0.27730861
pattern_1,73,0,227,#4900E3,1,0.71691796,0.28308204
pattern_1,73,0,230,#4900E6,4,0.71645734,0.28354266
pattern_1,73,0,243,#4900F3,9,0.71446121,0.28553879
pattern_1,74,0,227,#4A00E3,1,0.71300247,0.28699753
pattern_1,74,0,231,#4A00E7,2,0.71238831,0.28761169
pattern_1,74,0,238,#4A00EE,23,0.71131346,0.28868654
pattern_1,74,0,239,#4A00EF,16,0.71115991,0.28884009
pattern_1,74,0,241,#4A00F1,7,0.7108528,0.2891472
pattern_1,74,0,244,#4A00F4,113,0.71039218,0.28960782
pattern_1,74,0,247,#4A00F7,193,0.70993152,0.29006848
pattern_1,74,0,249,#4A00F9,18,0.70962441,0.29037559
pattern_1,74,0,252,#4A00FC,15,0.70916378,0.29083622
pattern_1,74,0,255,#4A00FF,776,0.70870313,0.29129687
pattern_1,74,4,255,#4A04FF,3,0.70876455,0.29123545
pattern_1,74,6,255,#4A06FF,1,0.70879525,0.29120475
pattern_1,74,16,255,#4A10FF,2,0.70894882,0.29105118
pattern_1,74,18,255,#4A12FF,1,0.70897952,0.29102048
pattern_1,74,53,252,#4A35FC,1,0.70997757,0.29002243
pattern_1,74,78,255,#4A4EFF,6,0.7099008,0.2900992
pattern_1,76,0,230,#4C00E6,8,0.70471087,0.29528913
pattern_1,76,0,236,#4C00EC,26,0.70378959,0.29621041
pattern_1,76,0,238,#4C00EE,4,0.70348248,0.29651752
pattern_1,76,0,241,#4C00F1,27,0.70302182,0.29697818
pattern_1,76,0,244,#4C00F4,11,0.7025612,0.2974388
pattern_1,76,0,249,#4C00F9,1,0.70179343,0.29820657
pattern_1,76,0,255,#4C00FF,142,0.70087215,0.29912785
pattern_1,77,0,227,#4D00E3,8,0.70125604,0.29874396
pattern_1,77,0,247,#4D00F7,160,0.69818506,0.30181494
pattern_1,77,0,249,#4D00F9,74,0.69787797,0.30212203
pattern_1,77,0,252,#4D00FC,40,0.69741732,0.30258268
pattern_1,77,0,255,#4D00FF,444,0.69695666,0.30304334
pattern_1,77,21,255,#4D15FF,2,0.69727913,0.30272087
pattern_1,77,31,255,#4D1FFF,2,0.69743267,0.30256733
pattern_1,77,32,255,#4D20FF,1,0.69744802,0.30255198
pattern_1,77,37,255,#4D25FF,2,0.69752479,0.30247521
pattern_1,78,0,222,#4E00DE,2,0.69810829,0.30189171
pattern_1,78,0,234,#4E00EA,12,0.6962657,0.3037343
pattern_1,78,0,243,#4E00F3,8,0.69488376,0.30511624
pattern_1,78,0,255,#4E00FF,46,0.69304118,0.30695882
pattern_1,79,0,227,#4F00E3,1,0.69342506,0.30657494
pattern_1,79,0,230,#4F00E6,1,0.6929644,0.3070356
pattern_1,79,0,233,#4F00E9,21,0.69250375,0.30749625
pattern_1,79,0,236,#4F00EC,9,0.69204313,0.30795687
pattern_1,79,0,238,#4F00EE,12,0.69173601,0.30826399
pattern_1,79,0,239,#4F00EF,19,0.69158247,0.30841753
pattern_1,79,0,241,#4F00F1,6,0.69127539,0.30872461
pattern_1,79,0,244,#4F00F4,71,0.69081473,0.30918527
pattern_1,79,0,247,#4F00F7,15,0.69035408,0.30964592
pattern_1,79,0,249,#4F00F9,226,0.690047,0.309953
pattern_1,79,0,252,#4F00FC,110,0.68958634,0.31041366
pattern_1,79,0,255,#4F00FF,706,0.68912569,0.31087431
pattern_1,79,10,255,#4F0AFF,1,0.68927923,0.31072077
pattern_1,79,13,255,#4F0DFF,3,0.6893253,0.3106747
pattern_1,79,16,255,#4F10FF,1,0.68937138,0.31062862
pattern_1,79,21,255,#4F15FF,3,0.68944815,0.31055185
pattern_1,79,29,255,#4F1DFF,2,0.68957099,0.31042901
pattern_1,79,32,255,#4F20FF,4,0.68961704,0.31038296
pattern_1,79,35,255,#4F23FF,1,0.68966311,0.31033689
pattern_1,79,75,255,#4F4BFF,5,0.69027731,0.30972269
pattern_1,79,83,249,#4F53F9,21,0.69132143,0.30867857
pattern_1,79,83,255,#4F53FF,2,0.69040015,0.30959985
pattern_1,82,0,227,#5200E3,1,0.68167859,0.31832141
pattern_1,82,0,230,#5200E6,8,0.68121794,0.31878206
pattern_1,82,0,231,#5200E7,5,0.6810644,0.3189356
pattern_1,82,0,233,#5200E9,6,0.68075731,0.31924269
pattern_1,82,0,236,#5200EC,2,0.68029666,0.31970334
pattern_1,82,0,239,#5200EF,163,0.679836,0.320164
pattern_1,82,0,241,#5200F1,18,0.67952892,0.32047108
pattern_1,82,0,244,#5200F4,8,0.67906827,0.32093173
pattern_1,82,0,247,#5200F7,75,0.67860761,0.32139239
pattern_1,82,0,249,#5200F9,29,0.67830053,0.32169947
pattern_1,82,0,252,#5200FC,304,0.67783988,0.32216012
pattern_1,82,0,255,#5200FF,3076,0.67737922,0.32262078
pattern_1,82,1,255,#5201FF,11,0.6773946,0.3226054
pattern_1,82,4,255,#5204FF,24,0.67744064,0.32255936
pattern_1,82,6,255,#5206FF,6,0.67747137,0.32252863
pattern_1,82,8,255,#5208FF,15,0.67750207,0.32249793
pattern_1,82,10,255,#520AFF,11,0.67753279,0.32246721
pattern_1,82,12,255,#520CFF,2,0.67756349,0.32243651
pattern_1,82,13,255,#520DFF,4,0.67757884,0.32242116
pattern_1,82,14,255,#520EFF,1,0.67759421,0.32240579
pattern_1,82,18,255,#5212FF,3,0.67765561,0.32234439
pattern_1,82,21,255,#5215FF,8,0.67770168,0.32229832
pattern_1,82,24,255,#5218FF,2,0.67774776,0.32225224
pattern_1,82,29,255,#521DFF,4,0.67782453,0.32217547
pattern_1,82,32,255,#5220FF,3,0.6778706,0.3221294
pattern_1,82,34,255,#5222FF,12,0.6779013,0.3220987
pattern_1,82,37,255,#5225FF,3,0.67794737,0.32205263
pattern_1,82,40,255,#5228FF,6,0.67799342,0.32200658
pattern_1,82,43,255,#522BFF,2,0.67803949,0.32196051
pattern_1,82,46,255,#522EFF,2,0.67808557,0.32191443
pattern_1,82,56,195,#5238C3,4,0.68745202,0.31254798
pattern_1,82,59,255,#523BFF,1,0.67828518,0.32171482
pattern_1,82,62,255,#523EFF,1,0.67833123,0.32166877
pattern_1,82,68,249,#5244F9,2,0.67934465,0.32065535
pattern_1,82,70,252,#5246FC,7,0.67891473,0.32108527
pattern_1,82,82,249,#5252F9,1,0.67955962,0.32044038
pattern_1,82,83,249,#5253F9,5,0.67957497,0.32042503
pattern_1,82,83,255,#5253FF,1,0.67865369,0.32134631
pattern_1,84,0,238,#5400EE,4,0.6721586,0.3278414
pattern_1,84,0,239,#5400EF,2,0.67200503,0.32799497
pattern_1,84,0,241,#5400F1,8,0.67169794,0.32830206
pattern_1,84,0,244,#5400F4,20,0.67123729,0.32876271
pattern_1,84,0,247,#5400F7,1,0.67077664,0.32922336
pattern_1,84,0,255,#5400FF,17,0.66954827,0.33045173
pattern_1,85,0,214,#5500D6,8,0.67192826,0.32807174
pattern_1,85,0,216,#5500D8,3,0.67162117,0.32837883
pattern_1,85,0,227,#5500E3,2,0.66993213,0.33006787
pattern_1,85,0,249,#5500F9,62,0.66655406,0.33344594
pattern_1,85,0,252,#5500FC,25,0.66609341,0.33390659
pattern_1,85,0,255,#5500FF,5852,0.66563278,0.33436722
pattern_1,85,8,255,#5508FF,7,0.6657556,0.3342444
pattern_1,85,10,255,#550AFF,5,0.66578633,0.33421367
pattern_1,85,13,255,#550DFF,11,0.6658324,0.3341676
pattern_1,85,14,255,#550EFF,4,0.66584775,0.33415225
pattern_1,85,16,255,#5510FF,4,0.66587844,0.33412156
pattern_1,85,17,255,#5511FF,1,0.66589379,0.33410621
pattern_1,85,18,239,#5512EF,1,0.66836593,0.33163407
pattern_1,85,18,255,#5512FF,9,0.66590917,0.33409083
pattern_1,85,21,255,#5515FF,7,0.66595522,0.33404478
pattern_1,85,24,255,#5518FF,10,0.66600129,0.33399871
pattern_1,85,26,255,#551AFF,4,0.66603199,0.33396801
pattern_1,85,28,255,#551CFF,4,0.66606271,0.33393729
pattern_1,85,30,255,#551EFF,1,0.66609341,0.33390659
pattern_1,85,32,255,#5520FF,3,0.66612414,0.33387586
pattern_1,85,34,255,#5522FF,1,0.66615483,0.33384517
pattern_1,85,36,255,#5524FF,7,0.66618556,0.33381444
pattern_1,85,37,255,#5525FF,1,0.66620091,0.33379909
pattern_1,85,41,255,#5529FF,1,0.66626233,0.33373767
pattern_1,85,42,255,#552AFF,4,0.66627768,0.33372232
pattern_1,85,46,255,#552EFF,7,0.6663391,0.3336609
pattern_1,85,47,255,#552FFF,2,0.66635445,0.33364555
pattern_1,85,50,255,#5532FF,6,0.66640052,0.33359948
pattern_1,85,51,255,#5533FF,5,0.66641587,0.33358413
pattern_1,85,56,255,#5538FF,1,0.66649264,0.33350736
pattern_1,85,58,255,#553AFF,2,0.66652337,0.33347663
pattern_1,85,71,255,#5547FF,3,0.66672295,0.33327705
pattern_1,85,75,255,#554BFF,1,0.66678438,0.33321562
pattern_1,85,78,255,#554EFF,3,0.66683045,0.33316955
pattern_1,85,83,255,#5553FF,2,0.66690722,0.33309278
pattern_1,86,0,214,#5600D6,5,0.66801277,0.33198723
pattern_1,86,0,218,#5600DA,10,0.66739857,0.33260143
pattern_1,86,0,243,#5600F3,21,0.66355985,0.33644015
pattern_1,86,0,247,#5600F7,2,0.66294569,0.33705431
pattern_1,86,0,251,#5600FB,2,0.66233149,0.33766851
pattern_1,86,0,255,#5600FF,8,0.6617173,0.3382827
pattern_1,87,0,227,#5700E3,2,0.66210115,0.33789885
pattern_1,87,0,233,#5700E9,1,0.66117987,0.33882013
pattern_1,87,0,238,#5700EE,3,0.66041213,0.33958787
pattern_1,87,0,241,#5700F1,2,0.65995148,0.34004852
pattern_1,87,0,244,#5700F4,16,0.65949082,0.34050918
pattern_1,87,0,247,#5700F7,22,0.6590302,0.3409698
pattern_1,87,0,249,#5700F9,7,0.65872309,0.34127691
pattern_1,87,0,252,#5700FC,74,0.65826243,0.34173757
pattern_1,87,0,255,#5700FF,329,0.65780181,0.34219819
pattern_1,87,4,255,#5704FF,2,0.65786323,0.34213677
pattern_1,87,6,255,#5706FF,4,0.65789393,0.34210607
pattern_1,87,17,255,#5711FF,4,0.65806285,0.34193715
pattern_1,87,24,255,#5718FF,1,0.65817031,0.34182969
pattern_1,87,59,255,#573BFF,1,0.65870774,0.34129226
pattern_1,88,0,170,#5800AA,4,0.66693795,0.33306205
pattern_1,88,0,236,#5800EC,13,0.65680373,0.34319627
pattern_1,88,0,238,#5800EE,1,0.65649664,0.34350336
pattern_1,88,0,239,#5800EF,17,0.6563431,0.3436569
pattern_1,88,0,244,#5800F4,2,0.65557534,0.34442466
pattern_1,88,0,249,#5800F9,6,0.6548076,0.3451924
pattern_1,88,0,252,#5800FC,1,0.65434697,0.34565303
pattern_1,88,0,255,#5800FF,89,0.65388632,0.34611368
pattern_1,88,5,255,#5805FF,1,0.65396309,0.34603691
pattern_1,88,69,252,#5845FC,6,0.65540645,0.34459355
pattern_1,88,78,249,#584EF9,4,0.65600529,0.34399471
pattern_1,88,83,249,#5853F9,2,0.65608206,0.34391794
pattern_1,90,0,214,#5A00D6,7,0.65235081,0.34764919
pattern_1,90,0,218,#5A00DA,7,0.65173665,0.34826335
pattern_1,90,0,222,#5A00DE,1,0.65112245,0.34887755
pattern_1,90,0,226,#5A00E2,3,0.65050825,0.34949175
pattern_1,90,0,227,#5A00E3,4,0.65035468,0.34964532
pattern_1,90,0,231,#5A00E7,12,0.64974052,0.35025948
pattern_1,90,0,233,#5A00E9,13,0.6494334,0.3505666
pattern_1,90,0,236,#5A00EC,1,0.64897275,0.35102725
pattern_1,90,0,238,#5A00EE,11,0.64866567,0.35133433
pattern_1,90,0,239,#5A00EF,113,0.64851213,0.35148787
pattern_1,90,0,241,#5A00F1,8,0.64820501,0.35179499
pattern_1,90,0,244,#5A00F4,8,0.64774436,0.35225564
pattern_1,90,0,247,#5A00F7,53,0.64728373,0.35271627
pattern_1,90,0,249,#5A00F9,23,0.64697662,0.35302338
pattern_1,90,0,251,#5A00FB,2,0.64666954,0.35333046
pattern_1,90,0,252,#5A00FC,26,0.646516,0.353484
pattern_1,90,0,255,#5A00FF,2816,0.64605534,0.35394466
pattern_1,90,4,255,#5A04FF,6,0.64611676,0.35388324
pattern_1,90,14,255,#5A0EFF,1,0.6462703,0.3537297
pattern_1,90,16,255,#5A10FF,3,0.64630103,0.35369897
pattern_1,90,18,255,#5A12FF,1,0.64633173,0.35366827
pattern_1,90,24,255,#5A18FF,7,0.64642385,0.35357615
pattern_1,90,28,255,#5A1CFF,14,0.64648527,0.35351473
pattern_1,90,32,255,#5A20FF,2,0.64654669,0.35345331
pattern_1,90,34,255,#5A22FF,1,0.64657742,0.35342258
pattern_1,90,48,255,#5A30FF,2,0.64679238,0.35320762
pattern_1,90,50,255,#5A32FF,1,0.64682308,0.35317692
pattern_1,90,55,255,#5A37FF,3,0.64689985,0.35310015
pattern_1,90,72,255,#5A48FF,1,0.64716089,0.35283911
pattern_1,90,73,243,#5A49F3,6,0.64901882,0.35098118
pattern_1,90,79,255,#5A4FFF,2,0.64726838,0.35273162
pattern_1,93,0,230,#5D00E6,7,0.63814759,0.36185241
pattern_1,93,0,233,#5D00E9,2,0.63768694,0.36231306
pattern_1,93,0,236,#5D00EC,2,0.63722631,0.36277369
pattern_1,93,0,239,#5D00EF,8,0.63676566,0.36323434
pattern_1,93,0,241,#5D00F1,12,0.63645855,0.36354145
pattern_1,93,0,244,#5D00F4,4,0.63599792,0.36400208
pattern_1,93,0,247,#5D00F7,30,0.63553727,0.36446273
pattern_1,93,0,249,#5D00F9,4,0.63523018,0.36476982
pattern_1,93,0,252,#5D00FC,38,0.63476953,0.36523047
pattern_1,93,0,255,#5D00FF,244,0.63430887,0.36569113
pattern_1,93,1,255,#5D01FF,4,0.63432422,0.36567578
pattern_1,93,37,255,#5D25FF,1,0.634877,0.365123
pattern_1,93,56,255,#5D38FF,2,0.63516876,0.36483124
pattern_1,94,0,218,#5E00DA,8,0.63607469,0.36392531
pattern_1,94,0,222,#5E00DE,12,0.6354605,0.3645395
pattern_1,94,0,234,#5E00EA,2,0.63361791,0.36638209
pattern_1,94,0,255,#5E00FF,12,0.63039339,0.36960661
pattern_1,94,58,255,#5E3AFF,7,0.63128397,0.36871603
pattern_1,94,75,251,#5E4BFB,2,0.6321592,0.3678408
pattern_1,95,0,227,#5F00E3,6,0.63077727,0.36922273
pattern_1,95,0,249,#5F00F9,27,0.62739921,0.37260079
pattern_1,95,0,255,#5F00FF,868,0.6264779,0.3735221
pattern_1,95,25,255,#5F19FF,4,0.62686178,0.37313822
pattern_1,95,36,255,#5F24FF,1,0.62703067,0.37296933
pattern_1,95,51,255,#5F33FF,1,0.62726101,0.37273899
pattern_1,95,83,255,#5F53FF,1,0.62775236,0.37224764
pattern_1,96,0,238,#6000EE,1,0.62517273,0.37482727
pattern_1,96,0,241,#6000F1,3,0.62471211,0.37528789
pattern_1,96,0,244,#6000F4,7,0.62425146,0.37574854
pattern_1,96,0,247,#6000F7,12,0.6237908,0.3762092
pattern_1,96,0,255,#6000FF,11,0.62256241,0.37743759
pattern_1,98,0,170,#6200AA,1,0.62778306,0.37221694
pattern_1,98,0,175,#6200AF,4,0.62701532,0.37298468
pattern_1,98,0,214,#6200D6,1,0.62102693,0.37897307
pattern_1,98,0,218,#6200DA,7,0.62041274,0.37958726
pattern_1,98,0,222,#6200DE,4,0.61979854,0.38020146
pattern_1,98,0,227,#6200E3,9,0.6190308,0.3809692
pattern_1,98,0,230,#6200E6,4,0.61857015,0.38142985
pattern_1,98,0,233,#6200E9,4,0.61810952,0.38189048
pattern_1,98,0,236,#6200EC,10,0.61764887,0.38235113
pattern_1,98,0,241,#6200F1,1,0.61688113,0.38311887
pattern_1,98,0,244,#6200F4,4,0.61642048,0.38357952
pattern_1,98,0,249,#6200F9,3,0.61565274,0.38434726
pattern_1,98,0,252,#6200FC,37,0.61519209,0.38480791
pattern_1,98,0,255,#6200FF,122,0.61473143,0.38526857
pattern_1,98,32,255,#6220FF,2,0.61522281,0.38477719
pattern_1,98,70,252,#6246FC,5,0.61626694,0.38373306
pattern_1,99,0,226,#6300E2,22,0.61526886,0.38473114
pattern_1,99,0,230,#6300E6,8,0.61465466,0.38534534
pattern_1,99,0,231,#6300E7,4,0.61450112,0.38549888
pattern_1,99,0,233,#6300E9,6,0.61419404,0.38580596
pattern_1,99,0,238,#6300EE,9,0.61342627,0.38657373
pattern_1,99,0,239,#6300EF,21,0.61327273,0.38672727
pattern_1,99,0,247,#6300F7,38,0.61204433,0.38795567
pattern_1,99,0,255,#6300FF,551,0.61081594,0.38918406
pattern_1,99,4,255,#6304FF,2,0.61087736,0.38912264
pattern_1,99,44,255,#632CFF,3,0.61149156,0.38850844
pattern_1,99,69,255,#6345FF,4,0.61187544,0.38812456
pattern_1,101,0,211,#6500D3,2,0.60974112,0.39025888
pattern_1,101,0,222,#6500DE,2,0.60805207,0.39194793
pattern_1,101,0,227,#6500E3,4,0.60728434,0.39271566
pattern_1,101,0,233,#6500E9,11,0.60636306,0.39363694
pattern_1,101,0,238,#6500EE,14,0.60559532,0.39440468
pattern_1,101,0,241,#6500F1,1,0.60513467,0.39486533
pattern_1,101,0,244,#6500F4,12,0.60467401,0.39532599
pattern_1,101,0,249,#6500F9,22,0.60390627,0.39609373
pattern_1,101,0,252,#6500FC,13,0.60344562,0.39655438
pattern_1,101,0,255,#6500FF,425,0.60298499,0.39701501
pattern_1,101,24,255,#6518FF,1,0.6033535,0.3966465
pattern_1,101,54,255,#6536FF,2,0.60381415,0.39618585
pattern_1,101,68,255,#6544FF,1,0.60402912,0.39597088
pattern_1,101,79,252,#654FFC,4,0.60465866,0.39534134
pattern_1,103,0,230,#6700E6,12,0.59899274,0.40100726
pattern_1,103,0,234,#6700EA,12,0.59837854,0.40162146
pattern_1,103,0,238,#6700EE,1,0.59776434,0.40223566
pattern_1,103,0,255,#6700FF,56,0.59515402,0.40484598
pattern_1,104,0,222,#6800DE,10,0.59630561,0.40369439
pattern_1,104,0,233,#6800E9,5,0.59461659,0.40538341
pattern_1,104,0,236,#6800EC,5,0.59415594,0.40584406
pattern_1,104,0,241,#6800F1,3,0.5933882,0.4066118
pattern_1,104,0,244,#6800F4,13,0.59292755,0.40707245
pattern_1,104,0,247,#6800F7,1,0.59246692,0.40753308
pattern_1,104,0,249,#6800F9,3,0.59215981,0.40784019
pattern_1,104,0,252,#6800FC,23,0.59169915,0.40830085
pattern_1,104,0,255,#6800FF,151,0.59123853,0.40876147
pattern_1,104,5,255,#6805FF,2,0.5913153,0.4086847
pattern_1,106,0,244,#6A00F4,2,0.58509657,0.41490343
pattern_1,106,0,247,#6A00F7,2,0.58463594,0.41536406
pattern_1,106,0,255,#6A00FF,20,0.58340755,0.41659245
pattern_1,107,0,214,#6B00D6,1,0.58578756,0.41421244
pattern_1,107,0,216,#6B00D8,1,0.58548045,0.41451955
pattern_1,107,0,222,#6B00DE,9,0.58455917,0.41544083
pattern_1,107,0,225,#6B00E1,4,0.58409852,0.41590148
pattern_1,107,0,227,#6B00E3,8,0.5837914,0.4162086
pattern_1,107,0,230,#6B00E6,6,0.58333078,0.41666922
pattern_1,107,0,231,#6B00E7,15,0.58317724,0.41682276
pattern_1,107,0,234,#6B00EA,32,0.58271658,0.41728342
pattern_1,107,0,238,#6B00EE,10,0.58210239,0.41789761
pattern_1,107,0,239,#6B00EF,14,0.58194885,0.41805115
pattern_1,107,0,247,#6B00F7,35,0.58072045,0.41927955
pattern_1,107,0,249,#6B00F9,8,0.58041334,0.41958666
pattern_1,107,0,251,#6B00FB,14,0.58010626,0.41989374
pattern_1,107,0,255,#6B00FF,835,0.57949206,0.42050794
pattern_1,107,4,255,#6B04FF,12,0.57955348,0.42044652
pattern_1,107,20,255,#6B14FF,2,0.57979915,0.42020085
pattern_1,107,48,255,#6B30FF,5,0.5802291,0.4197709
pattern_1,107,69,255,#6B45FF,3,0.58055153,0.41944847
pattern_1,109,0,208,#6D00D0,4,0.57887787,0.42112213
pattern_1,109,0,225,#6D00E1,1,0.57626754,0.42373246
pattern_1,109,0,230,#6D00E6,25,0.5754998,0.4245002
pattern_1,109,0,238,#6D00EE,3,0.57427141,0.42572859
pattern_1,109,0,241,#6D00F1,19,0.57381076,0.42618924
pattern_1,109,0,247,#6D00F7,22,0.57288948,0.42711052
pattern_1,109,0,249,#6D00F9,4,0.57258236,0.42741764
pattern_1,109,0,252,#6D00FC,15,0.57212174,0.42787826
pattern_1,109,0,255,#6D00FF,11,0.57166108,0.42833892
pattern_1,110,0,181,#6E00B5,6,0.57910818,0.42089182
pattern_1,110,0,200,#6E00C8,4,0.57619077,0.42380923
pattern_1,110,0,205,#6E00CD,5,0.57542303,0.42457697
pattern_1,110,0,211,#6E00D3,6,0.57450172,0.42549828
pattern_1,110,0,217,#6E00D9,30,0.57358044,0.42641956
pattern_1,110,0,230,#6E00E6,2,0.57158431,0.42841569
pattern_1,110,0,236,#6E00EC,8,0.57066303,0.42933697
pattern_1,110,0,238,#6E00EE,4,0.57035592,0.42964408
pattern_1,110,0,239,#6E00EF,17,0.57020238,0.42979762
pattern_1,110,0,255,#6E00FF,214,0.5677456,0.4322544
pattern_1,110,1,255,#6E01FF,9,0.56776094,0.43223906
pattern_1,110,62,252,#6E3EFC,3,0.56915826,0.43084174
pattern_1,110,65,252,#6E41FC,5,0.5692043,0.4307957
pattern_1,110,74,252,#6E4AFC,2,0.56934249,0.43065751
pattern_1,110,86,255,#6E56FF,5,0.56906611,0.43093389
pattern_1,111,0,226,#6F00E2,2,0.56828302,0.43171698
pattern_1,111,0,234,#6F00EA,1,0.56705463,0.43294537
pattern_1,111,0,238,#6F00EE,22,0.56644043,0.43355957
pattern_1,111,0,243,#6F00F3,24,0.5656727,0.4343273
pattern_1,111,0,247,#6F00F7,4,0.5650585,0.4349415
pattern_1,111,0,255,#6F00FF,20,0.56383011,0.43616989
pattern_1,111,12,255,#6F0CFF,1,0.56401438,0.43598562
pattern_1,112,0,208,#7000D0,2,0.5671314,0.4328686
pattern_1,112,0,214,#7000D6,12,0.56621012,0.43378988
pattern_1,112,0,227,#7000E3,2,0.56421399,0.43578601
pattern_1,112,0,233,#7000E9,7,0.56329268,0.43670732
pattern_1,112,0,244,#7000F4,15,0.56160367,0.43839633
pattern_1,112,0,249,#7000F9,14,0.56083593,0.43916407
pattern_1,112,0,255,#7000FF,189,0.55991462,0.44008538
pattern_1,112,1,247,#7001F7,16,0.56115836,0.43884164
pattern_1,112,43,255,#702BFF,3,0.56057489,0.43942511
pattern_1,115,0,172,#7300AC,5,0.5609127,0.4390873
pattern_1,115,0,181,#7300B5,4,0.55953076,0.44046924
pattern_1,115,0,200,#7300C8,14,0.55661333,0.44338667
pattern_1,115,0,205,#7300CD,28,0.55584559,0.44415441
pattern_1,115,0,211,#7300D3,12,0.55492431,0.44507569
pattern_1,115,0,214,#7300D6,3,0.55446365,0.44553635
pattern_1,115,0,217,#7300D9,16,0.554003,0.445997
pattern_1,115,0,218,#7300DA,12,0.55384946,0.44615054
pattern_1,115,0,222,#7300DE,61,0.55323526,0.44676474
pattern_1,115,0,227,#7300E3,1,0.55246753,0.44753247
pattern_1,115,0,230,#7300E6,26,0.55200687,0.44799313
pattern_1,115,0,231,#7300E7,44,0.55185333,0.44814667
pattern_1,115,0,233,#7300E9,2,0.55154625,0.44845375
pattern_1,115,0,236,#7300EC,3,0.55108559,0.44891441
pattern_1,115,0,238,#7300EE,5,0.55077848,0.44922152
pattern_1,115,0,239,#7300EF,30,0.55062494,0.44937506
pattern_1,115,0,241,#7300F1,25,0.55031785,0.44968215
pattern_1,115,0,243,#7300F3,68,0.55001074,0.44998926
pattern_1,115,0,244,#7300F4,10,0.5498572,0.4501428
pattern_1,115,0,247,#7300F7,62,0.54939654,0.45060346
pattern_1,115,0,249,#7300F9,2,0.54908946,0.45091054
pattern_1,115,0,252,#7300FC,23,0.54862881,0.45137119
pattern_1,115,0,255,#7300FF,567,0.54816815,0.45183185
pattern_1,115,24,255,#7318FF,1,0.54853669,0.45146331
pattern_1,115,28,255,#731CFF,6,0.54859811,0.45140189
pattern_1,117,0,217,#7500D9,1,0.54617202,0.45382798
pattern_1,117,0,227,#7500E3,6,0.54463655,0.45536345
pattern_1,117,0,249,#7500F9,37,0.54125848,0.45874152
pattern_1,117,0,252,#7500FC,1,0.54079783,0.45920217
pattern_1,117,0,255,#7500FF,243,0.5403372,0.4596628
pattern_1,117,37,255,#7525FF,3,0.54090533,0.45909467
pattern_1,118,0,200,#7600C8,20,0.54486686,0.45513314
pattern_1,118,0,205,#7600CD,6,0.54409912,0.45590088
pattern_1,118,0,217,#7600D9,4,0.54225653,0.45774347
pattern_1,118,0,222,#7600DE,5,0.5414888,0.4585112
pattern_1,118,0,227,#7600E3,5,0.54072106,0.45927894
pattern_1,118,0,233,#7600E9,5,0.53979978,0.46020022
pattern_1,118,0,244,#7600F4,5,0.53811073,0.46188927
pattern_1,118,0,255,#7600FF,8,0.53642172,0.46357828
pattern_1,118,78,252,#764EFC,2,0.53808004,0.46191996
pattern_1,118,82,249,#7652F9,5,0.53860208,0.46139792
pattern_1,118,83,249,#7653F9,4,0.53861746,0.46138254
pattern_1,119,0,218,#7700DA,1,0.5381875,0.4618125
pattern_1,119,0,243,#7700F3,2,0.53434882,0.46565118
pattern_1,119,0,247,#7700F7,49,0.53373462,0.46626538
pattern_1,119,0,251,#7700FB,8,0.53312042,0.46687958
pattern_1,119,0,255,#7700FF,71,0.53250623,0.46749377
pattern_1,120,0,175,#7800AF,8,0.5408746,0.4591254
pattern_1,120,0,200,#7800C8,22,0.53703591,0.46296409
pattern_1,120,0,205,#7800CD,49,0.53626814,0.46373186
pattern_1,120,0,211,#7800D3,63,0.53534687,0.46465313
pattern_1,120,0,217,#7800D9,10,0.53442559,0.46557441
pattern_1,120,0,219,#7800DB,1,0.53411847,0.46588153
pattern_1,120,0,225,#7800E1,3,0.53319719,0.46680281
pattern_1,120,0,227,#7800E3,3,0.53289008,0.46710992
pattern_1,120,0,228,#7800E4,3,0.53273654,0.46726346
pattern_1,120,0,230,#7800E6,4,0.53242946,0.46757054
pattern_1,120,0,233,#7800E9,4,0.5319688,0.4680312
pattern_1,120,0,239,#7800EF,11,0.53104749,0.46895251
pattern_1,120,0,241,#7800F1,5,0.53074041,0.46925959
pattern_1,120,0,244,#7800F4,6,0.53027976,0.46972024
pattern_1,120,0,249,#7800F9,3,0.52951202,0.47048798
pattern_1,120,0,252,#7800FC,17,0.52905136,0.47094864
pattern_1,120,0,255,#7800FF,132,0.52859074,0.47140926
pattern_1,121,0,200,#7900C8,4,0.53312042,0.46687958
pattern_1,121,0,241,#7900F1,1,0.52682492,0.47317508
pattern_1,121,0,247,#7900F7,2,0.52590364,0.47409636
pattern_1,121,0,255,#7900FF,8,0.52467525,0.47532475
pattern_1,121,83,249,#7953F9,4,0.526871,0.473129
pattern_1,123,0,198,#7B00C6,8,0.52559653,0.47440347
pattern_1,123,0,200,#7B00C8,3,0.52528945,0.47471055
pattern_1,123,0,205,#7B00CD,45,0.52452171,0.47547829
pattern_1,123,0,206,#7B00CE,1,0.52436814,0.47563186
pattern_1,123,0,211,#7B00D3,7,0.5236004,0.4763996
pattern_1,123,0,214,#7B00D6,27,0.52313974,0.47686026
pattern_1,123,0,216,#7B00D8,1,0.52283266,0.47716734
pattern_1,123,0,217,#7B00D9,8,0.52267912,0.47732088
pattern_1,123,0,222,#7B00DE,15,0.52191138,0.47808862
pattern_1,123,0,227,#7B00E3,1,0.52114362,0.47885638
pattern_1,123,0,231,#7B00E7,83,0.52052945,0.47947055
pattern_1,123,0,233,#7B00E9,5,0.52022234,0.47977766
pattern_1,123,0,238,#7B00EE,3,0.5194546,0.4805454
pattern_1,123,0,239,#7B00EF,11,0.51930106,0.48069894
pattern_1,123,0,244,#7B00F4,6,0.51853332,0.48146668
pattern_1,123,0,247,#7B00F7,46,0.51807266,0.48192734
pattern_1,123,0,251,#7B00FB,48,0.51745847,0.48254153
pattern_1,123,0,252,#7B00FC,6,0.51730493,0.48269507
pattern_1,123,0,255,#7B00FF,1147,0.51684427,0.48315573
pattern_1,123,14,255,#7B0EFF,2,0.51705924,0.48294076
pattern_1,123,18,255,#7B12FF,1,0.51712066,0.48287934
pattern_1,123,36,255,#7B24FF,1,0.51739705,0.48260295
pattern_1,123,67,255,#7B43FF,1,0.51787305,0.48212695
pattern_1,126,0,200,#7E00C8,1,0.51354298,0.48645702
pattern_1,126,0,205,#7E00CD,48,0.51277524,0.48722476
pattern_1,126,0,211,#7E00D3,42,0.51185393,0.48814607
pattern_1,126,0,217,#7E00D9,53,0.51093265,0.48906735
pattern_1,126,0,222,#7E00DE,21,0.51016492,0.48983508
pattern_1,126,0,225,#7E00E1,4,0.50970426,0.49029574
pattern_1,126,0,227,#7E00E3,6,0.50939718,0.49060282
pattern_1,126,0,230,#7E00E6,1,0.50893652,0.49106348
pattern_1,126,0,233,#7E00E9,20,0.50847587,0.49152413
pattern_1,126,0,239,#7E00EF,9,0.50755459,0.49244541
pattern_1,126,0,244,#7E00F4,14,0.50678685,0.49321315
pattern_1,126,0,247,#7E00F7,14,0.5063262,0.4936738
pattern_1,126,0,249,#7E00F9,3,0.50601912,0.49398088
pattern_1,126,0,252,#7E00FC,27,0.50555846,0.49444154
pattern_1,126,0,255,#7E00FF,146,0.50509781,0.49490219
pattern_1,126,70,252,#7E46FC,7,0.50663328,0.49336672
pattern_1,126,74,252,#7E4AFC,8,0.5066947,0.4933053
pattern_1,126,79,249,#7E4FF9,5,0.50723213,0.49276787
pattern_1,127,0,214,#7F00D6,6,0.50747782,0.49252218
pattern_1,127,0,218,#7F00DA,5,0.50686362,0.49313638
pattern_1,127,0,230,#7F00E6,2,0.50502104,0.49497896
pattern_1,127,0,234,#7F00EA,4,0.50440684,0.49559316
pattern_1,127,0,243,#7F00F3,6,0.50302491,0.49697509
pattern_1,127,0,247,#7F00F7,1,0.50241071,0.49758929
pattern_1,127,0,251,#7F00FB,1,0.50179651,0.49820349
pattern_1,127,0,255,#7F00FF,2081,0.50118232,0.49881768
pattern_1,127,6,255,#7F06FF,3,0.50127447,0.49872553
pattern_1,127,8,255,#7F08FF,4,0.50130516,0.49869484
pattern_1,127,14,255,#7F0EFF,4,0.50139728,0.49860272
pattern_1,127,16,234,#7F10EA,8,0.50465253,0.49534747
pattern_1,127,16,255,#7F10FF,1,0.50142801,0.49857199
pattern_1,127,20,255,#7F14FF,3,0.50148943,0.49851057
pattern_1,127,26,255,#7F1AFF,1,0.50158155,0.49841845
pattern_1,127,30,255,#7F1EFF,2,0.50164297,0.49835703
pattern_1,127,32,255,#7F20FF,2,0.50167367,0.49832633
pattern_1,127,36,255,#7F24FF,1,0.50173509,0.49826491
pattern_1,127,38,255,#7F26FF,1,0.50176582,0.49823418
pattern_1,127,42,255,#7F2AFF,1,0.50182724,0.49817276
pattern_1,127,48,255,#7F30FF,1,0.50191936,0.49808064
pattern_1,127,56,255,#7F38FF,1,0.5020422,0.4979578
pattern_1,128,0,205,#8000CD,11,0.50494426,0.49505574
pattern_1,128,0,208,#8000D0,8,0.50448361,0.49551639
pattern_1,128,0,211,#8000D3,25,0.50402299,0.49597701
pattern_1,128,0,217,#8000D9,6,0.50310168,0.49689832
pattern_1,128,0,241,#8000F1,1,0.49941653,0.50058347
pattern_1,128,0,244,#8000F4,13,0.49895585,0.50104415
pattern_1,128,0,255,#8000FF,31,0.49726683,0.50273317
pattern_1,129,0,200,#8100C8,1,0.50179651,0.49820349
pattern_1,129,0,219,#8100DB,1,0.49887908,0.50112092
pattern_1,129,0,244,#8100F4,1,0.49504036,0.50495964
pattern_1,129,0,249,#8100F9,8,0.49427265,0.50572735
pattern_1,129,0,255,#8100FF,177,0.49335134,0.50664866
pattern_1,129,21,255,#8115FF,1,0.4936738,0.5063262
pattern_1,131,0,200,#8300C8,5,0.49396557,0.50603443
pattern_1,131,0,205,#8300CD,10,0.4931978,0.5068022
pattern_1,131,0,211,#8300D3,6,0.49227649,0.50772351
pattern_1,131,0,214,#8300D6,2,0.49181587,0.50818413
pattern_1,131,0,217,#8300D9,1,0.49135524,0.50864476
pattern_1,131,0,219,#8300DB,1,0.4910481,0.5089519
pattern_1,131,0,227,#8300E3,5,0.48981971,0.51018029
pattern_1,131,0,233,#8300E9,1,0.48889846,0.51110154
pattern_1,131,0,239,#8300EF,3,0.48797715,0.51202285
pattern_1,131,0,247,#8300F7,15,0.48674875,0.51325125
pattern_1,131,0,251,#8300FB,5,0.48613459,0.51386541
pattern_1,131,0,252,#8300FC,11,0.48598105,0.51401895
pattern_1,131,0,255,#8300FF,446,0.48552036,0.51447964
pattern_1,131,2,255,#8302FF,20,0.48555106,0.51444894
pattern_1,131,14,255,#830EFF,3,0.48573536,0.51426464
pattern_1,131,42,255,#832AFF,1,0.48616529,0.51383471
pattern_1,131,48,255,#8330FF,2,0.48625743,0.51374257
pattern_1,131,52,255,#8334FF,2,0.48631883,0.51368117
pattern_1,131,56,255,#8338FF,4,0.48638022,0.51361978
pattern_1,131,58,255,#833AFF,3,0.48641098,0.51358902
pattern_1,132,0,170,#8400AA,6,0.4946565,0.5053435
pattern_1,132,0,198,#8400C6,13,0.49035716,0.50964284
pattern_1,132,0,214,#8400D6,55,0.48790038,0.51209962
pattern_1,132,0,217,#8400D9,42,0.48743975,0.51256025
pattern_1,132,0,222,#8400DE,62,0.48667198,0.51332802
pattern_1,132,0,225,#8400E1,3,0.48621136,0.51378864
pattern_1,132,0,227,#8400E3,6,0.48590428,0.51409572
pattern_1,132,0,230,#8400E6,1,0.48544359,0.51455641
pattern_1,132,0,231,#8400E7,15,0.48529005,0.51470995
pattern_1,132,0,233,#8400E9,12,0.48498297,0.51501703
pattern_1,132,0,238,#8400EE,1,0.4842152,0.5157848
pattern_1,132,0,239,#8400EF,18,0.48406166,0.51593834
pattern_1,132,0,247,#8400F7,11,0.48283327,0.51716673
pattern_1,132,0,249,#8400F9,4,0.48252618,0.51747382
pattern_1,132,0,255,#8400FF,419,0.48160487,0.51839513
pattern_1,132,4,255,#8404FF,4,0.48166633,0.51833367
pattern_1,132,8,255,#8408FF,5,0.48172772,0.51827228
pattern_1,132,73,255,#8449FF,2,0.4827258,0.5172742
pattern_1,132,79,252,#844FFC,4,0.48327857,0.51672143
pattern_1,132,87,249,#8457F9,2,0.48386204,0.51613796
pattern_1,134,0,200,#8600C8,4,0.4822191,0.5177809
pattern_1,134,0,205,#8600CD,1,0.48145133,0.51854867
pattern_1,134,0,208,#8600D0,11,0.48099071,0.51900929
pattern_1,134,0,209,#8600D1,1,0.48083717,0.51916283
pattern_1,134,0,211,#8600D3,34,0.48053002,0.51946998
pattern_1,134,0,217,#8600D9,29,0.47960877,0.52039123
pattern_1,134,0,222,#8600DE,10,0.47884101,0.52115899
pattern_1,134,0,233,#8600E9,4,0.47715199,0.52284801
pattern_1,134,0,238,#8600EE,3,0.47638422,0.52361578
pattern_1,134,0,244,#8600F4,14,0.47546297,0.52453703
pattern_1,134,0,249,#8600F9,8,0.47469521,0.52530479
pattern_1,134,0,252,#8600FC,3,0.47423458,0.52576542
pattern_1,134,0,255,#8600FF,295,0.4737739,0.5262261
pattern_1,134,1,205,#8601CD,9,0.48146671,0.51853329
pattern_1,134,63,252,#863FFC,4,0.4752019,0.5247981
pattern_1,134,79,249,#864FF9,4,0.47590822,0.52409178
pattern_1,135,0,234,#8700EA,3,0.47308296,0.52691704
pattern_1,135,0,238,#8700EE,1,0.47246873,0.52753127
pattern_1,135,0,251,#8700FB,6,0.47047263,0.52952737
pattern_1,135,0,255,#8700FF,133,0.46985841,0.53014159
pattern_1,135,42,255,#872AFF,3,0.47050333,0.52949667
pattern_1,136,0,230,#8800E6,4,0.46978164,0.53021836
pattern_1,136,0,247,#8800F7,7,0.46717131,0.53282869
pattern_1,136,0,255,#8800FF,3,0.46594292,0.53405708
pattern_1,137,0,170,#8900AA,1,0.47507906,0.52492094
pattern_1,137,0,197,#8900C5,2,0.47093326,0.52906674
pattern_1,137,0,200,#8900C8,4,0.47047263,0.52952737
pattern_1,137,0,205,#8900CD,20,0.46970487,0.53029513
pattern_1,137,0,217,#8900D9,25,0.46786231,0.53213769
pattern_1,137,0,219,#8900DB,4,0.46755522,0.53244478
pattern_1,137,0,220,#8900DC,1,0.46740162,0.53259838
pattern_1,137,0,222,#8900DE,123,0.46709454,0.53290546
pattern_1,137,0,225,#8900E1,1,0.46663392,0.53336608
pattern_1,137,0,227,#8900E3,58,0.46632683,0.53367317
pattern_1,137,0,233,#8900E9,17,0.46540552,0.53459448
pattern_1,137,0,236,#8900EC,6,0.4649449,0.5350551
pattern_1,137,0,239,#8900EF,19,0.46448421,0.53551579
pattern_1,137,0,244,#8900F4,8,0.46371651,0.53628349
pattern_1,137,0,249,#8900F9,1,0.46294874,0.53705126
pattern_1,137,0,252,#8900FC,16,0.46248811,0.53751189
pattern_1,137,0,255,#8900FF,153,0.46202743,0.53797257
pattern_1,137,8,255,#8908FF,2,0.46215028,0.53784972
pattern_1,137,24,255,#8918FF,2,0.46239597,0.53760403
pattern_1,137,35,255,#8923FF,3,0.46256489,0.53743511
pattern_1,137,55,252,#8937FC,3,0.46333259,0.53666741
pattern_1,137,70,249,#8946F9,3,0.46402359,0.53597641
pattern_1,137,70,252,#8946FC,3,0.46356297,0.53643703
pattern_1,139,0,205,#8B00CD,9,0.46187389,0.53812611
pattern_1,139,0,211,#8B00D3,2,0.46095264,0.53904736
pattern_1,139,0,217,#8B00D9,1,0.46003133,0.53996867
pattern_1,139,0,219,#8B00DB,2,0.45972425,0.54027575
pattern_1,139,0,233,#8B00E9,4,0.45757455,0.54242545
pattern_1,139,0,238,#8B00EE,1,0.45680678,0.54319322
pattern_1,139,0,239,#8B00EF,1,0.45665324,0.54334676
pattern_1,139,0,243,#8B00F3,2,0.45603907,0.54396093
pattern_1,139,0,249,#8B00F9,7,0.45511776,0.54488224
pattern_1,139,0,255,#8B00FF,216,0.45419645,0.54580355
pattern_1,139,16,255,#8B10FF,2,0.45444214,0.54555786
pattern_1,139,66,255,#8B42FF,2,0.45520991,0.54479009
pattern_1,140,0,197,#8C00C5,13,0.45918679,0.54081321
pattern_1,140,0,198,#8C00C6,10,0.45903325,0.54096675
pattern_1,140,0,202,#8C00CA,3,0.45841908,0.54158092
pattern_1,140,0,203,#8C00CB,2,0.45826554,0.54173446
pattern_1,140,0,206,#8C00CE,14,0.45780486,0.54219514
pattern_1,140,0,214,#8C00D6,12,0.45657647,0.54342353
pattern_1,140,0,217,#8C00D9,2,0.45611584,0.54388416
pattern_1,140,0,222,#8C00DE,71,0.45534807,0.54465193
pattern_1,140,0,225,#8C00E1,8,0.45488745,0.54511255
pattern_1,140,0,227,#8C00E3,49,0.45458037,0.54541963
pattern_1,140,0,230,#8C00E6,5,0.45411968,0.54588032
pattern_1,140,0,231,#8C00E7,12,0.45396614,0.54603386
pattern_1,140,0,233,#8C00E9,13,0.45365906,0.54634094
pattern_1,140,0,238,#8C00EE,3,0.45289129,0.54710871
pattern_1,140,0,239,#8C00EF,15,0.45273775,0.54726225
pattern_1,140,0,244,#8C00F4,2,0.45197004,0.54802996
pattern_1,140,0,247,#8C00F7,12,0.45150936,0.54849064
pattern_1,140,0,255,#8C00FF,504,0.45028096,0.54971904
pattern_1,140,1,255,#8C01FF,32,0.45029634,0.54970366
pattern_1,140,4,255,#8C04FF,24,0.45034242,0.54965758
pattern_1,140,74,252,#8C4AFC,3,0.45187789,0.54812211
pattern_1,142,0,170,#8E00AA,4,0.45550162,0.54449838
pattern_1,142,0,172,#8E00AC,2,0.45519453,0.54480547
pattern_1,142,0,195,#8E00C3,8,0.45166296,0.54833704
pattern_1,142,0,203,#8E00CB,1,0.45043457,0.54956543
pattern_1,142,0,208,#8E00D0,1,0.4496668,0.5503332
pattern_1,142,0,211,#8E00D3,2,0.44920617,0.55079383
pattern_1,142,0,214,#8E00D6,1,0.44874549,0.55125451
pattern_1,142,0,222,#8E00DE,18,0.4475171,0.5524829
pattern_1,142,0,225,#8E00E1,1,0.44705647,0.55294353
pattern_1,142,0,227,#8E00E3,125,0.44674939,0.55325061
pattern_1,142,0,230,#8E00E6,1,0.4462887,0.5537113
pattern_1,142,0,233,#8E00E9,58,0.44582808,0.55417192
pattern_1,142,0,236,#8E00EC,2,0.44536746,0.55463254
pattern_1,142,0,239,#8E00EF,10,0.44490677,0.55509323
pattern_1,142,0,244,#8E00F4,13,0.44413906,0.55586094
pattern_1,142,0,249,#8E00F9,17,0.4433713,0.5566287
pattern_1,142,0,252,#8E00FC,8,0.44291067,0.55708933
pattern_1,142,0,255,#8E00FF,270,0.44245005,0.55754995
pattern_1,142,16,255,#8E10FF,4,0.44269568,0.55730432
pattern_1,142,17,255,#8E11FF,1,0.44271106,0.55728894
pattern_1,142,24,255,#8E18FF,3,0.44281852,0.55718148
pattern_1,142,28,255,#8E1CFF,1,0.44287997,0.55712003
pattern_1,142,42,255,#8E2AFF,4,0.44309491,0.55690509
pattern_1,142,59,252,#8E3BFC,2,0.4438166,0.5561834
pattern_1,143,0,217,#8F00D9,8,0.44436938,0.55563062
pattern_1,143,0,222,#8F00DE,2,0.44360161,0.55639839
pattern_1,143,0,231,#8F00E7,1,0.44221967,0.55778033
pattern_1,143,0,241,#8F00F1,1,0.4406842,0.5593158
pattern_1,143,0,247,#8F00F7,10,0.43976295,0.56023705
pattern_1,143,0,249,#8F00F9,3,0.43945581,0.56054419
pattern_1,143,0,255,#8F00FF,9,0.43853456,0.56146544
pattern_1,144,0,222,#9000DE,3,0.43968612,0.56031388
pattern_1,144,0,230,#9000E6,4,0.43845779,0.56154221
pattern_1,144,0,234,#9000EA,2,0.43784356,0.56215644
pattern_1,144,0,243,#9000F3,1,0.43646163,0.56353837
pattern_1,144,0,247,#9000F7,1,0.43584746,0.56415254
pattern_1,144,0,255,#9000FF,64,0.43461907,0.56538093
pattern_1,145,0,195,#9100C3,3,0.43991649,0.56008351
pattern_1,145,0,200,#9100C8,16,0.43914872,0.56085128
pattern_1,145,0,203,#9100CB,1,0.4386881,0.5613119
pattern_1,145,0,205,#9100CD,3,0.43838096,0.56161904
pattern_1,145,0,208,#9100D0,3,0.43792033,0.56207967
pattern_1,145,0,211,#9100D3,13,0.43745971,0.56254029
pattern_1,145,0,222,#9100DE,11,0.43577063,0.56422937
pattern_1,145,0,227,#9100E3,33,0.43500292,0.56499708
pattern_1,145,0,230,#9100E6,2,0.4345423,0.5654577
pattern_1,145,0,233,#9100E9,11,0.43408161,0.56591839
pattern_1,145,0,238,#9100EE,6,0.43331391,0.56668609
pattern_1,145,0,244,#9100F4,9,0.4323926,0.5676074
pattern_1,145,0,249,#9100F9,7,0.43162483,0.56837517
pattern_1,145,0,255,#9100FF,187,0.43070358,0.56929642
pattern_1,145,20,255,#9114FF,8,0.43101066,0.56898934
pattern_1,148,0,175,#9400AF,7,0.43124098,0.56875902
pattern_1,148,0,189,#9400BD,1,0.42909127,0.57090873
pattern_1,148,0,198,#9400C6,61,0.42770934,0.57229066
pattern_1,148,0,200,#9400C8,18,0.42740226,0.57259774
pattern_1,148,0,205,#9400CD,1,0.42663455,0.57336545
pattern_1,148,0,206,#9400CE,7,0.42648095,0.57351905
pattern_1,148,0,208,#9400D0,4,0.42617387,0.57382613
pattern_1,148,0,214,#9400D6,51,0.42525262,0.57474738
pattern_1,148,0,217,#9400D9,6,0.42479193,0.57520807
pattern_1,148,0,220,#9400DC,1,0.42433131,0.57566869
pattern_1,148,0,222,#9400DE,21,0.42402422,0.57597578
pattern_1,148,0,227,#9400E3,30,0.42325646,0.57674354
pattern_1,148,0,230,#9400E6,1,0.42279583,0.57720417
pattern_1,148,0,231,#9400E7,34,0.42264229,0.57735771
pattern_1,148,0,233,#9400E9,123,0.42233515,0.57766485
pattern_1,148,0,236,#9400EC,8,0.42187452,0.57812548
pattern_1,148,0,239,#9400EF,68,0.4214139,0.5785861
pattern_1,148,0,244,#9400F4,11,0.42064613,0.57935387
pattern_1,148,0,247,#9400F7,13,0.42018551,0.57981449
pattern_1,148,0,249,#9400F9,23,0.41987836,0.58012164
pattern_1,148,0,251,#9400FB,5,0.41957128,0.58042872
pattern_1,148,0,252,#9400FC,14,0.41941774,0.58058226
pattern_1,148,0,255,#9400FF,677,0.41895711,0.58104289
pattern_1,148,4,255,#9404FF,1,0.41901851,0.58098149
pattern_1,148,17,255,#9411FF,2,0.41921812,0.58078188
pattern_1,148,32,255,#9420FF,1,0.41944844,0.58055156
pattern_1,148,37,255,#9425FF,1,0.41952521,0.58047479
pattern_1,148,54,252,#9436FC,2,0.4202469,0.5797531
pattern_1,148,60,252,#943CFC,3,0.42033905,0.57966095
pattern_1,148,83,249,#9453F9,3,0.42115283,0.57884717
pattern_1,148,86,252,#9456FC,1,0.42073828,0.57926172
pattern_1,148,87,249,#9457F9,4,0.42121428,0.57878572
pattern_1,150,0,200,#9600C8,4,0.41957128,0.58042872
pattern_1,150,0,203,#9600CB,1,0.41911066,0.58088934
pattern_1,150,0,208,#9600D0,5,0.41834289,0.58165711
pattern_1,150,0,211,#9600D3,3,0.41788226,0.58211774
pattern_1,150,0,222,#9600DE,4,0.41619325,0.58380675
pattern_1,150,0,227,#9600E3,3,0.41542548,0.58457452
pattern_1,150,0,230,#9600E6,1,0.41496485,0.58503515
pattern_1,150,0,233,#9600E9,67,0.41450417,0.58549583
pattern_1,150,0,238,#9600EE,2,0.41373646,0.58626354
pattern_1,150,0,239,#9600EF,15,0.41358292,0.58641708
pattern_1,150,0,244,#9600F4,4,0.41281515,0.58718485
pattern_1,150,0,255,#9600FF,43,0.41112614,0.58887386
pattern_1,150,18,255,#9612FF,1,0.41140252,0.58859748
pattern_1,151,0,192,#9700C0,1,0.41688418,0.58311582
pattern_1,151,0,217,#9700D9,10,0.41304547,0.58695453
pattern_1,151,0,222,#9700DE,1,0.41227776,0.58772224
pattern_1,151,0,225,#9700E1,1,0.41181707,0.58818293
pattern_1,151,0,227,#9700E3,1,0.41150999,0.58849001
pattern_1,151,0,231,#9700E7,1,0.41089582,0.58910418
pattern_1,151,0,241,#9700F1,1,0.40936029,0.59063971
pattern_1,151,0,249,#9700F9,2,0.40813196,0.59186804
pattern_1,151,0,255,#9700FF,174,0.40721065,0.59278935
pattern_1,152,0,238,#9800EE,2,0.40590549,0.59409451
pattern_1,152,0,243,#9800F3,1,0.40513772,0.59486228
pattern_1,152,0,247,#9800F7,1,0.40452355,0.59547645
pattern_1,152,0,251,#9800FB,1,0.40390933,0.59609067
pattern_1,152,0,255,#9800FF,15,0.40329516,0.59670484
pattern_1,153,0,187,#9900BB,21,0.40982097,0.59017903
pattern_1,153,0,192,#9900C0,9,0.40905321,0.59094679
pattern_1,153,0,203,#9900CB,1,0.40736419,0.59263581
pattern_1,153,0,208,#9900D0,5,0.40659642,0.59340358
pattern_1,153,0,211,#9900D3,1,0.4061358,0.5938642
pattern_1,153,0,222,#9900DE,21,0.40444678,0.59555322
pattern_1,153,0,227,#9900E3,14,0.40367901,0.59632099
pattern_1,153,0,233,#9900E9,20,0.4027577,0.5972423
pattern_1,153,0,236,#9900EC,5,0.40229708,0.59770292
pattern_1,153,0,239,#9900EF,1,0.40183645,0.59816355
pattern_1,153,0,241,#9900F1,7,0.40152937,0.59847063
pattern_1,153,0,252,#9900FC,11,0.3998403,0.6001597
pattern_1,153,0,255,#9900FF,4,0.39937967,0.60062033
pattern_1,154,0,170,#9A00AA,1,0.40851581,0.59148419
pattern_1,154,0,172,#9A00AC,2,0.40820873,0.59179127
pattern_1,154,0,186,#9A00BA,3,0.40605903,0.59394097
pattern_1,154,0,194,#9A00C2,14,0.40483063,0.59516937
pattern_1,154,0,217,#9A00D9,3,0.401299,0.598701
pattern_1,154,0,222,#9A00DE,3,0.40053129,0.59946871
pattern_1,154,0,239,#9A00EF,163,0.39792097,0.60207903
pattern_1,154,0,244,#9A00F4,68,0.3971532,0.6028468
pattern_1,154,0,249,#9A00F9,44,0.39638549,0.60361451
pattern_1,154,0,255,#9A00FF,398,0.39546418,0.60453582
pattern_1,154,10,255,#9A0AFF,5,0.39561772,0.60438228
pattern_1,154,13,255,#9A0DFF,1,0.3956638,0.6043362
pattern_1,154,18,255,#9A12FF,2,0.39574057,0.60425943
pattern_1,154,44,255,#9A2CFF,2,0.3961398,0.6038602
pattern_1,154,52,252,#9A34FC,1,0.39672327,0.60327673
pattern_1,154,58,255,#9A3AFF,1,0.39635473,0.60364527
pattern_1,154,65,252,#9A41FC,2,0.39692289,0.60307711
pattern_1,154,82,249,#9A52F9,4,0.39764458,0.60235542
pattern_1,156,0,165,#9C00A5,13,0.40145254,0.59854746
pattern_1,156,0,181,#9C00B5,24,0.39899582,0.60100418
pattern_1,156,0,185,#9C00B9,2,0.39838159,0.60161841
pattern_1,156,0,186,#9C00BA,32,0.39822805,0.60177195
pattern_1,156,0,189,#9C00BD,99,0.39776742,0.60223258
pattern_1,156,0,192,#9C00C0,46,0.39730674,0.60269326
pattern_1,156,0,198,#9C00C6,6,0.39638549,0.60361451
pattern_1,156,0,206,#9C00CE,27,0.3951571,0.6048429
pattern_1,156,0,208,#9C00D0,1,0.39484996,0.60515004
pattern_1,156,0,214,#9C00D6,8,0.39392871,0.60607129
pattern_1,156,0,216,#9C00D8,2,0.39362162,0.60637838
pattern_1,156,0,222,#9C00DE,5,0.39270031,0.60729969
pattern_1,156,0,227,#9C00E3,2,0.39193255,0.60806745
pattern_1,156,0,230,#9C00E6,5,0.39147192,0.60852808
pattern_1,156,0,231,#9C00E7,25,0.39131838,0.60868162
pattern_1,156,0,233,#9C00E9,7,0.3910113,0.6089887
pattern_1,156,0,236,#9C00EC,2,0.39055061,0.60944939
pattern_1,156,0,238,#9C00EE,2,0.39024353,0.60975647
pattern_1,156,0,239,#9C00EF,51,0.39008999,0.60991001
pattern_1,156,0,241,#9C00F1,1,0.38978291,0.61021709
pattern_1,156,0,244,#9C00F4,26,0.38932222,0.61067778
pattern_1,156,0,247,#9C00F7,14,0.3888616,0.6111384
pattern_1,156,0,251,#9C00FB,1,0.38824737,0.61175263
pattern_1,156,0,252,#9C00FC,1,0.38809383,0.61190617
pattern_1,156,0,255,#9C00FF,781,0.3876332,0.6123668
pattern_1,156,21,255,#9C15FF,1,0.38795567,0.61204433
pattern_1,156,69,255,#9C45FF,5,0.38869268,0.61130732
pattern_1,156,72,255,#9C48FF,11,0.38873875,0.61126125
pattern_1,159,0,172,#9F00AC,4,0.38863128,0.61136872
pattern_1,159,0,175,#9F00AF,3,0.3881706,0.6118294
pattern_1,159,0,181,#9F00B5,34,0.38724935,0.61275065
pattern_1,159,0,184,#9F00B8,14,0.38678867,0.61321133
pattern_1,159,0,186,#9F00BA,18,0.38648158,0.61351842
pattern_1,159,0,192,#9F00C0,37,0.38556027,0.61443973
pattern_1,159,0,200,#9F00C8,3,0.38433188,0.61566812
pattern_1,159,0,203,#9F00CB,7,0.38387126,0.61612874
pattern_1,159,0,214,#9F00D6,3,0.38218224,0.61781776
pattern_1,159,0,216,#9F00D8,2,0.38187516,0.61812484
pattern_1,159,0,217,#9F00D9,4,0.38172156,0.61827844
pattern_1,159,0,219,#9F00DB,3,0.38141447,0.61858553
pattern_1,159,0,227,#9F00E3,23,0.38018608,0.61981392
pattern_1,159,0,233,#9F00E9,7,0.37926483,0.62073517
pattern_1,159,0,238,#9F00EE,4,0.37849706,0.62150294
pattern_1,159,0,239,#9F00EF,23,0.37834352,0.62165648
pattern_1,159,0,244,#9F00F4,237,0.37757576,0.62242424
pattern_1,159,0,247,#9F00F7,2,0.37711513,0.62288487
pattern_1,159,0,249,#9F00F9,123,0.37680805,0.62319195
pattern_1,159,0,252,#9F00FC,1,0.37634736,0.62365264
pattern_1,159,0,255,#9F00FF,735,0.37588674,0.62411326
pattern_1,159,5,255,#9F05FF,2,0.37596351,0.62403649
pattern_1,159,6,255,#9F06FF,3,0.37597889,0.62402111
pattern_1,159,8,255,#9F08FF,9,0.37600958,0.62399042
pattern_1,159,10,255,#9F0AFF,5,0.37604028,0.62395972
pattern_1,159,12,247,#9F0CF7,5,0.37729937,0.62270063
pattern_1,159,37,255,#9F25FF,1,0.37645489,0.62354511
pattern_1,159,41,252,#9F29FC,3,0.37697691,0.62302309
pattern_1,159,41,255,#9F29FF,1,0.37651628,0.62348372
pattern_1,159,48,255,#9F30FF,2,0.37662375,0.62337625
pattern_1,159,50,252,#9F32FC,4,0.37711513,0.62288487
pattern_1,159,50,255,#9F32FF,1,0.37665451,0.62334549
pattern_1,159,51,252,#9F33FC,4,0.37713051,0.62286949
pattern_1,159,60,252,#9F3CFC,2,0.37726867,0.62273133
pattern_1,159,63,252,#9F3FFC,2,0.37731475,0.62268525
pattern_1,159,82,249,#9F52F9,1,0.37806714,0.62193286
pattern_1,159,83,249,#9F53F9,1,0.37808251,0.62191749
pattern_1,159,84,252,#9F54FC,4,0.37763721,0.62236279
pattern_1,160,0,214,#A000D6,1,0.37826675,0.62173325
pattern_1,160,0,230,#A000E6,2,0.37580997,0.62419003
pattern_1,160,0,255,#A000FF,28,0.37197125,0.62802875
pattern_1,161,0,183,#A100B7,3,0.37911129,0.62088871
pattern_1,161,0,194,#A100C2,2,0.37742221,0.62257779
pattern_1,161,0,197,#A100C5,1,0.37696159,0.62303841
pattern_1,161,0,205,#A100CD,8,0.3757332,0.6242668
pattern_1,161,0,222,#A100DE,2,0.37312287,0.62687713
pattern_1,161,0,227,#A100E3,13,0.3723551,0.6276449
pattern_1,161,0,233,#A100E9,9,0.37143385,0.62856615
pattern_1,161,0,241,#A100F1,1,0.37020546,0.62979454
pattern_1,161,0,244,#A100F4,15,0.36974478,0.63025522
pattern_1,161,0,249,#A100F9,1,0.36897707,0.63102293
pattern_1,161,0,255,#A100FF,106,0.36805576,0.63194424
pattern_1,161,59,255,#A13BFF,1,0.36896169,0.63103831
pattern_1,162,0,203,#A200CB,1,0.37212479,0.62787521
pattern_1,162,0,208,#A200D0,1,0.37135708,0.62864292
pattern_1,162,0,214,#A200D6,3,0.37043577,0.62956423
pattern_1,162,0,219,#A200DB,4,0.36966801,0.63033199
pattern_1,162,0,239,#A200EF,18,0.36659706,0.63340294
pattern_1,162,0,244,#A200F4,71,0.36582929,0.63417071
pattern_1,162,0,249,#A200F9,33,0.36506158,0.63493842
pattern_1,162,0,252,#A200FC,6,0.36460096,0.63539904
pattern_1,162,0,255,#A200FF,126,0.36414027,0.63585973
pattern_1,162,58,252,#A23AFC,4,0.36549151,0.63450849
pattern_1,164,0,181,#A400B5,7,0.36767191,0.63232809
pattern_1,164,0,186,#A400BA,2,0.36690414,0.63309586
pattern_1,164,0,197,#A400C5,1,0.36521512,0.63478488
pattern_1,164,0,222,#A400DE,3,0.3613764,0.6386236
pattern_1,164,0,225,#A400E1,2,0.36091578,0.63908422
pattern_1,164,0,227,#A400E3,5,0.36060864,0.63939136
pattern_1,164,0,233,#A400E9,1,0.35968739,0.64031261
pattern_1,164,0,236,#A400EC,1,0.3592267,0.6407733
pattern_1,164,0,239,#A400EF,3,0.35876608,0.64123392
pattern_1,164,0,244,#A400F4,36,0.35799837,0.64200163
pattern_1,164,0,249,#A400F9,351,0.3572306,0.6427694
pattern_1,164,0,252,#A400FC,6,0.35676998,0.64323002
pattern_1,164,0,255,#A400FF,2156,0.35630929,0.64369071
pattern_1,164,4,255,#A404FF,4,0.35637075,0.64362925
pattern_1,164,5,255,#A405FF,19,0.35638607,0.64361393
pattern_1,164,6,255,#A406FF,3,0.35640144,0.64359856
pattern_1,164,9,255,#A409FF,3,0.35644752,0.64355248
pattern_1,164,10,255,#A40AFF,7,0.35646284,0.64353716
pattern_1,164,12,255,#A40CFF,1,0.35649359,0.64350641
pattern_1,164,13,255,#A40DFF,2,0.35650891,0.64349109
pattern_1,164,14,255,#A40EFF,2,0.35652429,0.64347571
pattern_1,164,16,255,#A410FF,4,0.35655499,0.64344501
pattern_1,164,17,255,#A411FF,13,0.35657036,0.64342964
pattern_1,164,20,255,#A414FF,9,0.35661638,0.64338362
pattern_1,164,21,255,#A415FF,7,0.35663176,0.64336824
pattern_1,164,22,255,#A416FF,1,0.35664713,0.64335287
pattern_1,164,25,255,#A419FF,3,0.35669321,0.64330679
pattern_1,164,28,225,#A41CE1,1,0.36134571,0.63865429
pattern_1,164,28,255,#A41CFF,3,0.35673922,0.64326078
pattern_1,164,29,255,#A41DFF,1,0.3567546,0.6432454
pattern_1,164,31,255,#A41FFF,5,0.3567853,0.6432147
pattern_1,164,33,255,#A421FF,2,0.35681599,0.64318401
pattern_1,164,40,252,#A428FC,2,0.35738415,0.64261585
pattern_1,164,41,214,#A429D6,1,0.36323434,0.63676566
pattern_1,164,50,252,#A432FC,5,0.35753769,0.64246231
pattern_1,164,54,252,#A436FC,2,0.35759914,0.64240086
pattern_1,164,58,252,#A43AFC,3,0.35766053,0.64233947
pattern_1,164,65,252,#A441FC,2,0.357768,0.642232
pattern_1,164,79,249,#A44FF9,1,0.35844362,0.64155638
pattern_1,164,81,249,#A451F9,1,0.35847431,0.64152569
pattern_1,165,0,165,#A500A5,106,0.3662132,0.6337868
pattern_1,165,0,173,#A500AD,246,0.36498481,0.63501519
pattern_1,165,0,181,#A500B5,93,0.36375642,0.63624358
pattern_1,165,0,189,#A500BD,40,0.36252803,0.63747197
pattern_1,165,0,198,#A500C6,40,0.36114609,0.63885391
pattern_1,165,0,206,#A500CE,10,0.3599177,0.6400823
pattern_1,165,0,211,#A500D3,6,0.35914993,0.64085007
pattern_1,165,0,214,#A500D6,9,0.35868931,0.64131069
pattern_1,165,0,222,#A500DE,7,0.35746092,0.64253908
pattern_1,165,0,231,#A500E7,27,0.35607898,0.64392102
pattern_1,165,0,239,#A500EF,3,0.35485059,0.64514941
pattern_1,165,0,247,#A500F7,15,0.3536222,0.6463778
pattern_1,165,0,255,#A500FF,561,0.35239381,0.64760619
pattern_1,165,4,255,#A504FF,29,0.35245526,0.64754474
pattern_1,165,85,255,#A555FF,8,0.35369897,0.64630103
pattern_1,167,0,167,#A700A7,3085,0.35807514,0.64192486
pattern_1,167,0,170,#A700AA,118,0.35761446,0.64238554
pattern_1,167,0,175,#A700AF,8,0.35684675,0.64315325
pattern_1,167,0,178,#A700B2,39,0.35638607,0.64361393
pattern_1,167,0,181,#A700B5,5,0.35592544,0.64407456
pattern_1,167,0,194,#A700C2,9,0.35392928,0.64607072
pattern_1,167,0,195,#A700C3,34,0.35377574,0.64622426
pattern_1,167,0,209,#A700D1,1,0.3516261,0.6483739
pattern_1,167,0,217,#A700D9,2,0.35039771,0.64960229
pattern_1,167,0,219,#A700DB,3,0.35009062,0.64990938
pattern_1,167,0,222,#A700DE,7,0.34962994,0.65037006
pattern_1,167,0,225,#A700E1,2,0.34916931,0.65083069
pattern_1,167,0,227,#A700E3,6,0.34886223,0.65113777
pattern_1,167,0,233,#A700E9,13,0.34794092,0.65205908
pattern_1,167,0,236,#A700EC,2,0.3474803,0.6525197
pattern_1,167,0,239,#A700EF,2,0.34701961,0.65298039
pattern_1,167,0,241,#A700F1,1,0.34671253,0.65328747
pattern_1,167,0,244,#A700F4,23,0.3462519,0.6537481
pattern_1,167,0,249,#A700F9,81,0.34548414,0.65451586
pattern_1,167,0,255,#A700FF,570,0.34456283,0.65543717
pattern_1,167,10,255,#A70AFF,3,0.34471637,0.65528363
pattern_1,167,12,255,#A70CFF,10,0.34474713,0.65525287
pattern_1,167,13,255,#A70DFF,4,0.34476244,0.65523756
pattern_1,167,29,255,#A71DFF,1,0.34500813,0.65499187
pattern_1,167,51,252,#A733FC,1,0.3458066,0.6541934
pattern_1,167,59,252,#A73BFC,1,0.34592944,0.65407056
pattern_1,167,78,252,#A74EFC,4,0.34622115,0.65377885
pattern_1,167,88,252,#A758FC,11,0.34637469,0.65362531
pattern_1,168,0,168,#A800A8,36,0.35400605,0.64599395
pattern_1,168,0,230,#A800E6,2,0.34448606,0.65551394
pattern_1,168,0,251,#A800FB,5,0.34126157,0.65873843
pattern_1,168,0,255,#A800FF,7,0.34064734,0.65935266
pattern_1,169,0,169,#A900A9,1257,0.34993702,0.65006298
pattern_1,170,0,167,#AA00A7,35,0.34632868,0.65367132
pattern_1,170,0,170,#AA00AA,9694,0.34586799,0.65413201
pattern_1,170,0,173,#AA00AD,83,0.34540737,0.65459263
pattern_1,170,0,178,#AA00B2,19,0.3446396,0.6553604
pattern_1,170,0,181,#AA00B5,24,0.34417897,0.65582103
pattern_1,170,0,192,#AA00C0,15,0.34248996,0.65751004
pattern_1,170,0,194,#AA00C2,12,0.34218287,0.65781713
pattern_1,170,0,197,#AA00C5,18,0.34172219,0.65827781
pattern_1,170,0,200,#AA00C8,6,0.34126157,0.65873843
pattern_1,170,0,203,#AA00CB,1,0.34080088,0.65919912
pattern_1,170,0,208,#AA00D0,1,0.34003317,0.65996683
pattern_1,170,0,211,#AA00D3,33,0.33957255,0.66042745
pattern_1,170,0,214,#AA00D6,6,0.33911186,0.66088814
pattern_1,170,0,217,#AA00D9,7,0.33865124,0.66134876
pattern_1,170,0,222,#AA00DE,2,0.33788347,0.66211653
pattern_1,170,0,227,#AA00E3,2,0.33711576,0.66288424
pattern_1,170,0,233,#AA00E9,6,0.33619446,0.66380554
pattern_1,170,0,236,#AA00EC,3,0.33573383,0.66426617
pattern_1,170,0,239,#AA00EF,22,0.33527315,0.66472685
pattern_1,170,0,244,#AA00F4,15,0.33450544,0.66549456
pattern_1,170,0,249,#AA00F9,53,0.33373767,0.66626233
pattern_1,170,0,252,#AA00FC,7,0.33327705,0.66672295
pattern_1,170,0,255,#AA00FF,6284,0.33281636,0.66718364
pattern_1,170,4,255,#AA04FF,7,0.33287781,0.66712219
pattern_1,170,5,255,#AA05FF,2,0.33289313,0.66710687
pattern_1,170,6,255,#AA06FF,5,0.33290851,0.66709149
pattern_1,170,8,255,#AA08FF,2,0.33293921,0.66706079
pattern_1,170,9,255,#AA09FF,10,0.33295459,0.66704541
pattern_1,170,10,255,#AA0AFF,10,0.33296996,0.66703004
pattern_1,170,12,244,#AA0CF4,1,0.33468968,0.66531032
pattern_1,170,12,255,#AA0CFF,10,0.33300066,0.66699934
pattern_1,170,13,255,#AA0DFF,2,0.33301598,0.66698402
pattern_1,170,14,255,#AA0EFF,6,0.33303136,0.66696864
pattern_1,170,16,255,#AA10FF,7,0.33306205,0.66693795
pattern_1,170,20,255,#AA14FF,5,0.33312351,0.66687649
pattern_1,170,21,255,#AA15FF,3,0.33313882,0.66686118
pattern_1,170,23,255,#AA17FF,4,0.33316952,0.66683048
pattern_1,170,24,255,#AA18FF,1,0.3331849,0.6668151
pattern_1,170,25,255,#AA19FF,7,0.33320028,0.66679972
pattern_1,170,27,252,#AA1BFC,1,0.3336916,0.6663084
pattern_1,170,29,255,#AA1DFF,1,0.33326167,0.66673833
pattern_1,170,30,255,#AA1EFF,1,0.33327705,0.66672295
pattern_1,170,32,255,#AA20FF,5,0.33330774,0.66669226
pattern_1,170,33,255,#AA21FF,2,0.33332312,0.66667688
pattern_1,170,35,255,#AA23FF,3,0.33335382,0.66664618
pattern_1,170,36,255,#AA24FF,4,0.33336914,0.66663086
pattern_1,170,37,255,#AA25FF,1,0.33338451,0.66661549
pattern_1,170,39,255,#AA27FF,1,0.33341521,0.66658479
pattern_1,170,41,255,#AA29FF,1,0.33344591,0.66655409
pattern_1,170,46,252,#AA2EFC,7,0.33398336,0.66601664
pattern_1,170,47,255,#AA2FFF,1,0.33353806,0.66646194
pattern_1,170,50,252,#AA32FC,1,0.33404475,0.66595525
pattern_1,170,51,252,#AA33FC,5,0.33406013,0.66593987
pattern_1,170,51,255,#AA33FF,3,0.33359951,0.66640049
pattern_1,170,54,252,#AA36FC,2,0.33410621,0.66589379
pattern_1,170,59,252,#AA3BFC,10,0.33418298,0.66581702
pattern_1,170,66,252,#AA42FC,3,0.33429044,0.66570956
pattern_1,170,69,252,#AA45FC,7,0.33433652,0.66566348
pattern_1,170,70,252,#AA46FC,1,0.3343519,0.6656481
pattern_1,170,73,252,#AA49FC,5,0.33439791,0.66560209
pattern_1,170,74,252,#AA4AFC,3,0.33441329,0.66558671
pattern_1,170,77,252,#AA4DFC,1,0.33445936,0.66554064
pattern_1,170,79,252,#AA4FFC,1,0.33449006,0.66550994
pattern_1,170,83,252,#AA53FC,1,0.33455151,0.66544849
pattern_1,170,85,249,#AA55F9,3,0.33504283,0.66495717
pattern_1,170,86,249,#AA56F9,1,0.33505821,0.66494179
pattern_1,170,87,249,#AA57F9,4,0.33507353,0.66492647
pattern_1,172,0,170,#AC00AA,33,0.33803701,0.66196299
pattern_1,172,0,172,#AC00AC,15,0.33772993,0.66227007
pattern_1,172,0,173,#AC00AD,34,0.33757639,0.66242361
pattern_1,172,0,203,#AC00CB,2,0.33296996,0.66703004
pattern_1,172,0,208,#AC00D0,7,0.3322022,0.6677978
pattern_1,172,0,209,#AC00D1,7,0.33204865,0.66795135
pattern_1,172,0,230,#AC00E6,6,0.3288241,0.6711759
pattern_1,172,0,233,#AC00E9,4,0.32836348,0.67163652
pattern_1,172,0,238,#AC00EE,2,0.32759571,0.67240429
pattern_1,172,0,249,#AC00F9,15,0.32590669,0.67409331
pattern_1,172,0,255,#AC00FF,2455,0.32498538,0.67501462
pattern_1,172,9,255,#AC09FF,1,0.32512361,0.67487639
pattern_1,172,13,255,#AC0DFF,3,0.325185,0.674815
pattern_1,172,16,255,#AC10FF,2,0.32523108,0.67476892
pattern_1,172,17,255,#AC11FF,7,0.32524645,0.67475355
pattern_1,172,20,255,#AC14FF,3,0.32529253,0.67470747
pattern_1,172,24,255,#AC18FF,1,0.32535392,0.67464608
pattern_1,172,27,255,#AC1BFF,2,0.32539999,0.67460001
pattern_1,172,33,255,#AC21FF,5,0.32549214,0.67450786
pattern_1,172,36,255,#AC24FF,1,0.32553816,0.67446184
pattern_1,172,37,255,#AC25FF,1,0.32555354,0.67444646
pattern_1,172,40,255,#AC28FF,1,0.32559961,0.67440039
pattern_1,172,41,255,#AC29FF,1,0.32561499,0.67438501
pattern_1,172,43,255,#AC2BFF,1,0.32564569,0.67435431
pattern_1,172,62,252,#AC3EFC,2,0.32639807,0.67360193
pattern_1,172,69,252,#AC45FC,2,0.32650554,0.67349446
pattern_1,172,70,252,#AC46FC,2,0.32652092,0.67347908
pattern_1,172,73,252,#AC49FC,4,0.32656693,0.67343307
pattern_1,172,74,252,#AC4AFC,2,0.32658231,0.67341769
pattern_1,172,74,255,#AC4AFF,5,0.32612169,0.67387831
pattern_1,172,77,252,#AC4DFC,1,0.32662839,0.67337161
pattern_1,172,79,252,#AC4FFC,2,0.32665908,0.67334092
pattern_1,172,83,249,#AC53F9,1,0.32718116,0.67281884
pattern_1,172,86,252,#AC56FC,1,0.32676655,0.67323345
pattern_1,172,87,249,#AC57F9,27,0.32724255,0.67275745
pattern_1,173,0,165,#AD00A5,37,0.33488929,0.66511071
pattern_1,173,0,173,#AD00AD,19395,0.3336609,0.6663391
pattern_1,173,0,178,#AD00B2,14,0.33289313,0.66710687
pattern_1,173,0,181,#AD00B5,295,0.33243251,0.66756749
pattern_1,173,0,189,#AD00BD,124,0.33120412,0.66879588
pattern_1,173,0,198,#AD00C6,42,0.32982218,0.67017782
pattern_1,173,0,206,#AD00CE,7,0.32859379,0.67140621
pattern_1,173,0,211,#AD00D3,6,0.32782608,0.67217392
pattern_1,173,0,214,#AD00D6,42,0.3273654,0.6726346
pattern_1,173,0,219,#AD00DB,3,0.32659769,0.67340231
pattern_1,173,0,222,#AD00DE,43,0.32613701,0.67386299
pattern_1,173,0,231,#AD00E7,15,0.32475507,0.67524493
pattern_1,173,0,239,#AD00EF,40,0.32352668,0.67647332
pattern_1,173,0,244,#AD00F4,10,0.32275897,0.67724103
pattern_1,173,0,247,#AD00F7,10,0.32229829,0.67770171
pattern_1,173,0,249,#AD00F9,3,0.32199121,0.67800879
pattern_1,173,0,251,#AD00FB,7,0.32168412,0.67831588
pattern_1,173,0,255,#AD00FF,523,0.3210699,0.6789301
pattern_1,173,4,255,#AD04FF,10,0.32113135,0.67886865
pattern_1,173,8,255,#AD08FF,1,0.32119274,0.67880726
pattern_1,173,12,181,#AD0CB5,10,0.33261675,0.66738325
pattern_1,173,12,255,#AD0CFF,47,0.32125419,0.67874581
pattern_1,173,20,255,#AD14FF,33,0.32137704,0.67862296
pattern_1,173,40,255,#AD28FF,8,0.32168412,0.67831588
pattern_1,173,79,249,#AD4FF9,1,0.32320428,0.67679572
pattern_1,175,0,175,#AF00AF,5296,0.32552284,0.67447716
pattern_1,175,0,178,#AF00B2,8,0.32506222,0.67493778
pattern_1,175,0,197,#AF00C5,7,0.32214475,0.67785525
pattern_1,175,0,217,#AF00D9,1,0.3190738,0.6809262
pattern_1,175,0,219,#AF00DB,3,0.31876671,0.68123329
pattern_1,175,0,222,#AF00DE,5,0.31830603,0.68169397
pattern_1,175,0,225,#AF00E1,3,0.3178454,0.6821546
pattern_1,175,0,227,#AF00E3,3,0.31753832,0.68246168
pattern_1,175,0,230,#AF00E6,1,0.31707764,0.68292236
pattern_1,175,0,233,#AF00E9,9,0.31661701,0.68338299
pattern_1,175,0,239,#AF00EF,3,0.3156957,0.6843043
pattern_1,175,0,241,#AF00F1,4,0.31538862,0.68461138
pattern_1,175,0,244,#AF00F4,13,0.314928,0.685072
pattern_1,175,0,249,#AF00F9,19,0.31416023,0.68583977
pattern_1,175,0,252,#AF00FC,13,0.3136996,0.6863004
pattern_1,175,0,255,#AF00FF,1058,0.31323898,0.68676102
pattern_1,175,1,255,#AF01FF,11,0.3132543,0.6867457
pattern_1,175,14,255,#AF0EFF,1,0.31345391,0.68654609
pattern_1,175,20,255,#AF14FF,1,0.31354606,0.68645394
pattern_1,175,22,255,#AF16FF,2,0.31357676,0.68642324
pattern_1,175,25,255,#AF19FF,1,0.31362283,0.68637717
pattern_1,175,28,255,#AF1CFF,2,0.31366891,0.68633109
pattern_1,175,41,255,#AF29FF,1,0.31386852,0.68613148
pattern_1,175,74,252,#AF4AFC,1,0.31483585,0.68516415
pattern_1,175,76,252,#AF4CFC,1,0.31486654,0.68513346
pattern_1,175,83,252,#AF53FC,3,0.31497407,0.68502593
pattern_1,175,85,249,#AF55F9,6,0.31546539,0.68453461
pattern_1,175,86,252,#AF56FC,1,0.31502014,0.68497986
pattern_1,175,87,249,#AF57F9,26,0.31549609,0.68450391
pattern_1,176,0,175,#B000AF,21,0.32160735,0.67839265
pattern_1,176,0,176,#B000B0,243,0.32145381,0.67854619
pattern_1,176,0,239,#B000EF,2,0.31178021,0.68821979
pattern_1,176,0,255,#B000FF,9,0.30932349,0.69067651
pattern_1,177,0,177,#B100B1,205,0.31738478,0.68261522
pattern_1,177,0,230,#B100E6,3,0.30924672,0.69075328
pattern_1,177,0,239,#B100EF,1,0.30786473,0.69213527
pattern_1,177,0,255,#B100FF,6,0.305408,0.694592
pattern_1,178,0,175,#B200AF,50,0.31377637,0.68622363
pattern_1,178,0,178,#B200B2,6836,0.31331575,0.68668425
pattern_1,178,0,216,#B200D8,1,0.30748087,0.69251913
pattern_1,178,0,225,#B200E1,7,0.30609894,0.69390106
pattern_1,178,0,227,#B200E3,1,0.30579185,0.69420815
pattern_1,178,0,228,#B200E4,1,0.30563831,0.69436169
pattern_1,178,0,230,#B200E6,3,0.30533123,0.69466877
pattern_1,178,0,231,#B200E7,3,0.30517763,0.69482237
pattern_1,178,0,233,#B200E9,16,0.30487055,0.69512945
pattern_1,178,0,239,#B200EF,19,0.3039493,0.6960507
pattern_1,178,0,244,#B200F4,34,0.30318153,0.69681847
pattern_1,178,0,249,#B200F9,40,0.30241376,0.69758624
pattern_1,178,0,255,#B200FF,484,0.30149251,0.69850749
pattern_1,178,16,255,#B210FF,5,0.30173814,0.69826186
pattern_1,178,21,255,#B215FF,1,0.30181491,0.69818509
pattern_1,178,27,255,#B21BFF,3,0.30190706,0.69809294
pattern_1,178,36,255,#B224FF,1,0.30204529,0.69795471
pattern_1,178,48,252,#B230FC,2,0.30269015,0.69730985
pattern_1,178,70,252,#B246FC,1,0.30302799,0.69697201
pattern_1,178,78,252,#B24EFC,3,0.30315083,0.69684917
pattern_1,178,85,249,#B255F9,2,0.30371892,0.69628108
pattern_1,178,87,249,#B257F9,19,0.30374968,0.69625032
pattern_1,181,0,181,#B500B5,18685,0.3011086,0.6988914
pattern_1,181,0,183,#B500B7,13,0.30080152,0.69919848
pattern_1,181,0,186,#B500BA,28,0.30034089,0.69965911
pattern_1,181,0,189,#B500BD,415,0.29988021,0.70011979
pattern_1,181,0,195,#B500C3,14,0.29895896,0.70104104
pattern_1,181,0,198,#B500C6,60,0.29849827,0.70150173
pattern_1,181,0,211,#B500D3,11,0.29650217,0.70349783
pattern_1,181,0,214,#B500D6,10,0.29604155,0.70395845
pattern_1,181,0,222,#B500DE,54,0.29481316,0.70518684
pattern_1,181,0,227,#B500E3,3,0.29404539,0.70595461
pattern_1,181,0,228,#B500E4,2,0.29389185,0.70610815
pattern_1,181,0,230,#B500E6,5,0.29358476,0.70641524
pattern_1,181,0,231,#B500E7,13,0.29343122,0.70656878
pattern_1,181,0,239,#B500EF,16,0.29220283,0.70779717
pattern_1,181,0,241,#B500F1,1,0.29189569,0.70810431
pattern_1,181,0,247,#B500F7,45,0.29097444,0.70902556
pattern_1,181,0,249,#B500F9,21,0.2906673,0.7093327
pattern_1,181,0,252,#B500FC,2,0.29020667,0.70979333
pattern_1,181,0,255,#B500FF,814,0.28974605,0.71025395
pattern_1,181,4,181,#B504B5,3,0.30117005,0.69882995
pattern_1,181,4,255,#B504FF,12,0.28980744,0.71019256
pattern_1,181,12,255,#B50CFF,5,0.28993028,0.71006972
pattern_1,181,20,255,#B514FF,8,0.29005313,0.70994687
pattern_1,181,28,255,#B51CFF,1,0.29017597,0.70982403
pattern_1,181,36,255,#B524FF,2,0.29029882,0.70970118
pattern_1,181,60,255,#B53CFF,2,0.2906673,0.7093327
pattern_1,181,69,252,#B545FC,8,0.29126614,0.70873386
pattern_1,181,78,252,#B54EFC,1,0.29140437,0.70859563
pattern_1,181,79,249,#B54FF9,1,0.29188037,0.70811963
pattern_1,181,80,252,#B550FC,2,0.29143506,0.70856494
pattern_1,181,83,249,#B553F9,1,0.29194176,0.70805824
pattern_1,181,85,249,#B555F9,1,0.29197246,0.70802754
pattern_1,181,87,249,#B557F9,17,0.29200321,0.70799679
pattern_1,183,0,183,#B700B7,3794,0.29297054,0.70702946
pattern_1,183,0,214,#B700D6,5,0.28821057,0.71178943
pattern_1,183,0,230,#B700E6,2,0.28575379,0.71424621
pattern_1,183,0,231,#B700E7,1,0.28560024,0.71439976
pattern_1,183,0,233,#B700E9,2,0.2852931,0.7147069
pattern_1,183,0,239,#B700EF,3,0.28437185,0.71562815
pattern_1,183,0,244,#B700F4,28,0.28360409,0.71639591
pattern_1,183,0,249,#B700F9,23,0.28283638,0.71716362
pattern_1,183,0,255,#B700FF,327,0.28191507,0.71808493
pattern_1,183,21,255,#B715FF,4,0.28223753,0.71776247
pattern_1,183,79,252,#B74FFC,1,0.28358871,0.71641129
pattern_1,183,81,252,#B751FC,1,0.28361946,0.71638054
pattern_1,183,87,249,#B757F9,14,0.28417224,0.71582776
pattern_1,184,0,183,#B800B7,15,0.28905505,0.71094495
pattern_1,184,0,184,#B800B8,1347,0.28890151,0.71109849
pattern_1,184,0,186,#B800BA,13,0.28859442,0.71140558
pattern_1,184,0,222,#B800DE,3,0.28306669,0.71693331
pattern_1,184,0,228,#B800E4,2,0.28214538,0.71785462
pattern_1,184,0,239,#B800EF,3,0.28045636,0.71954364
pattern_1,184,0,241,#B800F1,1,0.28014922,0.71985078
pattern_1,184,0,244,#B800F4,13,0.2796886,0.7203114
pattern_1,185,0,185,#B900B9,60,0.28483248,0.71516752
pattern_1,185,0,234,#B900EA,1,0.27730858,0.72269142
pattern_1,185,0,251,#B900FB,4,0.27469826,0.72530174
pattern_1,185,0,255,#B900FF,9,0.27408409,0.72591591
pattern_1,186,0,184,#BA00B8,24,0.28107053,0.71892947
pattern_1,186,0,186,#BA00BA,3145,0.28076345,0.71923655
pattern_1,186,0,192,#BA00C0,11,0.27984214,0.72015786
pattern_1,186,0,194,#BA00C2,8,0.27953506,0.72046494
pattern_1,186,0,195,#BA00C3,22,0.27938151,0.72061849
pattern_1,186,0,203,#BA00CB,11,0.27815312,0.72184688
pattern_1,186,0,211,#BA00D3,4,0.27692473,0.72307527
pattern_1,186,0,222,#BA00DE,5,0.27523571,0.72476429
pattern_1,186,0,230,#BA00E6,1,0.27400732,0.72599268
pattern_1,186,0,241,#BA00F1,2,0.2723183,0.7276817
pattern_1,186,0,244,#BA00F4,2,0.27185762,0.72814238
pattern_1,186,0,249,#BA00F9,40,0.27108991,0.72891009
pattern_1,186,0,252,#BA00FC,11,0.27062923,0.72937077
pattern_1,186,0,255,#BA00FF,253,0.2701686,0.7298314
pattern_1,186,18,255,#BA12FF,2,0.27044499,0.72955501
pattern_1,186,56,252,#BA38FC,5,0.27148908,0.72851092
pattern_1,186,62,255,#BA3EFF,9,0.27112061,0.72887939
pattern_1,187,0,187,#BB00BB,232,0.27669442,0.72330558
pattern_1,187,0,208,#BB00D0,3,0.27346987,0.72653013
pattern_1,187,0,231,#BB00E7,1,0.26993829,0.73006171
pattern_1,187,0,236,#BB00EC,4,0.26917052,0.73082948
pattern_1,187,0,239,#BB00EF,7,0.2687099,0.7312901
pattern_1,187,0,241,#BB00F1,3,0.26840281,0.73159719
pattern_1,189,0,173,#BD00AD,3,0.27101314,0.72898686
pattern_1,189,0,181,#BD00B5,10,0.26978475,0.73021525
pattern_1,189,0,189,#BD00BD,14637,0.26855636,0.73144364
pattern_1,189,0,192,#BD00C0,52,0.26809567,0.73190433
pattern_1,189,0,198,#BD00C6,312,0.26717442,0.73282558
pattern_1,189,0,206,#BD00CE,77,0.26594603,0.73405397
pattern_1,189,0,211,#BD00D3,4,0.26517826,0.73482174
pattern_1,189,0,214,#BD00D6,23,0.26471764,0.73528236
pattern_1,189,0,222,#BD00DE,11,0.26348925,0.73651075
pattern_1,189,0,228,#BD00E4,4,0.26256794,0.73743206
pattern_1,189,0,231,#BD00E7,12,0.26210731,0.73789269
pattern_1,189,0,239,#BD00EF,28,0.26087892,0.73912108
pattern_1,189,0,244,#BD00F4,9,0.26011115,0.73988885
pattern_1,189,0,247,#BD00F7,50,0.25965053,0.74034947
pattern_1,189,0,249,#BD00F9,9,0.25934345,0.74065655
pattern_1,189,0,255,#BD00FF,842,0.25842214,0.74157786
pattern_1,189,4,255,#BD04FF,12,0.25848353,0.74151647
pattern_1,189,20,255,#BD14FF,1,0.25872922,0.74127078
pattern_1,189,31,255,#BD1FFF,1,0.25889814,0.74110186
pattern_1,189,32,255,#BD20FF,2,0.25891352,0.74108648
pattern_1,189,56,252,#BD38FC,2,0.25974268,0.74025732
pattern_1,189,65,252,#BD41FC,3,0.25988084,0.74011916
pattern_1,189,65,255,#BD41FF,17,0.25942022,0.74057978
pattern_1,189,78,252,#BD4EFC,1,0.26008046,0.73991954
pattern_1,189,85,249,#BD55F9,5,0.26064861,0.73935139
pattern_1,189,87,249,#BD57F9,10,0.2606793,0.7393207
pattern_1,192,0,189,#C000BD,2,0.25680989,0.74319011
pattern_1,192,0,192,#C000C0,5340,0.25634921,0.74365079
pattern_1,192,0,197,#C000C5,13,0.2555815,0.7444185
pattern_1,192,0,203,#C000CB,19,0.25466019,0.74533981
pattern_1,192,0,205,#C000CD,5,0.25435311,0.74564689
pattern_1,192,0,206,#C000CE,7,0.25419956,0.74580044
pattern_1,192,0,225,#C000E1,9,0.25128216,0.74871784
pattern_1,192,0,227,#C000E3,4,0.25097501,0.74902499
pattern_1,192,0,231,#C000E7,2,0.25036085,0.74963915
pattern_1,192,0,233,#C000E9,14,0.25005376,0.74994624
pattern_1,192,0,236,#C000EC,5,0.24959308,0.75040692
pattern_1,192,0,244,#C000F4,4,0.24836469,0.75163531
pattern_1,192,0,249,#C000F9,27,0.24759698,0.75240302
pattern_1,192,0,252,#C000FC,1,0.24713629,0.75286371
pattern_1,192,0,255,#C000FF,285,0.24667567,0.75332433
pattern_1,192,16,255,#C010FF,1,0.24692136,0.75307864
pattern_1,192,23,255,#C017FF,6,0.24702883,0.75297117
pattern_1,192,74,252,#C04AFC,1,0.2482726,0.7517274
pattern_1,192,83,249,#C053F9,2,0.24887145,0.75112855
pattern_1,192,87,249,#C057F9,3,0.24893284,0.75106716
pattern_1,193,0,193,#C100C1,89,0.25228018,0.74771982
pattern_1,193,0,255,#C100FF,10,0.24276018,0.75723982
pattern_1,194,0,194,#C200C2,2792,0.24821115,0.75178885
pattern_1,194,0,195,#C200C3,12,0.2480576,0.7519424
pattern_1,194,0,216,#C200D8,7,0.24483311,0.75516689
pattern_1,194,0,222,#C200DE,2,0.2439118,0.7560882
pattern_1,194,0,249,#C200F9,16,0.239766,0.760234
pattern_1,194,0,255,#C200FF,244,0.23884469,0.76115531
pattern_1,194,63,252,#C23FFC,2,0.2402727,0.7597273
pattern_1,195,0,192,#C300C0,37,0.2446028,0.7553972
pattern_1,195,0,195,#C300C3,1148,0.24414212,0.75585788
pattern_1,195,0,200,#C300C8,5,0.24337441,0.75662559
pattern_1,195,0,205,#C300CD,4,0.24260664,0.75739336
pattern_1,195,0,222,#C300DE,4,0.23999631,0.76000369
pattern_1,195,0,225,#C300E1,3,0.23953569,0.76046431
pattern_1,195,0,228,#C300E4,4,0.23907501,0.76092499
pattern_1,195,0,230,#C300E6,3,0.23876792,0.76123208
pattern_1,195,0,231,#C300E7,6,0.23861438,0.76138562
pattern_1,195,0,233,#C300E9,3,0.2383073,0.7616927
pattern_1,195,0,238,#C300EE,3,0.23753953,0.76246047
pattern_1,195,0,239,#C300EF,9,0.23738599,0.76261401
pattern_1,195,0,244,#C300F4,3,0.23661822,0.76338178
pattern_1,195,0,255,#C300FF,107,0.2349292,0.7650708
pattern_1,195,2,255,#C302FF,14,0.2349599,0.7650401
pattern_1,197,0,195,#C500C3,14,0.23631114,0.76368886
pattern_1,197,0,197,#C500C5,3761,0.23600405,0.76399595
pattern_1,197,0,211,#C500D3,10,0.23385435,0.76614565
pattern_1,197,0,219,#C500DB,14,0.23262596,0.76737404
pattern_1,197,0,225,#C500E1,4,0.23170471,0.76829529
pattern_1,197,0,230,#C500E6,4,0.23093694,0.76906306
pattern_1,197,0,231,#C500E7,2,0.2307834,0.7692166
pattern_1,197,0,233,#C500E9,12,0.23047632,0.76952368
pattern_1,197,0,236,#C500EC,1,0.23001564,0.76998436
pattern_1,197,0,239,#C500EF,5,0.22955501,0.77044499
pattern_1,197,0,241,#C500F1,7,0.22924793,0.77075207
pattern_1,197,0,249,#C500F9,18,0.22801954,0.77198046
pattern_1,197,0,252,#C500FC,19,0.22755891,0.77244109
pattern_1,197,0,255,#C500FF,139,0.22709823,0.77290177
pattern_1,197,81,249,#C551F9,3,0.22926325,0.77073675
pattern_1,197,85,249,#C555F9,2,0.2293247,0.7706753
pattern_1,197,86,249,#C556F9,2,0.22934008,0.77065992
pattern_1,198,0,189,#C600BD,1,0.23331696,0.76668304
pattern_1,198,0,198,#C600C6,10397,0.23193502,0.76806498
pattern_1,198,0,206,#C600CE,443,0.23070663,0.76929337
pattern_1,198,0,214,#C600D6,5,0.22947824,0.77052176
pattern_1,198,0,219,#C600DB,6,0.22871047,0.77128953
pattern_1,198,0,222,#C600DE,65,0.22824985,0.77175015
pattern_1,198,0,231,#C600E7,4,0.22686791,0.77313209
pattern_1,198,0,236,#C600EC,3,0.22610015,0.77389985
pattern_1,198,0,239,#C600EF,3,0.22563952,0.77436048
pattern_1,198,0,244,#C600F4,3,0.22487181,0.77512819
pattern_1,198,0,247,#C600F7,19,0.22441113,0.77558887
pattern_1,198,0,255,#C600FF,649,0.22318274,0.77681726
pattern_1,198,4,198,#C604C6,11,0.23199642,0.76800358
pattern_1,198,4,255,#C604FF,7,0.22324419,0.77675581
pattern_1,198,40,255,#C628FF,4,0.22379696,0.77620304
pattern_1,200,0,187,#C800BB,1,0.22579306,0.77420694
pattern_1,200,0,200,#C800C8,3505,0.22379696,0.77620304
pattern_1,200,0,203,#C800CB,23,0.22333628,0.77666372
pattern_1,200,0,222,#C800DE,6,0.22041887,0.77958113
pattern_1,200,0,231,#C800E7,1,0.21903694,0.78096306
pattern_1,200,0,236,#C800EC,4,0.21826923,0.78173077
pattern_1,200,0,241,#C800F1,20,0.21750146,0.78249854
pattern_1,200,0,244,#C800F4,1,0.21704084,0.78295916
pattern_1,200,0,249,#C800F9,12,0.21627307,0.78372693
pattern_1,200,0,255,#C800FF,253,0.21535176,0.78464824
pattern_1,200,2,255,#C802FF,4,0.21538252,0.78461748
pattern_1,200,12,255,#C80CFF,5,0.21553606,0.78446394
pattern_1,200,35,252,#C823FC,2,0.21634984,0.78365016
pattern_1,200,44,252,#C82CFC,1,0.21648806,0.78351194
pattern_1,200,85,249,#C855F9,1,0.21757823,0.78242177
pattern_1,201,0,201,#C900C9,38,0.21972793,0.78027207
pattern_1,201,0,255,#C900FF,46,0.21143627,0.78856373
pattern_1,203,0,203,#CB00CB,4566,0.21158981,0.78841019
pattern_1,203,0,205,#CB00CD,6,0.21128273,0.78871727
pattern_1,203,0,209,#CB00D1,4,0.21066856,0.78933144
pattern_1,203,0,214,#CB00D6,6,0.2099008,0.7900992
pattern_1,203,0,216,#CB00D8,3,0.20959371,0.79040629
pattern_1,203,0,219,#CB00DB,20,0.20913309,0.79086691
pattern_1,203,0,222,#CB00DE,11,0.2086724,0.7913276
pattern_1,203,0,225,#CB00E1,8,0.20821178,0.79178822
pattern_1,203,0,228,#CB00E4,4,0.20775115,0.79224885
pattern_1,203,0,236,#CB00EC,3,0.20652276,0.79347724
pattern_1,203,0,241,#CB00F1,7,0.205755,0.794245
pattern_1,203,0,247,#CB00F7,1,0.20483369,0.79516631
pattern_1,203,0,249,#CB00F9,8,0.2045266,0.7954734
pattern_1,203,0,255,#CB00FF,209,0.20360529,0.79639471
pattern_1,203,23,255,#CB17FF,1,0.20395845,0.79604155
pattern_1,203,83,252,#CB53FC,2,0.20534045,0.79465955
pattern_1,205,0,205,#CD00CD,2629,0.20345175,0.79654825
pattern_1,205,0,208,#CD00D0,44,0.20299113,0.79700887
pattern_1,205,0,227,#CD00E3,4,0.20007372,0.79992628
pattern_1,205,0,228,#CD00E4,6,0.19992018,0.80007982
pattern_1,205,0,231,#CD00E7,1,0.19945949,0.80054051
pattern_1,205,0,234,#CD00EA,3,0.19899887,0.80100113
pattern_1,205,0,249,#CD00F9,9,0.19669563,0.80330437
pattern_1,205,0,252,#CD00FC,20,0.196235,0.803765
pattern_1,205,0,255,#CD00FF,247,0.19577432,0.80422568
pattern_1,205,1,255,#CD01FF,9,0.19578969,0.80421031
pattern_1,205,54,255,#CD36FF,2,0.19660354,0.80339646
pattern_1,205,70,252,#CD46FC,2,0.19730985,0.80269015
pattern_1,205,82,252,#CD52FC,2,0.19749409,0.80250591
pattern_1,206,0,206,#CE00CE,10090,0.19938272,0.80061728
pattern_1,206,0,214,#CE00D6,480,0.19815433,0.80184567
pattern_1,206,0,222,#CE00DE,55,0.19692594,0.80307406
pattern_1,206,0,225,#CE00E1,4,0.19646531,0.80353469
pattern_1,206,0,231,#CE00E7,40,0.195544,0.804456
pattern_1,206,0,236,#CE00EC,2,0.1947763,0.8052237
pattern_1,206,0,239,#CE00EF,20,0.19431561,0.80568439
pattern_1,206,0,244,#CE00F4,1,0.1935479,0.8064521
pattern_1,206,0,247,#CE00F7,17,0.19308722,0.80691278
pattern_1,206,0,255,#CE00FF,655,0.19185889,0.80814111
pattern_1,206,4,255,#CE04FF,3,0.19192028,0.80807972
pattern_1,206,12,255,#CE0CFF,5,0.19204313,0.80795687
pattern_1,206,36,255,#CE24FF,6,0.19241166,0.80758834
pattern_1,206,65,255,#CE41FF,11,0.19285691,0.80714309
pattern_1,208,0,208,#D000D0,2364,0.19124466,0.80875534
pattern_1,208,0,214,#D000D6,5,0.19032335,0.80967665
pattern_1,208,0,222,#D000DE,5,0.18909496,0.81090504
pattern_1,208,0,228,#D000E4,9,0.18817371,0.81182629
pattern_1,208,0,233,#D000E9,11,0.18740594,0.81259406
pattern_1,208,0,239,#D000EF,1,0.18648463,0.81351537
pattern_1,208,0,241,#D000F1,2,0.18617755,0.81382245
pattern_1,208,0,244,#D000F4,2,0.18571693,0.81428307
pattern_1,208,0,249,#D000F9,13,0.18494916,0.81505084
pattern_1,208,0,255,#D000FF,147,0.18402791,0.81597209
pattern_1,208,82,252,#D052FC,5,0.18574762,0.81425238
pattern_1,209,0,209,#D100D1,2811,0.18717563,0.81282437
pattern_1,209,0,211,#D100D3,8,0.18686855,0.81313145
pattern_1,209,0,225,#D100E1,7,0.18471885,0.81528115
pattern_1,209,0,233,#D100E9,2,0.18349046,0.81650954
pattern_1,209,0,236,#D100EC,6,0.18302983,0.81697017
pattern_1,210,0,255,#D200FF,47,0.17619693,0.82380307
pattern_1,211,0,211,#D300D3,5461,0.17903757,0.82096243
pattern_1,211,0,222,#D300DE,4,0.17734855,0.82265145
pattern_1,211,0,231,#D300E7,12,0.17596656,0.82403344
pattern_1,211,0,236,#D300EC,14,0.17519885,0.82480115
pattern_1,211,0,239,#D300EF,12,0.17473823,0.82526177
pattern_1,211,0,241,#D300F1,8,0.17443109,0.82556891
pattern_1,211,0,244,#D300F4,6,0.17397046,0.82602954
pattern_1,211,0,249,#D300F9,29,0.17320269,0.82679731
pattern_1,211,0,255,#D300FF,285,0.17228144,0.82771856
pattern_1,211,70,252,#D346FC,12,0.17381692,0.82618308
pattern_1,211,75,252,#D34BFC,1,0.17389369,0.82610631
pattern_1,211,83,252,#D353FC,3,0.17401654,0.82598346
pattern_1,214,0,198,#D600C6,9,0.1692872,0.8307128
pattern_1,214,0,206,#D600CE,59,0.16805881,0.83194119
pattern_1,214,0,214,#D600D6,13917,0.16683048,0.83316952
pattern_1,214,0,222,#D600DE,364,0.16560209,0.83439791
pattern_1,214,0,230,#D600E6,6,0.1643737,0.8356263
pattern_1,214,0,231,#D600E7,17,0.16422015,0.83577985
pattern_1,214,0,239,#D600EF,6,0.16299176,0.83700824
pattern_1,214,0,247,#D600F7,51,0.16176337,0.83823663
pattern_1,214,0,249,#D600F9,2,0.16145623,0.83854377
pattern_1,214,0,255,#D600FF,1107,0.16053498,0.83946502
pattern_1,214,4,214,#D604D6,14,0.16689187,0.83310813
pattern_1,214,8,255,#D608FF,14,0.16065782,0.83934218
pattern_1,214,12,255,#D60CFF,3,0.16071922,0.83928078
pattern_1,214,20,255,#D614FF,3,0.16084206,0.83915794
pattern_1,214,44,255,#D62CFF,5,0.1612106,0.8387894
pattern_1,214,75,252,#D64BFC,1,0.16214722,0.83785278
pattern_1,214,81,252,#D651FC,1,0.16223937,0.83776063
pattern_1,214,83,252,#D653FC,2,0.16227007,0.83772993
pattern_1,216,0,216,#D800D8,103,0.15869236,0.84130764
pattern_1,216,0,217,#D800D9,25,0.15853882,0.84146118
pattern_1,216,0,236,#D800EC,9,0.15562141,0.84437859
pattern_1,216,0,244,#D800F4,5,0.15439302,0.84560698
pattern_1,216,0,249,#D800F9,1,0.15362531,0.84637469
pattern_1,216,0,255,#D800FF,166,0.152704,0.847296
pattern_1,216,79,252,#D84FFC,5,0.15437764,0.84562236
pattern_1,217,0,217,#D900D9,5099,0.15462333,0.84537667
pattern_1,217,0,219,#D900DB,12,0.15431625,0.84568375
pattern_1,217,0,220,#D900DC,6,0.1541627,0.8458373
pattern_1,217,0,222,#D900DE,21,0.15385562,0.84614438
pattern_1,217,0,228,#D900E4,19,0.15293431,0.84706569
pattern_1,217,0,233,#D900E9,2,0.15216655,0.84783345
pattern_1,217,0,236,#D900EC,13,0.15170592,0.84829408
pattern_1,217,0,239,#D900EF,9,0.1512453,0.8487547
pattern_1,217,0,241,#D900F1,1,0.15093815,0.84906185
pattern_1,217,0,249,#D900F9,1,0.14970982,0.85029018
pattern_1,217,0,255,#D900FF,88,0.14878851,0.85121149
pattern_1,217,6,255,#D906FF,13,0.14888066,0.85111934
pattern_1,218,0,255,#DA00FF,53,0.14487302,0.85512698
pattern_1,219,0,219,#DB00DB,2893,0.14648527,0.85351473
pattern_1,219,0,230,#DB00E6,9,0.14479625,0.85520375
pattern_1,219,0,231,#DB00E7,6,0.14464271,0.85535729
pattern_1,219,0,233,#DB00E9,5,0.14433557,0.85566443
pattern_1,219,0,236,#DB00EC,9,0.14387494,0.85612506
pattern_1,219,0,241,#DB00F1,5,0.14310724,0.85689276
pattern_1,219,0,249,#DB00F9,3,0.14187884,0.85812116
pattern_1,219,0,255,#DB00FF,121,0.14095753,0.85904247
pattern_1,219,63,252,#DB3FFC,1,0.14238554,0.85761446
pattern_1,219,73,252,#DB49FC,1,0.14253908,0.85746092
pattern_1,219,79,252,#DB4FFC,1,0.14263123,0.85736877
pattern_1,219,81,252,#DB51FC,2,0.14266193,0.85733807
pattern_1,220,0,220,#DC00DC,2868,0.14241624,0.85758376
pattern_1,222,0,198,#DE00C6,2,0.13796335,0.86203665
pattern_1,222,0,206,#DE00CE,1,0.13673496,0.86326504
pattern_1,222,0,214,#DE00D6,123,0.13550657,0.86449343
pattern_1,222,0,222,#DE00DE,17256,0.13427818,0.86572182
pattern_1,222,0,231,#DE00E7,553,0.13289624,0.86710376
pattern_1,222,0,233,#DE00E9,8,0.13258916,0.86741084
pattern_1,222,0,236,#DE00EC,24,0.13212848,0.86787152
pattern_1,222,0,239,#DE00EF,48,0.13166785,0.86833215
pattern_1,222,0,244,#DE00F4,1,0.13090008,0.86909992
pattern_1,222,0,247,#DE00F7,55,0.13043946,0.86956054
pattern_1,222,0,249,#DE00F9,21,0.13013238,0.86986762
pattern_1,222,0,255,#DE00FF,1021,0.12921107,0.87078893
pattern_1,222,4,255,#DE04FF,2,0.12927246,0.87072754
pattern_1,222,8,255,#DE08FF,3,0.12933391,0.87066609
pattern_1,222,20,222,#DE14DE,3,0.13458526,0.86541474
pattern_1,222,24,255,#DE18FF,2,0.1295796,0.8704204
pattern_1,222,28,255,#DE1CFF,13,0.129641,0.870359
pattern_1,222,40,255,#DE28FF,4,0.12982523,0.87017477
pattern_1,222,48,255,#DE30FF,2,0.12994808,0.87005192
pattern_1,222,56,252,#DE38FC,1,0.13053161,0.86946839
pattern_1,222,56,255,#DE38FF,1,0.13007092,0.86992908
pattern_1,222,65,255,#DE41FF,2,0.13020915,0.86979085
pattern_1,222,73,252,#DE49FC,2,0.13079262,0.86920738
pattern_1,222,77,252,#DE4DFC,1,0.13085401,0.86914599
pattern_1,222,77,255,#DE4DFF,1,0.13039339,0.86960661
pattern_1,225,0,225,#E100E1,7958,0.12207109,0.87792891
pattern_1,225,0,230,#E100E6,10,0.12130332,0.87869668
pattern_1,225,0,231,#E100E7,7,0.12114978,0.87885022
pattern_1,225,0,244,#E100F4,4,0.11915362,0.88084638
pattern_1,225,0,247,#E100F7,2,0.11869299,0.88130701
pattern_1,225,0,255,#E100FF,177,0.1174646,0.8825354
pattern_1,225,1,255,#E101FF,32,0.11747998,0.88252002
pattern_1,225,70,252,#E146FC,4,0.11900008,0.88099992
pattern_1,226,0,226,#E200E2,13,0.118002,0.881998
pattern_1,226,0,255,#E200FF,15,0.11354911,0.88645089
pattern_1,227,0,227,#E300E3,1913,0.11393297,0.88606703
pattern_1,227,0,230,#E300E6,17,0.11347234,0.88652766
pattern_1,227,0,239,#E300EF,16,0.11209041,0.88790959
pattern_1,227,0,241,#E300F1,7,0.11178333,0.88821667
pattern_1,227,0,247,#E300F7,4,0.11086202,0.88913798
pattern_1,227,0,255,#E300FF,175,0.10963362,0.89036638
pattern_1,227,1,255,#E301FF,17,0.109649,0.890351
pattern_1,227,44,255,#E32CFF,1,0.11030924,0.88969076
pattern_1,227,59,252,#E33BFC,1,0.11100024,0.88899976
pattern_1,227,62,255,#E33EFF,3,0.11058563,0.88941437
pattern_1,227,85,252,#E355FC,1,0.11139941,0.88860059
pattern_1,228,0,228,#E400E4,3898,0.10986394,0.89013606
pattern_1,230,0,175,#E600AF,1,0.11017108,0.88982892
pattern_1,230,0,230,#E600E6,8846,0.10172588,0.89827412
pattern_1,230,0,238,#E600EE,13,0.10049748,0.89950252
pattern_1,230,0,244,#E600F4,1,0.09957623,0.90042377
pattern_1,230,0,247,#E600F7,4,0.09911555,0.90088445
pattern_1,230,0,255,#E600FF,153,0.09788716,0.90211284
pattern_1,230,27,255,#E61BFF,2,0.09830177,0.90169823
pattern_1,230,69,252,#E645FC,3,0.09940732,0.90059268
pattern_1,230,83,252,#E653FC,1,0.09962225,0.90037775
pattern_1,231,0,206,#E700CE,4,0.10149556,0.89850444
pattern_1,231,0,214,#E700D6,15,0.10026717,0.89973283
pattern_1,231,0,222,#E700DE,69,0.09903878,0.90096122
pattern_1,231,0,231,#E700E7,15756,0.09765685,0.90234315
pattern_1,231,0,239,#E700EF,597,0.09642845,0.90357155
pattern_1,231,0,247,#E700F7,133,0.09520006,0.90479994
pattern_1,231,0,255,#E700FF,1283,0.09397167,0.90602833
pattern_1,231,4,255,#E704FF,10,0.09403312,0.90596688
pattern_1,231,12,231,#E70CE7,11,0.09784108,0.90215892
pattern_1,231,12,255,#E70CFF,3,0.09415597,0.90584403
pattern_1,231,56,255,#E738FF,5,0.09483159,0.90516841
pattern_1,231,69,255,#E745FF,12,0.09503114,0.90496886
pattern_1,231,85,255,#E755FF,13,0.09527683,0.90472317
pattern_1,233,0,200,#E900C8,3,0.0945859,0.9054141
pattern_1,233,0,216,#E900D8,2,0.09212911,0.90787089
pattern_1,233,0,233,#E900E9,6702,0.08951879,0.91048121
pattern_1,233,0,236,#E900EC,3,0.08905816,0.91094184
pattern_1,233,0,244,#E900F4,5,0.08782977,0.91217023
pattern_1,233,0,249,#E900F9,7,0.087062,0.912938
pattern_1,233,0,255,#E900FF,160,0.08614069,0.91385931
pattern_1,233,16,255,#E910FF,5,0.08638638,0.91361362
pattern_1,233,21,255,#E915FF,1,0.08646315,0.91353685
pattern_1,233,60,252,#E93CFC,1,0.08752263,0.91247737
pattern_1,233,71,252,#E947FC,2,0.08769155,0.91230845
pattern_1,233,79,252,#E94FFC,3,0.08781439,0.91218561
pattern_1,234,0,255,#EA00FF,19,0.0822252,0.9177748
pattern_1,234,69,255,#EA45FF,3,0.08328474,0.91671526
pattern_1,235,0,235,#EB00EB,29,0.08138072,0.91861928
pattern_1,236,0,236,#EC00EC,12150,0.07731169,0.92268831
pattern_1,236,0,241,#EC00F1,10,0.07654393,0.92345607
pattern_1,236,0,244,#EC00F4,5,0.0760833,0.9239167
pattern_1,236,0,252,#EC00FC,3,0.07485491,0.92514509
pattern_1,236,0,255,#EC00FF,108,0.07439423,0.92560577
pattern_1,236,60,252,#EC3CFC,1,0.07577616,0.92422384
pattern_1,238,0,238,#EE00EE,7814,0.06917357,0.93082643
pattern_1,238,0,241,#EE00F1,21,0.06871295,0.93128705
pattern_1,238,0,247,#EE00F7,14,0.06779164,0.93220836
pattern_1,238,0,255,#EE00FF,38,0.06656325,0.93343675
pattern_1,238,46,255,#EE2EFF,2,0.06726962,0.93273038
pattern_1,238,66,252,#EE42FC,3,0.06803733,0.93196267
pattern_1,239,0,181,#EF00B5,4,0.07401037,0.92598963
pattern_1,239,0,206,#EF00CE,3,0.07017165,0.92982835
pattern_1,239,0,222,#EF00DE,38,0.06771487,0.93228513
pattern_1,239,0,231,#EF00E7,212,0.06633294,0.93366706
pattern_1,239,0,239,#EF00EF,28796,0.06510454,0.93489546
pattern_1,239,0,247,#EF00F7,941,0.06387615,0.93612385
pattern_1,239,0,252,#EF00FC,22,0.06310844,0.93689156
pattern_1,239,0,255,#EF00FF,2508,0.06264782,0.93735218
pattern_1,239,12,255,#EF0CFF,3,0.06283206,0.93716794
pattern_1,239,24,255,#EF18FF,5,0.0630163,0.9369837
pattern_1,239,32,255,#EF20FF,11,0.06313914,0.93686086
pattern_1,239,44,255,#EF2CFF,12,0.06332338,0.93667662
pattern_1,239,48,255,#EF30FF,1,0.06338483,0.93661517
pattern_1,239,60,239,#EF3CEF,6,0.06602585,0.93397415
pattern_1,239,65,255,#EF41FF,8,0.06364584,0.93635416
pattern_1,239,86,255,#EF56FF,2,0.0639683,0.9360317
pattern_1,241,0,241,#F100F1,11433,0.05696648,0.94303352
pattern_1,241,0,244,#F100F4,10,0.05650586,0.94349414
pattern_1,241,0,255,#F100FF,52,0.05481684,0.94518316
pattern_1,241,31,255,#F11FFF,1,0.05529284,0.94470716
pattern_1,241,67,252,#F143FC,3,0.05630624,0.94369376
pattern_1,241,76,255,#F14CFF,1,0.05598378,0.94401622
pattern_1,243,0,243,#F300F3,215,0.04882842,0.95117158
pattern_1,243,0,255,#F300FF,18,0.04698586,0.95301414
pattern_1,244,0,170,#F400AA,1,0.056122,0.943878
pattern_1,244,0,181,#F400B5,6,0.05443293,0.94556707
pattern_1,244,0,244,#F400F4,15225,0.04475939,0.95524061
pattern_1,244,0,249,#F400F9,2,0.04399163,0.95600837
pattern_1,244,0,252,#F400FC,1,0.043531,0.956469
pattern_1,244,0,255,#F400FF,118,0.04307038,0.95692962
pattern_1,244,50,255,#F432FF,1,0.04383808,0.95616192
pattern_1,247,0,206,#F700CE,4,0.03884774,0.96115226
pattern_1,247,0,231,#F700E7,8,0.03500909,0.96499091
pattern_1,247,0,239,#F700EF,165,0.03378069,0.96621931
pattern_1,247,0,247,#F700F7,69731,0.0325523,0.9674477
pattern_1,247,0,249,#F700F9,22,0.03224516,0.96775484
pattern_1,247,0,252,#F700FC,2,0.03178453,0.96821547
pattern_1,247,0,255,#F700FF,13437,0.03132391,0.96867609
pattern_1,247,4,247,#F704F7,9,0.03261369,0.96738631
pattern_1,247,4,255,#F704FF,51,0.0313853,0.9686147
pattern_1,247,8,255,#F708FF,25,0.03144675,0.96855325
pattern_1,247,12,255,#F70CFF,7,0.03150815,0.96849185
pattern_1,247,16,255,#F710FF,21,0.0315696,0.9684304
pattern_1,247,20,255,#F714FF,20,0.03163099,0.96836901
pattern_1,247,24,255,#F718FF,7,0.03169239,0.96830761
pattern_1,247,28,255,#F71CFF,13,0.03175384,0.96824616
pattern_1,247,32,255,#F720FF,26,0.03181523,0.96818477
pattern_1,247,36,247,#F724F7,18,0.03310508,0.96689492
pattern_1,247,36,255,#F724FF,3,0.03187668,0.96812332
pattern_1,247,40,255,#F728FF,4,0.03193808,0.96806192
pattern_1,247,43,255,#F72BFF,2,0.03198415,0.96801585
pattern_1,247,44,255,#F72CFF,16,0.03199953,0.96800047
pattern_1,247,48,255,#F730FF,4,0.03206092,0.96793908
pattern_1,247,56,255,#F738FF,2,0.03218377,0.96781623
pattern_1,247,65,247,#F741F7,12,0.03355032,0.96644968
pattern_1,247,65,255,#F741FF,3,0.03232199,0.96767801
pattern_1,247,73,247,#F749F7,8,0.03367317,0.96632683
pattern_1,247,77,247,#F74DF7,1,0.03373462,0.96626538
pattern_1,247,77,255,#F74DFF,2,0.03250623,0.96749377
pattern_1,247,85,255,#F755FF,2,0.03262907,0.96737093
pattern_1,249,0,249,#F900F9,37739,0.02441424,0.97558576
pattern_1,249,0,252,#F900FC,5,0.02395356,0.97604644
pattern_1,249,0,255,#F900FF,74,0.02349293,0.97650707
pattern_1,249,54,255,#F936FF,6,0.02432209,0.97567791
pattern_1,249,62,255,#F93EFF,3,0.02444494,0.97555506
pattern_1,251,0,251,#FB00FB,1499,0.01627612,0.98372388
pattern_1,252,0,252,#FC00FC,59633,0.01220709,0.98779291
pattern_1,252,0,255,#FC00FF,40,0.01174647,0.98825353
pattern_1,252,27,255,#FC1BFF,2,0.01216102,0.98783898
pattern_1,255,0,167,#FF00A7,144,0.01351225,0.98648775
pattern_1,255,0,170,#FF00AA,1513,0.01305163,0.98694837
pattern_1,255,0,172,#FF00AC,667,0.01274455,0.98725545
pattern_1,255,0,173,#FF00AD,218,0.012591,0.987409
pattern_1,255,0,175,#FF00AF,208,0.01228386,0.98771614
pattern_1,255,0,178,#FF00B2,151,0.01182324,0.98817676
pattern_1,255,0,181,#FF00B5,502,0.01136261,0.98863739
pattern_1,255,0,183,#FF00B7,57,0.01105547,0.98894453
pattern_1,255,0,184,#FF00B8,3,0.01090193,0.98909807
pattern_1,255,0,185,#FF00B9,1,0.01074839,0.98925161
pattern_1,255,0,186,#FF00BA,28,0.01059484,0.98940516
pattern_1,255,0,189,#FF00BD,480,0.01013422,0.98986578
pattern_1,255,0,192,#FF00C0,59,0.00967354,0.99032646
pattern_1,255,0,193,#FF00C1,8,0.00951999,0.99048001
pattern_1,255,0,194,#FF00C2,28,0.00936645,0.99063355
pattern_1,255,0,195,#FF00C3,106,0.00921291,0.99078709
pattern_1,255,0,197,#FF00C5,27,0.00890583,0.99109417
pattern_1,255,0,198,#FF00C6,491,0.00875229,0.99124771
pattern_1,255,0,200,#FF00C8,99,0.00844514,0.99155486
pattern_1,255,0,201,#FF00C9,23,0.0082916,0.9917084
pattern_1,255,0,202,#FF00CA,9,0.00813806,0.99186194
pattern_1,255,0,203,#FF00CB,183,0.00798452,0.99201548
pattern_1,255,0,205,#FF00CD,109,0.00767744,0.99232256
pattern_1,255,0,206,#FF00CE,932,0.00752389,0.99247611
pattern_1,255,0,208,#FF00D0,94,0.00721675,0.99278325
pattern_1,255,0,210,#FF00D2,54,0.00690967,0.99309033
pattern_1,255,0,211,#FF00D3,111,0.00675613,0.99324387
pattern_1,255,0,214,#FF00D6,694,0.0062955,0.9937045
pattern_1,255,0,216,#FF00D8,64,0.00598842,0.99401158
pattern_1,255,0,217,#FF00D9,90,0.00583482,0.99416518
pattern_1,255,0,218,#FF00DA,19,0.00568128,0.99431872
pattern_1,255,0,219,#FF00DB,191,0.00552773,0.99447227
pattern_1,255,0,222,#FF00DE,1029,0.00506711,0.99493289
pattern_1,255,0,225,#FF00E1,133,0.00460643,0.99539357
pattern_1,255,0,226,#FF00E2,20,0.00445288,0.99554712
pattern_1,255,0,227,#FF00E3,91,0.00429934,0.99570066
pattern_1,255,0,230,#FF00E6,53,0.00383872,0.99616128
pattern_1,255,0,231,#FF00E7,1329,0.00368518,0.99631482
pattern_1,255,0,233,#FF00E9,174,0.00337809,0.99662191
pattern_1,255,0,234,#FF00EA,42,0.00322449,0.99677551
pattern_1,255,0,236,#FF00EC,240,0.00291741,0.99708259
pattern_1,255,0,238,#FF00EE,59,0.00261033,0.99738967
pattern_1,255,0,239,#FF00EF,2710,0.00245678,0.99754322
pattern_1,255,0,241,#FF00F1,95,0.0021497,0.9978503
pattern_1,255,0,243,#FF00F3,25,0.00184256,0.99815744
pattern_1,255,0,244,#FF00F4,259,0.00168902,0.99831098
pattern_1,255,0,247,#FF00F7,8045,0.00122839,0.99877161
pattern_1,255,0,249,#FF00F9,196,0.00092131,0.99907869
pattern_1,255,0,251,#FF00FB,47,0.00061417,0.99938583
pattern_1,255,0,252,#FF00FC,94,0.00046062,0.99953938
pattern_1,255,4,255,#FF04FF,3866,6.139e-05,0.99993861
pattern_1,255,8,255,#FF08FF,888,0.00012285,0.99987715
pattern_1,255,12,255,#FF0CFF,387,0.00018424,0.99981576
pattern_1,255,16,255,#FF10FF,396,0.00024569,0.99975431
pattern_1,255,20,255,#FF14FF,96,0.00030708,0.99969292
pattern_1,255,24,255,#FF18FF,112,0.00036854,0.99963146
pattern_1,255,26,255,#FF1AFF,8,0.00039923,0.99960077
pattern_1,255,28,255,#FF1CFF,53,0.00042993,0.99957007
pattern_1,255,32,255,#FF20FF,113,0.00049138,0.99950862
pattern_1,255,36,255,#FF24FF,27,0.00055277,0.99944723
pattern_1,255,40,255,#FF28FF,26,0.00061417,0.99938583
pattern_1,255,44,255,#FF2CFF,31,0.00067562,0.99932438
pattern_1,255,48,255,#FF30FF,22,0.00073701,0.99926299
pattern_1,255,52,255,#FF34FF,14,0.00079846,0.99920154
pattern_1,255,56,255,#FF38FF,10,0.00085986,0.99914014
pattern_1,255,60,255,#FF3CFF,18,0.00092131,0.99907869
pattern_1,255,65,255,#FF41FF,10,0.00099808,0.99900192
pattern_1,255,69,255,#FF45FF,15,0.00105947,0.99894053
pattern_1,255,73,255,#FF49FF,1,0.00112092,0.99887908
pattern_1,255,77,255,#FF4DFF,11,0.00118232,0.99881768
pattern_1,255,81,255,#FF51FF,8,0.00124377,0.99875623
pattern_1,255,85,255,#FF55FF,12,0.00130516,0.99869484
pattern_2,0,0,247,#0000F7,9,0.99967755,0.00032245
pattern_2,0,0,255,#0000FF,155772,0.99844916,0.00155084
pattern_2,0,1,255,#0001FF,107856,0.99846451,0.00153549
pattern_2,0,2,255,#0002FF,144,0.99847987,0.00152013
pattern_2,0,4,255,#0004FF,5729,0.99851058,0.00148942
pattern_2,0,8,255,#0008FF,338,0.998572,0.001428
pattern_2,0,12,255,#000CFF,253,0.99863342,0.00136658
pattern_2,0,16,255,#0010FF,315,0.99869484,0.00130516
pattern_2,0,20,255,#0014FF,279,0.99875626,0.00124374
pattern_2,0,21,255,#0015FF,1,0.99877161,0.00122839
pattern_2,0,22,255,#0016FF,1,0.99878697,0.00121303
pattern_2,0,24,255,#0018FF,255,0.99881768,0.00118232
pattern_2,0,26,255,#001AFF,1,0.99884839,0.00115161
pattern_2,0,28,255,#001CFF,94,0.9988791,0.0011209
pattern_2,0,29,255,#001DFF,1,0.99889445,0.00110555
pattern_2,0,32,255,#0020FF,75,0.99894052,0.00105948
pattern_2,0,36,255,#0024FF,52,0.99900193,0.00099807
pattern_2,0,38,255,#0026FF,1,0.99903264,0.00096736
pattern_2,0,39,255,#0027FF,9,0.999048,0.000952
pattern_2,0,40,255,#0028FF,141,0.99906335,0.00093665
pattern_2,0,41,255,#0029FF,3,0.99907871,0.00092129
pattern_2,0,42,255,#002AFF,42,0.99909406,0.00090594
pattern_2,0,43,255,#002BFF,2,0.99910942,0.00089058
pattern_2,0,44,255,#002CFF,115,0.99912477,0.00087523
pattern_2,0,47,255,#002FFF,2,0.99917084,0.00082916
pattern_2,0,48,255,#0030FF,94,0.99918619,0.00081381
pattern_2,0,50,255,#0032FF,1,0.9992169,0.0007831
pattern_2,0,52,255,#0034FF,51,0.99924761,0.00075239
pattern_2,0,54,252,#0036FC,1,0.99973897,0.00026103
pattern_2,0,54,255,#0036FF,8,0.99927832,0.00072168
pattern_2,0,55,252,#0037FC,5,0.99975432,0.00024568
pattern_2,0,56,252,#0038FC,13,0.99976968,0.00023032
pattern_2,0,56,255,#0038FF,13,0.99930903,0.00069097
pattern_2,0,58,252,#003AFC,10,0.99980039,0.00019961
pattern_2,0,58,255,#003AFF,3,0.99933974,0.00066026
pattern_2,0,59,252,#003BFC,3,0.99981574,0.00018426
pattern_2,0,60,252,#003CFC,7,0.9998311,0.0001689
pattern_2,0,60,255,#003CFF,84,0.99937045,0.00062955
pattern_2,0,62,252,#003EFC,22,0.99986181,0.00013819
pattern_2,0,62,255,#003EFF,1,0.99940116,0.00059884
pattern_2,0,63,252,#003FFC,7,0.99987716,0.00012284
pattern_2,0,65,252,#0041FC,1,0.99990787,9.213e-05
pattern_2,0,65,255,#0041FF,124,0.99944723,0.00055277
pattern_2,0,66,252,#0042FC,7,0.99992323,7.677e-05
pattern_2,0,67,252,#0043FC,10,0.99993858,6.142e-05
pattern_2,0,67,255,#0043FF,3,0.99947794,0.00052206
pattern_2,0,69,252,#0045FC,19,0.99996929,3.071e-05
pattern_2,0,69,255,#0045FF,33,0.99950864,0.00049136
pattern_2,0,70,252,#0046FC,38,0.99998465,1.535e-05
pattern_2,0,71,252,#0047FC,18,1.0,0.0
pattern_2,0,71,255,#0047FF,35,0.99953935,0.00046065
pattern_2,0,73,255,#0049FF,65,0.99957006,0.00042994
pattern_2,0,74,255,#004AFF,25,0.99958542,0.00041458
pattern_2,0,77,255,#004DFF,24,0.99963148,0.00036852
pattern_2,0,78,255,#004EFF,7,0.99964684,0.00035316
pattern_2,0,79,255,#004FFF,1,0.99966219,0.00033781
pattern_2,0,81,255,#0051FF,36,0.9996929,0.0003071
pattern_2,0,83,255,#0053FF,8,0.99972361,0.00027639
pattern_2,0,85,255,#0055FF,109,0.99975432,0.00024568
pattern_2,5,82,249,#0552F9,1,0.98105211,0.01894789
pattern_2,5,82,252,#0552FC,4,0.98059147,0.01940853
pattern_2,5,85,249,#0555F9,2,0.98109818,0.01890182
pattern_2,8,0,181,#0800B5,1,0.97848785,0.02151215
pattern_2,8,0,247,#0800F7,11,0.96835365,0.03164635
pattern_2,8,0,255,#0800FF,8871,0.96712526,0.03287474
pattern_2,8,4,255,#0804FF,70,0.96718669,0.03281331
pattern_2,8,8,255,#0808FF,22,0.9672481,0.0327519
pattern_2,8,12,255,#080CFF,18,0.96730952,0.03269048
pattern_2,8,16,255,#0810FF,8,0.96737094,0.03262906
pattern_2,8,20,255,#0814FF,21,0.96743236,0.03256764
pattern_2,8,24,255,#0818FF,7,0.96749378,0.03250622
pattern_2,8,28,255,#081CFF,14,0.9675552,0.0324448
pattern_2,8,32,255,#0820FF,10,0.96761662,0.03238338
pattern_2,8,36,255,#0824FF,28,0.96767804,0.03232196
pattern_2,8,40,222,#0828DE,6,0.97280656,0.02719344
pattern_2,8,40,255,#0828FF,8,0.96773946,0.03226054
pattern_2,8,48,255,#0830FF,2,0.9678623,0.0321377
pattern_2,8,56,255,#0838FF,26,0.96798514,0.03201486
pattern_2,8,60,255,#083CFF,5,0.96804656,0.03195344
pattern_2,8,69,255,#0845FF,10,0.96818475,0.03181525
pattern_2,8,81,247,#0851F7,10,0.9695974,0.0304026
pattern_2,10,82,247,#0A52F7,1,0.96178178,0.03821822
pattern_2,10,85,249,#0A55F9,1,0.96152074,0.03847926
pattern_2,11,0,255,#0B00FF,5,0.9553788,0.0446212
pattern_2,13,0,255,#0D00FF,6,0.94754783,0.05245217
pattern_2,13,1,255,#0D01FF,12,0.94756319,0.05243681
pattern_2,16,0,214,#1000D6,1,0.94209686,0.05790314
pattern_2,16,0,222,#1000DE,8,0.94086847,0.05913153
pattern_2,16,0,247,#1000F7,41,0.93702976,0.06297024
pattern_2,16,0,255,#1000FF,2547,0.93580137,0.06419863
pattern_2,16,4,255,#1004FF,12,0.93586279,0.06413721
pattern_2,16,32,255,#1020FF,4,0.93629272,0.06370728
pattern_2,16,56,255,#1038FF,4,0.93666124,0.06333876
pattern_2,16,60,255,#103CFF,17,0.93672266,0.06327734
pattern_2,16,63,252,#103FFC,2,0.93722937,0.06277063
pattern_2,16,73,251,#1049FB,1,0.93753647,0.06246353
pattern_2,16,81,255,#1051FF,3,0.93704511,0.06295489
pattern_2,16,83,249,#1053F9,3,0.93799711,0.06200289
pattern_2,16,85,249,#1055F9,3,0.93802782,0.06197218
pattern_2,16,87,249,#1057F9,1,0.93805853,0.06194147
pattern_2,19,0,252,#1300FC,6,0.92451555,0.07548445
pattern_2,19,0,255,#1300FF,21,0.92405491,0.07594509
pattern_2,20,0,255,#1400FF,9,0.92013942,0.07986058
pattern_2,22,0,252,#1600FC,8,0.91276909,0.08723091
pattern_2,22,0,255,#1600FF,26,0.91230845,0.08769155
pattern_2,22,85,252,#1655FC,3,0.91407426,0.08592574
pattern_2,24,0,214,#1800D6,2,0.91077296,0.08922704
pattern_2,24,0,247,#1800F7,40,0.90570586,0.09429414
pattern_2,24,0,252,#1800FC,3,0.90493812,0.09506188
pattern_2,24,0,255,#1800FF,1362,0.90447748,0.09552252
pattern_2,24,4,255,#1804FF,32,0.90453889,0.09546111
pattern_2,24,16,255,#1810FF,8,0.90472315,0.09527685
pattern_2,24,32,255,#1820FF,10,0.90496883,0.09503117
pattern_2,24,36,255,#1824FF,16,0.90503025,0.09496975
pattern_2,24,40,255,#1828FF,1,0.90509167,0.09490833
pattern_2,24,81,255,#1851FF,6,0.90572122,0.09427878
pattern_2,24,85,247,#1855F7,5,0.90701102,0.09298898
pattern_2,27,0,255,#1B00FF,24,0.89273101,0.10726899
pattern_2,27,71,252,#1B47FC,1,0.89428186,0.10571814
pattern_2,27,81,252,#1B51FC,1,0.89443541,0.10556459
pattern_2,27,87,252,#1B57FC,1,0.89452753,0.10547247
pattern_2,28,0,255,#1C00FF,3,0.88881553,0.11118447
pattern_2,30,0,170,#1E00AA,1,0.89403617,0.10596383
pattern_2,30,0,249,#1E00F9,2,0.88190585,0.11809415
pattern_2,30,0,255,#1E00FF,65,0.88098455,0.11901545
pattern_2,32,0,255,#2000FF,12,0.87315358,0.12684642
pattern_2,32,83,239,#2053EF,1,0.87688481,0.12311519
pattern_2,33,0,170,#2100AA,6,0.88228972,0.11771028
pattern_2,33,0,214,#2100D6,6,0.87553358,0.12446642
pattern_2,33,0,247,#2100F7,19,0.87046649,0.12953351
pattern_2,33,0,255,#2100FF,819,0.86923809,0.13076191
pattern_2,33,4,255,#2104FF,7,0.86929952,0.13070048
pattern_2,33,8,255,#2108FF,9,0.86936092,0.13063908
pattern_2,33,12,255,#210CFF,2,0.86942235,0.13057765
pattern_2,35,0,252,#2300FC,3,0.86186777,0.13813223
pattern_2,35,0,255,#2300FF,48,0.86140712,0.13859288
pattern_2,37,0,255,#2500FF,28,0.85357614,0.14642386
pattern_2,38,0,249,#2600F9,4,0.85058194,0.14941806
pattern_2,38,0,255,#2600FF,99,0.84966066,0.15033934
pattern_2,38,85,249,#2655F9,1,0.85188711,0.14811289
pattern_2,38,87,249,#2657F9,4,0.85191782,0.14808218
pattern_2,41,0,247,#2900F7,21,0.83914259,0.16085741
pattern_2,41,0,251,#2900FB,17,0.83852839,0.16147161
pattern_2,41,0,255,#2900FF,651,0.8379142,0.1620858
pattern_2,41,1,255,#2901FF,7,0.83792955,0.16207045
pattern_2,41,4,247,#2904F7,7,0.839204,0.160796
pattern_2,41,4,255,#2904FF,39,0.83797562,0.16202438
pattern_2,41,36,255,#2924FF,3,0.83846697,0.16153303
pattern_2,41,44,255,#292CFF,1,0.83858982,0.16141018
pattern_2,41,48,255,#2930FF,7,0.83865122,0.16134878
pattern_2,41,70,252,#2946FC,1,0.83944969,0.16055031
pattern_2,41,73,255,#2949FF,1,0.83903509,0.16096491
pattern_2,41,74,252,#294AFC,1,0.8395111,0.1604889
pattern_2,41,81,255,#2951FF,2,0.83915794,0.16084206
pattern_2,44,0,247,#2C00F7,5,0.82739612,0.17260388
pattern_2,44,0,249,#2C00F9,14,0.82708903,0.17291097
pattern_2,44,0,255,#2C00FF,158,0.82616773,0.17383227
pattern_2,44,83,249,#2C53F9,2,0.82836348,0.17163652
pattern_2,44,85,249,#2C55F9,1,0.82839419,0.17160581
pattern_2,45,0,255,#2D00FF,26,0.82225224,0.17774776
pattern_2,46,0,252,#2E00FC,3,0.81879741,0.18120259
pattern_2,46,0,255,#2E00FF,60,0.81833677,0.18166323
pattern_2,49,0,238,#3100EE,1,0.80920063,0.19079937
pattern_2,49,0,239,#3100EF,30,0.80904707,0.19095293
pattern_2,49,0,247,#3100F7,4,0.8078187,0.1921813
pattern_2,49,0,249,#3100F9,51,0.8075116,0.1924884
pattern_2,49,0,255,#3100FF,603,0.8065903,0.1934097
pattern_2,49,8,255,#3108FF,8,0.80671313,0.19328687
pattern_2,49,16,255,#3110FF,7,0.80683598,0.19316402
pattern_2,49,85,255,#3155FF,3,0.80789547,0.19210453
pattern_2,52,0,238,#3400EE,3,0.79745416,0.20254584
pattern_2,52,0,241,#3400F1,5,0.79699352,0.20300648
pattern_2,52,0,247,#3400F7,9,0.79607223,0.20392777
pattern_2,52,0,255,#3400FF,31,0.79484384,0.20515616
pattern_2,52,28,247,#341CF7,2,0.79650216,0.20349784
pattern_2,52,59,255,#343BFF,5,0.79574978,0.20425022
pattern_2,53,0,255,#3500FF,21,0.79092835,0.20907165
pattern_2,54,0,249,#3600F9,8,0.78793415,0.21206585
pattern_2,54,0,255,#3600FF,13,0.78701286,0.21298714
pattern_2,55,0,230,#3700E6,1,0.78693609,0.21306391
pattern_2,55,0,238,#3700EE,2,0.78570771,0.21429229
pattern_2,55,0,247,#3700F7,1,0.78432576,0.21567424
pattern_2,55,0,249,#3700F9,1,0.78401867,0.21598133
pattern_2,55,0,252,#3700FC,7,0.78355803,0.21644197
pattern_2,55,0,255,#3700FF,129,0.78309739,0.21690261
pattern_2,57,0,227,#3900E3,30,0.77956577,0.22043423
pattern_2,57,0,230,#3900E6,2,0.77910511,0.22089489
pattern_2,57,0,231,#3900E7,11,0.77895157,0.22104843
pattern_2,57,0,233,#3900E9,16,0.77864447,0.22135553
pattern_2,57,0,238,#3900EE,8,0.77787673,0.22212327
pattern_2,57,0,239,#3900EF,3,0.77772318,0.22227682
pattern_2,57,0,241,#3900F1,2,0.77741608,0.22258392
pattern_2,57,0,247,#3900F7,85,0.7764948,0.2235052
pattern_2,57,0,252,#3900FC,16,0.77572705,0.22427295
pattern_2,57,0,255,#3900FF,634,0.77526641,0.22473359
pattern_2,57,1,255,#3901FF,64,0.77528176,0.22471824
pattern_2,57,4,255,#3904FF,1,0.77532783,0.22467217
pattern_2,57,8,255,#3908FF,8,0.77538924,0.22461076
pattern_2,57,21,230,#3915E6,2,0.77942757,0.22057243
pattern_2,57,29,230,#391DE6,1,0.7795504,0.2204496
pattern_2,60,0,230,#3C00E6,31,0.76735866,0.23264134
pattern_2,60,0,233,#3C00E9,18,0.76689801,0.23310199
pattern_2,60,0,238,#3C00EE,2,0.76613027,0.23386973
pattern_2,60,0,241,#3C00F1,1,0.76566963,0.23433037
pattern_2,60,0,244,#3C00F4,6,0.76520897,0.23479103
pattern_2,60,0,247,#3C00F7,5,0.76474833,0.23525167
pattern_2,60,0,255,#3C00FF,138,0.76351994,0.23648006
pattern_2,60,58,252,#3C3AFC,1,0.76487118,0.23512882
pattern_2,61,0,255,#3D00FF,11,0.75960445,0.24039555
pattern_2,63,0,227,#3F00E3,22,0.75607285,0.24392715
pattern_2,63,0,230,#3F00E6,3,0.75561219,0.24438781
pattern_2,63,0,233,#3F00E9,65,0.75515155,0.24484845
pattern_2,63,0,236,#3F00EC,61,0.7546909,0.2453091
pattern_2,63,0,238,#3F00EE,3,0.7543838,0.2456162
pattern_2,63,0,247,#3F00F7,4,0.75300187,0.24699813
pattern_2,63,0,255,#3F00FF,81,0.75177349,0.24822651
pattern_2,63,10,255,#3F0AFF,2,0.75192703,0.24807297
pattern_2,63,57,252,#3F39FC,1,0.75310935,0.24689065
pattern_2,65,0,230,#4100E6,6,0.74778122,0.25221878
pattern_2,65,0,233,#4100E9,6,0.74732059,0.25267941
pattern_2,65,0,255,#4100FF,1,0.7439425,0.2560575
pattern_2,65,58,252,#413AFC,3,0.74529374,0.25470626
pattern_2,66,0,236,#4200EC,85,0.74294445,0.25705555
pattern_2,66,0,238,#4200EE,40,0.74263734,0.25736266
pattern_2,66,0,241,#4200F1,16,0.74217671,0.25782329
pattern_2,66,0,247,#4200F7,43,0.7412554,0.2587446
pattern_2,66,0,249,#4200F9,2,0.74094832,0.25905168
pattern_2,66,0,252,#4200FC,5,0.74048766,0.25951234
pattern_2,66,0,255,#4200FF,574,0.74002701,0.25997299
pattern_2,66,4,255,#4204FF,9,0.74008843,0.25991157
pattern_2,66,12,255,#420CFF,1,0.74021128,0.25978872
pattern_2,66,28,255,#421CFF,1,0.74045697,0.25954303
pattern_2,68,0,205,#4400CD,5,0.73987347,0.26012653
pattern_2,68,0,233,#4400E9,42,0.73557413,0.26442587
pattern_2,68,0,236,#4400EC,10,0.73511347,0.26488653
pattern_2,68,0,238,#4400EE,152,0.73480639,0.26519361
pattern_2,68,0,241,#4400F1,33,0.73434573,0.26565427
pattern_2,68,0,244,#4400F4,20,0.73388508,0.26611492
pattern_2,68,0,247,#4400F7,5,0.73342443,0.26657557
pattern_2,68,0,249,#4400F9,9,0.73311734,0.26688266
pattern_2,68,0,255,#4400FF,103,0.73219606,0.26780394
pattern_2,68,16,255,#4410FF,1,0.73244172,0.26755828
pattern_2,68,83,249,#4453F9,13,0.73439181,0.26560819
pattern_2,68,85,252,#4455FC,1,0.73396185,0.26603815
pattern_2,70,0,251,#4600FB,12,0.72497928,0.27502072
pattern_2,70,0,255,#4600FF,4,0.72436509,0.27563491
pattern_2,71,0,186,#4700BA,5,0.73104444,0.26895556
pattern_2,71,0,194,#4700C2,10,0.72981605,0.27018395
pattern_2,71,0,230,#4700E6,10,0.72428831,0.27571169
pattern_2,71,0,233,#4700E9,10,0.72382766,0.27617234
pattern_2,71,0,236,#4700EC,17,0.72336701,0.27663299
pattern_2,71,0,238,#4700EE,6,0.72305992,0.27694008
pattern_2,71,0,241,#4700F1,94,0.72259927,0.27740073
pattern_2,71,0,244,#4700F4,89,0.72213861,0.27786139
pattern_2,71,0,247,#4700F7,36,0.72167799,0.27832201
pattern_2,71,0,249,#4700F9,15,0.72137088,0.27862912
pattern_2,71,0,252,#4700FC,13,0.72091022,0.27908978
pattern_2,71,0,255,#4700FF,215,0.7204496,0.2795504
pattern_2,71,24,255,#4718FF,3,0.7208181,0.2791819
pattern_2,71,62,252,#473EFC,5,0.72186223,0.27813777
pattern_2,71,65,252,#4741FC,6,0.7219083,0.2780917
pattern_2,73,0,227,#4900E3,4,0.71691796,0.28308204
pattern_2,73,0,230,#4900E6,6,0.71645734,0.28354266
pattern_2,73,0,233,#4900E9,9,0.71599668,0.28400332
pattern_2,73,0,249,#4900F9,36,0.7135399,0.2864601
pattern_2,73,0,255,#4900FF,5,0.71261862,0.28738138
pattern_2,74,0,214,#4A00D6,1,0.71499863,0.28500137
pattern_2,74,0,238,#4A00EE,21,0.71131346,0.28868654
pattern_2,74,0,239,#4A00EF,13,0.71115991,0.28884009
pattern_2,74,0,241,#4A00F1,5,0.7108528,0.2891472
pattern_2,74,0,244,#4A00F4,273,0.71039218,0.28960782
pattern_2,74,0,247,#4A00F7,160,0.70993152,0.29006848
pattern_2,74,0,249,#4A00F9,18,0.70962441,0.29037559
pattern_2,74,0,255,#4A00FF,525,0.70870313,0.29129687
pattern_2,74,14,255,#4A0EFF,3,0.70891809,0.29108191
pattern_2,74,16,255,#4A10FF,2,0.70894882,0.29105118
pattern_2,74,20,255,#4A14FF,3,0.70901021,0.29098979
pattern_2,74,24,244,#4A18F4,1,0.71076068,0.28923932
pattern_2,74,53,252,#4A35FC,1,0.70997757,0.29002243
pattern_2,76,0,236,#4C00EC,4,0.70378959,0.29621041
pattern_2,76,0,238,#4C00EE,5,0.70348248,0.29651752
pattern_2,76,0,241,#4C00F1,57,0.70302182,0.29697818
pattern_2,76,0,244,#4C00F4,45,0.7025612,0.2974388
pattern_2,76,0,255,#4C00FF,68,0.70087215,0.29912785
pattern_2,77,0,167,#4D00A7,2,0.71046895,0.28953105
pattern_2,77,0,222,#4D00DE,6,0.70202377,0.29797623
pattern_2,77,0,247,#4D00F7,223,0.69818506,0.30181494
pattern_2,77,0,249,#4D00F9,51,0.69787797,0.30212203
pattern_2,77,0,252,#4D00FC,15,0.69741732,0.30258268
pattern_2,77,0,255,#4D00FF,218,0.69695666,0.30304334
pattern_2,77,2,249,#4D02F9,12,0.69790867,0.30209133
pattern_2,77,10,255,#4D0AFF,1,0.69711021,0.30288979
pattern_2,77,13,255,#4D0DFF,1,0.69715628,0.30284372
pattern_2,77,21,255,#4D15FF,1,0.69727913,0.30272087
pattern_2,78,0,243,#4E00F3,24,0.69488376,0.30511624
pattern_2,78,77,251,#4E4DFB,6,0.69483769,0.30516231
pattern_2,79,0,227,#4F00E3,13,0.69342506,0.30657494
pattern_2,79,0,233,#4F00E9,6,0.69250375,0.30749625
pattern_2,79,0,238,#4F00EE,7,0.69173601,0.30826399
pattern_2,79,0,241,#4F00F1,68,0.69127539,0.30872461
pattern_2,79,0,244,#4F00F4,44,0.69081473,0.30918527
pattern_2,79,0,249,#4F00F9,317,0.690047,0.309953
pattern_2,79,0,252,#4F00FC,43,0.68958634,0.31041366
pattern_2,79,0,255,#4F00FF,619,0.68912569,0.31087431
pattern_2,79,2,255,#4F02FF,12,0.68915641,0.31084359
pattern_2,79,10,255,#4F0AFF,2,0.68927923,0.31072077
pattern_2,79,12,255,#4F0CFF,1,0.68930995,0.31069005
pattern_2,79,17,255,#4F11FF,4,0.68938673,0.31061327
pattern_2,79,32,255,#4F20FF,1,0.68961704,0.31038296
pattern_2,79,56,255,#4F38FF,3,0.68998557,0.31001443
pattern_2,79,75,211,#4F4BD3,5,0.69703344,0.30296656
pattern_2,82,0,195,#5200C3,4,0.68659213,0.31340787
pattern_2,82,0,214,#5200D6,2,0.68367472,0.31632528
pattern_2,82,0,236,#5200EC,6,0.68029666,0.31970334
pattern_2,82,0,238,#5200EE,4,0.67998955,0.32001045
pattern_2,82,0,239,#5200EF,64,0.679836,0.320164
pattern_2,82,0,241,#5200F1,31,0.67952892,0.32047108
pattern_2,82,0,244,#5200F4,5,0.67906827,0.32093173
pattern_2,82,0,247,#5200F7,117,0.67860761,0.32139239
pattern_2,82,0,249,#5200F9,16,0.67830053,0.32169947
pattern_2,82,0,252,#5200FC,202,0.67783988,0.32216012
pattern_2,82,0,255,#5200FF,1857,0.67737922,0.32262078
pattern_2,82,1,255,#5201FF,11,0.6773946,0.3226054
pattern_2,82,2,255,#5202FF,21,0.67740995,0.32259005
pattern_2,82,4,255,#5204FF,16,0.67744064,0.32255936
pattern_2,82,6,255,#5206FF,2,0.67747137,0.32252863
pattern_2,82,8,255,#5208FF,13,0.67750207,0.32249793
pattern_2,82,10,255,#520AFF,3,0.67753279,0.32246721
pattern_2,82,12,255,#520CFF,3,0.67756349,0.32243651
pattern_2,82,16,255,#5210FF,4,0.67762491,0.32237509
pattern_2,82,24,255,#5218FF,5,0.67774776,0.32225224
pattern_2,82,26,255,#521AFF,1,0.67777845,0.32222155
pattern_2,82,29,255,#521DFF,2,0.67782453,0.32217547
pattern_2,82,33,255,#5221FF,2,0.67788595,0.32211405
pattern_2,82,43,255,#522BFF,3,0.67803949,0.32196051
pattern_2,82,55,255,#5237FF,1,0.67822376,0.32177624
pattern_2,82,67,255,#5243FF,2,0.678408,0.321592
pattern_2,84,0,238,#5400EE,1,0.6721586,0.3278414
pattern_2,84,0,241,#5400F1,4,0.67169794,0.32830206
pattern_2,84,0,244,#5400F4,26,0.67123729,0.32876271
pattern_2,84,0,247,#5400F7,3,0.67077664,0.32922336
pattern_2,84,0,255,#5400FF,14,0.66954827,0.33045173
pattern_2,85,0,219,#5500DB,1,0.67116052,0.32883948
pattern_2,85,0,233,#5500E9,2,0.66901085,0.33098915
pattern_2,85,0,236,#5500EC,3,0.66855019,0.33144981
pattern_2,85,0,247,#5500F7,10,0.66686115,0.33313885
pattern_2,85,0,249,#5500F9,59,0.66655406,0.33344594
pattern_2,85,0,252,#5500FC,1,0.66609341,0.33390659
pattern_2,85,0,255,#5500FF,4203,0.66563278,0.33436722
pattern_2,85,5,255,#5505FF,2,0.66570956,0.33429044
pattern_2,85,9,255,#5509FF,3,0.66577098,0.33422902
pattern_2,85,10,255,#550AFF,6,0.66578633,0.33421367
pattern_2,85,13,255,#550DFF,12,0.6658324,0.3341676
pattern_2,85,16,255,#5510FF,13,0.66587844,0.33412156
pattern_2,85,17,255,#5511FF,1,0.66589379,0.33410621
pattern_2,85,18,255,#5512FF,4,0.66590917,0.33409083
pattern_2,85,20,255,#5514FF,1,0.66593987,0.33406013
pattern_2,85,21,255,#5515FF,2,0.66595522,0.33404478
pattern_2,85,24,255,#5518FF,1,0.66600129,0.33399871
pattern_2,85,25,255,#5519FF,4,0.66601664,0.33398336
pattern_2,85,26,255,#551AFF,2,0.66603199,0.33396801
pattern_2,85,28,255,#551CFF,1,0.66606271,0.33393729
pattern_2,85,30,255,#551EFF,2,0.66609341,0.33390659
pattern_2,85,31,255,#551FFF,2,0.66610879,0.33389121
pattern_2,85,32,255,#5520FF,2,0.66612414,0.33387586
pattern_2,85,40,255,#5528FF,1,0.66624698,0.33375302
pattern_2,85,48,255,#5530FF,3,0.6663698,0.3336302
pattern_2,85,50,255,#5532FF,1,0.66640052,0.33359948
pattern_2,85,51,255,#5533FF,2,0.66641587,0.33358413
pattern_2,85,54,249,#5536F9,2,0.66738322,0.33261678
pattern_2,85,54,255,#5536FF,1,0.66646194,0.33353806
pattern_2,85,56,249,#5538F9,2,0.66741395,0.33258605
pattern_2,85,59,249,#553BF9,2,0.66745999,0.33254001
pattern_2,85,67,255,#5543FF,2,0.66666156,0.33333844
pattern_2,86,0,214,#5600D6,7,0.66801277,0.33198723
pattern_2,86,87,247,#5657F7,5,0.66428155,0.33571845
pattern_2,87,0,203,#5700CB,1,0.66578633,0.33421367
pattern_2,87,0,241,#5700F1,8,0.65995148,0.34004852
pattern_2,87,0,247,#5700F7,23,0.6590302,0.3409698
pattern_2,87,0,249,#5700F9,5,0.65872309,0.34127691
pattern_2,87,0,252,#5700FC,45,0.65826243,0.34173757
pattern_2,87,0,255,#5700FF,259,0.65780181,0.34219819
pattern_2,87,12,255,#570CFF,2,0.65798604,0.34201396
pattern_2,87,21,255,#5715FF,3,0.65812424,0.34187576
pattern_2,88,0,186,#5800BA,7,0.66448116,0.33551884
pattern_2,88,0,236,#5800EC,2,0.65680373,0.34319627
pattern_2,88,0,239,#5800EF,1,0.6563431,0.3436569
pattern_2,88,0,255,#5800FF,133,0.65388632,0.34611368
pattern_2,88,74,249,#584AF9,7,0.65594387,0.34405613
pattern_2,88,79,211,#584FD3,4,0.66185549,0.33814451
pattern_2,88,79,219,#584FDB,3,0.6606271,0.3393729
pattern_2,88,83,249,#5853F9,3,0.65608206,0.34391794
pattern_2,90,0,214,#5A00D6,2,0.65235081,0.34764919
pattern_2,90,0,218,#5A00DA,16,0.65173665,0.34826335
pattern_2,90,0,231,#5A00E7,1,0.64974052,0.35025948
pattern_2,90,0,238,#5A00EE,5,0.64866567,0.35133433
pattern_2,90,0,239,#5A00EF,3,0.64851213,0.35148787
pattern_2,90,0,241,#5A00F1,2,0.64820501,0.35179499
pattern_2,90,0,244,#5A00F4,2,0.64774436,0.35225564
pattern_2,90,0,247,#5A00F7,33,0.64728373,0.35271627
pattern_2,90,0,249,#5A00F9,21,0.64697662,0.35302338
pattern_2,90,0,255,#5A00FF,1768,0.64605534,0.35394466
pattern_2,90,4,255,#5A04FF,1,0.64611676,0.35388324
pattern_2,90,14,255,#5A0EFF,1,0.6462703,0.3537297
pattern_2,90,16,255,#5A10FF,1,0.64630103,0.35369897
pattern_2,90,20,255,#5A14FF,2,0.64636242,0.35363758
pattern_2,90,21,255,#5A15FF,1,0.6463778,0.3536222
pattern_2,90,24,255,#5A18FF,5,0.64642385,0.35357615
pattern_2,90,28,255,#5A1CFF,7,0.64648527,0.35351473
pattern_2,90,33,255,#5A21FF,2,0.64656204,0.35343796
pattern_2,90,37,255,#5A25FF,5,0.64662346,0.35337654
pattern_2,90,40,255,#5A28FF,14,0.64666954,0.35333046
pattern_2,90,47,255,#5A2FFF,2,0.646777,0.353223
pattern_2,90,49,255,#5A31FF,2,0.64680773,0.35319227
pattern_2,90,60,252,#5A3CFC,1,0.64743727,0.35256273
pattern_2,90,69,255,#5A45FF,4,0.64711481,0.35288519
pattern_2,93,0,230,#5D00E6,3,0.63814759,0.36185241
pattern_2,93,0,238,#5D00EE,6,0.6369192,0.3630808
pattern_2,93,0,241,#5D00F1,3,0.63645855,0.36354145
pattern_2,93,0,247,#5D00F7,14,0.63553727,0.36446273
pattern_2,93,0,249,#5D00F9,3,0.63523018,0.36476982
pattern_2,93,0,252,#5D00FC,9,0.63476953,0.36523047
pattern_2,93,0,255,#5D00FF,107,0.63430887,0.36569113
pattern_2,93,4,255,#5D04FF,2,0.6343703,0.3656297
pattern_2,93,34,255,#5D22FF,2,0.63483095,0.36516905
pattern_2,93,41,175,#5D29AF,4,0.64722231,0.35277769
pattern_2,93,64,255,#5D40FF,1,0.63529158,0.36470842
pattern_2,93,74,252,#5D4AFC,4,0.63590577,0.36409423
pattern_2,93,83,249,#5D53F9,1,0.63650462,0.36349538
pattern_2,94,0,218,#5E00DA,2,0.63607469,0.36392531
pattern_2,94,0,222,#5E00DE,18,0.6354605,0.3645395
pattern_2,94,0,234,#5E00EA,4,0.63361791,0.36638209
pattern_2,94,0,243,#5E00F3,3,0.63223597,0.36776403
pattern_2,94,0,255,#5E00FF,15,0.63039339,0.36960661
pattern_2,95,0,222,#5F00DE,1,0.63154501,0.36845499
pattern_2,95,0,227,#5F00E3,9,0.63077727,0.36922273
pattern_2,95,0,249,#5F00F9,4,0.62739921,0.37260079
pattern_2,95,0,252,#5F00FC,3,0.62693855,0.37306145
pattern_2,95,0,255,#5F00FF,582,0.6264779,0.3735221
pattern_2,95,40,255,#5F28FF,3,0.62709209,0.37290791
pattern_2,95,66,255,#5F42FF,4,0.62749133,0.37250867
pattern_2,96,0,236,#6000EC,3,0.62547985,0.37452015
pattern_2,96,0,239,#6000EF,3,0.62501919,0.37498081
pattern_2,96,0,241,#6000F1,1,0.62471211,0.37528789
pattern_2,96,0,244,#6000F4,3,0.62425146,0.37574854
pattern_2,96,0,255,#6000FF,5,0.62256241,0.37743759
pattern_2,96,87,249,#6057F9,1,0.62481958,0.37518042
pattern_2,98,0,172,#6200AC,4,0.62747598,0.37252402
pattern_2,98,0,236,#6200EC,6,0.61764887,0.38235113
pattern_2,98,0,239,#6200EF,2,0.61718822,0.38281178
pattern_2,98,0,244,#6200F4,2,0.61642048,0.38357952
pattern_2,98,0,252,#6200FC,17,0.61519209,0.38480791
pattern_2,98,0,255,#6200FF,116,0.61473143,0.38526857
pattern_2,98,18,255,#6212FF,2,0.61500782,0.38499218
pattern_2,98,62,252,#623EFC,6,0.61614409,0.38385591
pattern_2,98,70,252,#6246FC,5,0.61626694,0.38373306
pattern_2,99,0,214,#6300D6,8,0.61711144,0.38288856
pattern_2,99,0,226,#6300E2,13,0.61526886,0.38473114
pattern_2,99,0,230,#6300E6,3,0.61465466,0.38534534
pattern_2,99,0,231,#6300E7,4,0.61450112,0.38549888
pattern_2,99,0,238,#6300EE,7,0.61342627,0.38657373
pattern_2,99,0,239,#6300EF,31,0.61327273,0.38672727
pattern_2,99,0,247,#6300F7,5,0.61204433,0.38795567
pattern_2,99,0,249,#6300F9,4,0.61173725,0.38826275
pattern_2,99,0,251,#6300FB,2,0.61143014,0.38856986
pattern_2,99,0,255,#6300FF,376,0.61081594,0.38918406
pattern_2,99,4,255,#6304FF,10,0.61087736,0.38912264
pattern_2,101,0,227,#6500E3,11,0.60728434,0.39271566
pattern_2,101,0,233,#6500E9,8,0.60636306,0.39363694
pattern_2,101,0,244,#6500F4,1,0.60467401,0.39532599
pattern_2,101,0,249,#6500F9,6,0.60390627,0.39609373
pattern_2,101,0,255,#6500FF,406,0.60298499,0.39701501
pattern_2,101,26,255,#651AFF,3,0.6033842,0.3966158
pattern_2,101,54,255,#6536FF,4,0.60381415,0.39618585
pattern_2,101,56,249,#6538F9,1,0.60476616,0.39523384
pattern_2,103,0,226,#6700E2,3,0.5996069,0.4003931
pattern_2,103,0,230,#6700E6,28,0.59899274,0.40100726
pattern_2,103,0,238,#6700EE,3,0.59776434,0.40223566
pattern_2,103,0,255,#6700FF,54,0.59515402,0.40484598
pattern_2,104,0,167,#6800A7,1,0.60475078,0.39524922
pattern_2,104,0,211,#6800D3,3,0.59799466,0.40200534
pattern_2,104,0,227,#6800E3,15,0.59553787,0.40446213
pattern_2,104,0,241,#6800F1,9,0.5933882,0.4066118
pattern_2,104,0,247,#6800F7,2,0.59246692,0.40753308
pattern_2,104,0,252,#6800FC,7,0.59169915,0.40830085
pattern_2,104,0,255,#6800FF,47,0.59123853,0.40876147
pattern_2,104,56,239,#6838EF,1,0.59455517,0.40544483
pattern_2,104,70,252,#6846FC,5,0.592774,0.407226
pattern_2,104,74,239,#684AEF,7,0.59483156,0.40516844
pattern_2,104,79,249,#684FF9,9,0.59337285,0.40662715
pattern_2,106,0,222,#6A00DE,4,0.58847466,0.41152534
pattern_2,106,0,225,#6A00E1,6,0.58801401,0.41198599
pattern_2,106,0,233,#6A00E9,1,0.58678561,0.41321439
pattern_2,106,0,238,#6A00EE,3,0.58601788,0.41398212
pattern_2,106,0,244,#6A00F4,6,0.58509657,0.41490343
pattern_2,106,0,249,#6A00F9,6,0.58432883,0.41567117
pattern_2,106,0,255,#6A00FF,6,0.58340755,0.41659245
pattern_2,107,0,168,#6B00A8,6,0.59285077,0.40714923
pattern_2,107,0,214,#6B00D6,8,0.58578756,0.41421244
pattern_2,107,0,222,#6B00DE,1,0.58455917,0.41544083
pattern_2,107,0,230,#6B00E6,5,0.58333078,0.41666922
pattern_2,107,0,231,#6B00E7,47,0.58317724,0.41682276
pattern_2,107,0,233,#6B00E9,2,0.58287013,0.41712987
pattern_2,107,0,234,#6B00EA,47,0.58271658,0.41728342
pattern_2,107,0,238,#6B00EE,15,0.58210239,0.41789761
pattern_2,107,0,239,#6B00EF,9,0.58194885,0.41805115
pattern_2,107,0,243,#6B00F3,1,0.58133465,0.41866535
pattern_2,107,0,247,#6B00F7,7,0.58072045,0.41927955
pattern_2,107,0,249,#6B00F9,2,0.58041334,0.41958666
pattern_2,107,0,252,#6B00FC,6,0.57995272,0.42004728
pattern_2,107,0,255,#6B00FF,558,0.57949206,0.42050794
pattern_2,107,9,255,#6B09FF,2,0.57963026,0.42036974
pattern_2,107,16,255,#6B10FF,8,0.57973775,0.42026225
pattern_2,107,24,234,#6B18EA,2,0.58308509,0.41691491
pattern_2,107,60,239,#6B3CEF,3,0.58287013,0.41712987
pattern_2,109,0,225,#6D00E1,10,0.57626754,0.42373246
pattern_2,109,0,247,#6D00F7,1,0.57288948,0.42711052
pattern_2,109,0,255,#6D00FF,96,0.57166108,0.42833892
pattern_2,110,0,175,#6E00AF,4,0.58002949,0.41997051
pattern_2,110,0,205,#6E00CD,7,0.57542303,0.42457697
pattern_2,110,0,222,#6E00DE,1,0.57281271,0.42718729
pattern_2,110,0,238,#6E00EE,3,0.57035592,0.42964408
pattern_2,110,0,239,#6E00EF,5,0.57020238,0.42979762
pattern_2,110,0,244,#6E00F4,2,0.56943464,0.43056536
pattern_2,110,0,249,#6E00F9,4,0.56866691,0.43133309
pattern_2,110,0,255,#6E00FF,120,0.5677456,0.4322544
pattern_2,110,74,241,#6E4AF1,4,0.57103154,0.42896846
pattern_2,110,74,252,#6E4AFC,2,0.56934249,0.43065751
pattern_2,110,81,249,#6E51F9,12,0.56991065,0.43008935
pattern_2,110,83,249,#6E53F9,7,0.56994134,0.43005866
pattern_2,111,0,238,#6F00EE,35,0.56644043,0.43355957
pattern_2,111,0,243,#6F00F3,2,0.5656727,0.4343273
pattern_2,111,0,247,#6F00F7,7,0.5650585,0.4349415
pattern_2,111,0,255,#6F00FF,40,0.56383011,0.43616989
pattern_2,111,8,255,#6F08FF,5,0.56395295,0.43604705
pattern_2,112,0,217,#7000D9,8,0.56574947,0.43425053
pattern_2,112,0,222,#7000DE,4,0.56498173,0.43501827
pattern_2,112,0,239,#7000EF,7,0.5623714,0.4376286
pattern_2,112,0,244,#7000F4,1,0.56160367,0.43839633
pattern_2,112,0,247,#7000F7,2,0.56114301,0.43885699
pattern_2,112,0,249,#7000F9,1,0.56083593,0.43916407
pattern_2,112,0,255,#7000FF,202,0.55991462,0.44008538
pattern_2,112,29,255,#701DFF,3,0.56035993,0.43964007
pattern_2,112,50,255,#7032FF,1,0.56068236,0.43931764
pattern_2,115,0,200,#7300C8,24,0.55661333,0.44338667
pattern_2,115,0,205,#7300CD,2,0.55584559,0.44415441
pattern_2,115,0,211,#7300D3,6,0.55492431,0.44507569
pattern_2,115,0,222,#7300DE,49,0.55323526,0.44676474
pattern_2,115,0,227,#7300E3,2,0.55246753,0.44753247
pattern_2,115,0,231,#7300E7,7,0.55185333,0.44814667
pattern_2,115,0,233,#7300E9,3,0.55154625,0.44845375
pattern_2,115,0,234,#7300EA,3,0.55139267,0.44860733
pattern_2,115,0,236,#7300EC,4,0.55108559,0.44891441
pattern_2,115,0,238,#7300EE,8,0.55077848,0.44922152
pattern_2,115,0,239,#7300EF,9,0.55062494,0.44937506
pattern_2,115,0,243,#7300F3,84,0.55001074,0.44998926
pattern_2,115,0,247,#7300F7,25,0.54939654,0.45060346
pattern_2,115,0,249,#7300F9,5,0.54908946,0.45091054
pattern_2,115,0,251,#7300FB,12,0.54878235,0.45121765
pattern_2,115,0,252,#7300FC,1,0.54862881,0.45137119
pattern_2,115,0,255,#7300FF,413,0.54816815,0.45183185
pattern_2,115,4,214,#7304D6,8,0.55452508,0.44547492
pattern_2,115,10,205,#730ACD,3,0.55599913,0.44400087
pattern_2,115,14,205,#730ECD,5,0.55606055,0.44393945
pattern_2,115,65,255,#7341FF,3,0.54916623,0.45083377
pattern_2,115,77,255,#734DFF,6,0.5493505,0.4506495
pattern_2,117,0,222,#7500DE,3,0.54540429,0.45459571
pattern_2,117,0,252,#7500FC,6,0.54079783,0.45920217
pattern_2,117,0,255,#7500FF,169,0.5403372,0.4596628
pattern_2,117,60,255,#753CFF,1,0.54125848,0.45874152
pattern_2,118,0,200,#7600C8,20,0.54486686,0.45513314
pattern_2,118,0,205,#7600CD,5,0.54409912,0.45590088
pattern_2,118,0,211,#7600D3,33,0.54317784,0.45682216
pattern_2,118,0,233,#7600E9,2,0.53979978,0.46020022
pattern_2,118,0,238,#7600EE,5,0.53903204,0.46096796
pattern_2,118,0,241,#7600F1,1,0.53857139,0.46142861
pattern_2,118,0,247,#7600F7,3,0.53765011,0.46234989
pattern_2,118,0,255,#7600FF,14,0.53642172,0.46357828
pattern_2,118,74,252,#764AFC,1,0.53801861,0.46198139
pattern_2,118,83,249,#7653F9,2,0.53861746,0.46138254
pattern_2,119,0,238,#7700EE,1,0.53511655,0.46488345
pattern_2,119,0,243,#7700F3,15,0.53434882,0.46565118
pattern_2,119,0,247,#7700F7,55,0.53373462,0.46626538
pattern_2,119,0,251,#7700FB,9,0.53312042,0.46687958
pattern_2,119,0,255,#7700FF,58,0.53250623,0.46749377
pattern_2,120,0,205,#7800CD,27,0.53626814,0.46373186
pattern_2,120,0,211,#7800D3,35,0.53534687,0.46465313
pattern_2,120,0,227,#7800E3,5,0.53289008,0.46710992
pattern_2,120,0,230,#7800E6,2,0.53242946,0.46757054
pattern_2,120,0,233,#7800E9,2,0.5319688,0.4680312
pattern_2,120,0,239,#7800EF,6,0.53104749,0.46895251
pattern_2,120,0,241,#7800F1,8,0.53074041,0.46925959
pattern_2,120,0,252,#7800FC,6,0.52905136,0.47094864
pattern_2,120,0,255,#7800FF,134,0.52859074,0.47140926
pattern_2,120,79,249,#784FF9,3,0.53072506,0.46927494
pattern_2,121,0,255,#7900FF,5,0.52467525,0.47532475
pattern_2,123,0,200,#7B00C8,1,0.52528945,0.47471055
pattern_2,123,0,205,#7B00CD,14,0.52452171,0.47547829
pattern_2,123,0,206,#7B00CE,1,0.52436814,0.47563186
pattern_2,123,0,211,#7B00D3,7,0.5236004,0.4763996
pattern_2,123,0,214,#7B00D6,22,0.52313974,0.47686026
pattern_2,123,0,222,#7B00DE,12,0.52191138,0.47808862
pattern_2,123,0,230,#7B00E6,1,0.52068299,0.47931701
pattern_2,123,0,231,#7B00E7,17,0.52052945,0.47947055
pattern_2,123,0,239,#7B00EF,22,0.51930106,0.48069894
pattern_2,123,0,243,#7B00F3,1,0.51868686,0.48131314
pattern_2,123,0,244,#7B00F4,14,0.51853332,0.48146668
pattern_2,123,0,247,#7B00F7,20,0.51807266,0.48192734
pattern_2,123,0,249,#7B00F9,2,0.51776555,0.48223445
pattern_2,123,0,251,#7B00FB,44,0.51745847,0.48254153
pattern_2,123,0,255,#7B00FF,722,0.51684427,0.48315573
pattern_2,123,4,255,#7B04FF,14,0.5169057,0.4830943
pattern_2,123,8,255,#7B08FF,3,0.51696712,0.48303288
pattern_2,123,14,255,#7B0EFF,2,0.51705924,0.48294076
pattern_2,123,22,255,#7B16FF,2,0.51718208,0.48281792
pattern_2,123,46,255,#7B2EFF,1,0.51755059,0.48244941
pattern_2,123,58,255,#7B3AFF,4,0.51773486,0.48226514
pattern_2,126,0,170,#7E00AA,4,0.51814944,0.48185056
pattern_2,126,0,175,#7E00AF,3,0.5173817,0.4826183
pattern_2,126,0,200,#7E00C8,1,0.51354298,0.48645702
pattern_2,126,0,205,#7E00CD,8,0.51277524,0.48722476
pattern_2,126,0,211,#7E00D3,47,0.51185393,0.48814607
pattern_2,126,0,214,#7E00D6,12,0.51139331,0.48860669
pattern_2,126,0,217,#7E00D9,63,0.51093265,0.48906735
pattern_2,126,0,219,#7E00DB,2,0.51062557,0.48937443
pattern_2,126,0,222,#7E00DE,4,0.51016492,0.48983508
pattern_2,126,0,239,#7E00EF,5,0.50755459,0.49244541
pattern_2,126,0,241,#7E00F1,1,0.50724748,0.49275252
pattern_2,126,0,247,#7E00F7,14,0.5063262,0.4936738
pattern_2,126,0,252,#7E00FC,6,0.50555846,0.49444154
pattern_2,126,0,255,#7E00FF,129,0.50509781,0.49490219
pattern_2,126,5,255,#7E05FF,3,0.50517458,0.49482542
pattern_2,126,70,252,#7E46FC,7,0.50663328,0.49336672
pattern_2,126,74,252,#7E4AFC,3,0.5066947,0.4933053
pattern_2,126,79,249,#7E4FF9,4,0.50723213,0.49276787
pattern_2,126,83,249,#7E53F9,15,0.50729355,0.49270645
pattern_2,126,87,249,#7E57F9,4,0.50735497,0.49264503
pattern_2,127,0,243,#7F00F3,5,0.50302491,0.49697509
pattern_2,127,0,251,#7F00FB,3,0.50179651,0.49820349
pattern_2,127,0,255,#7F00FF,1661,0.50118232,0.49881768
pattern_2,127,16,255,#7F10FF,3,0.50142801,0.49857199
pattern_2,127,20,255,#7F14FF,2,0.50148943,0.49851057
pattern_2,127,28,255,#7F1CFF,4,0.50161225,0.49838775
pattern_2,128,0,211,#8000D3,27,0.50402299,0.49597701
pattern_2,128,0,217,#8000D9,4,0.50310168,0.49689832
pattern_2,128,0,227,#8000E3,7,0.5015662,0.4984338
pattern_2,128,0,233,#8000E9,16,0.50064489,0.49935511
pattern_2,128,0,244,#8000F4,2,0.49895585,0.50104415
pattern_2,128,0,255,#8000FF,21,0.49726683,0.50273317
pattern_2,128,66,252,#8042FC,12,0.49874091,0.50125909
pattern_2,128,83,249,#8053F9,1,0.4994626,0.5005374
pattern_2,129,0,216,#8100D8,1,0.49933976,0.50066024
pattern_2,129,0,217,#8100D9,2,0.49918622,0.50081378
pattern_2,129,0,222,#8100DE,2,0.49841845,0.50158155
pattern_2,129,0,249,#8100F9,10,0.49427265,0.50572735
pattern_2,129,0,255,#8100FF,195,0.49335134,0.50664866
pattern_2,131,0,211,#8300D3,14,0.49227649,0.50772351
pattern_2,131,0,219,#8300DB,9,0.4910481,0.5089519
pattern_2,131,0,234,#8300EA,4,0.48874491,0.51125509
pattern_2,131,0,239,#8300EF,1,0.48797715,0.51202285
pattern_2,131,0,241,#8300F1,2,0.48767006,0.51232994
pattern_2,131,0,243,#8300F3,5,0.48736298,0.51263702
pattern_2,131,0,247,#8300F7,1,0.48674875,0.51325125
pattern_2,131,0,251,#8300FB,5,0.48613459,0.51386541
pattern_2,131,0,252,#8300FC,8,0.48598105,0.51401895
pattern_2,131,0,255,#8300FF,203,0.48552036,0.51447964
pattern_2,131,6,255,#8306FF,1,0.48561251,0.51438749
pattern_2,131,13,255,#830DFF,2,0.48571998,0.51428002
pattern_2,131,20,238,#8314EE,1,0.48843777,0.51156223
pattern_2,132,0,172,#8400AC,3,0.49434942,0.50565058
pattern_2,132,0,175,#8400AF,3,0.4938888,0.5061112
pattern_2,132,0,181,#8400B5,4,0.49296749,0.50703251
pattern_2,132,0,189,#8400BD,7,0.49173909,0.50826091
pattern_2,132,0,206,#8400CE,4,0.48912877,0.51087123
pattern_2,132,0,214,#8400D6,14,0.48790038,0.51209962
pattern_2,132,0,217,#8400D9,75,0.48743975,0.51256025
pattern_2,132,0,222,#8400DE,54,0.48667198,0.51332802
pattern_2,132,0,227,#8400E3,10,0.48590428,0.51409572
pattern_2,132,0,231,#8400E7,4,0.48529005,0.51470995
pattern_2,132,0,239,#8400EF,8,0.48406166,0.51593834
pattern_2,132,0,247,#8400F7,19,0.48283327,0.51716673
pattern_2,132,0,249,#8400F9,10,0.48252618,0.51747382
pattern_2,132,0,255,#8400FF,482,0.48160487,0.51839513
pattern_2,132,4,255,#8404FF,7,0.48166633,0.51833367
pattern_2,132,81,255,#8451FF,2,0.48284864,0.51715136
pattern_2,134,0,200,#8600C8,5,0.4822191,0.5177809
pattern_2,134,0,211,#8600D3,3,0.48053002,0.51946998
pattern_2,134,0,217,#8600D9,14,0.47960877,0.52039123
pattern_2,134,0,222,#8600DE,9,0.47884101,0.52115899
pattern_2,134,0,244,#8600F4,2,0.47546297,0.52453703
pattern_2,134,0,249,#8600F9,5,0.47469521,0.52530479
pattern_2,134,0,255,#8600FF,95,0.4737739,0.5262261
pattern_2,134,12,255,#860CFF,4,0.47395819,0.52604181
pattern_2,134,48,255,#8630FF,2,0.47451097,0.52548903
pattern_2,134,82,252,#8652FC,6,0.47549367,0.52450633
pattern_2,135,0,234,#8700EA,5,0.47308296,0.52691704
pattern_2,135,0,238,#8700EE,1,0.47246873,0.52753127
pattern_2,135,0,255,#8700FF,67,0.46985841,0.53014159
pattern_2,135,48,251,#8730FB,2,0.47120965,0.52879035
pattern_2,136,67,251,#8843FB,14,0.46758592,0.53241408
pattern_2,137,0,200,#8900C8,1,0.47047263,0.52952737
pattern_2,137,0,205,#8900CD,1,0.46970487,0.53029513
pattern_2,137,0,206,#8900CE,16,0.46955132,0.53044868
pattern_2,137,0,211,#8900D3,2,0.46878362,0.53121638
pattern_2,137,0,214,#8900D6,1,0.46832293,0.53167707
pattern_2,137,0,217,#8900D9,14,0.46786231,0.53213769
pattern_2,137,0,222,#8900DE,101,0.46709454,0.53290546
pattern_2,137,0,225,#8900E1,1,0.46663392,0.53336608
pattern_2,137,0,227,#8900E3,43,0.46632683,0.53367317
pattern_2,137,0,233,#8900E9,2,0.46540552,0.53459448
pattern_2,137,0,239,#8900EF,7,0.46448421,0.53551579
pattern_2,137,0,244,#8900F4,8,0.46371651,0.53628349
pattern_2,137,0,252,#8900FC,1,0.46248811,0.53751189
pattern_2,137,0,255,#8900FF,151,0.46202743,0.53797257
pattern_2,137,8,255,#8908FF,2,0.46215028,0.53784972
pattern_2,137,41,252,#8929FC,2,0.46311766,0.53688234
pattern_2,137,83,249,#8953F9,3,0.46422321,0.53577679
pattern_2,139,0,219,#8B00DB,1,0.45972425,0.54027575
pattern_2,139,0,227,#8B00E3,1,0.45849586,0.54150414
pattern_2,139,0,233,#8B00E9,1,0.45757455,0.54242545
pattern_2,139,0,249,#8B00F9,6,0.45511776,0.54488224
pattern_2,139,0,252,#8B00FC,3,0.45465714,0.54534286
pattern_2,139,0,255,#8B00FF,221,0.45419645,0.54580355
pattern_2,139,2,255,#8B02FF,8,0.45422721,0.54577279
pattern_2,140,0,198,#8C00C6,21,0.45903325,0.54096675
pattern_2,140,0,206,#8C00CE,12,0.45780486,0.54219514
pattern_2,140,0,217,#8C00D9,5,0.45611584,0.54388416
pattern_2,140,0,222,#8C00DE,41,0.45534807,0.54465193
pattern_2,140,0,227,#8C00E3,4,0.45458037,0.54541963
pattern_2,140,0,231,#8C00E7,4,0.45396614,0.54603386
pattern_2,140,0,233,#8C00E9,6,0.45365906,0.54634094
pattern_2,140,0,239,#8C00EF,2,0.45273775,0.54726225
pattern_2,140,0,243,#8C00F3,3,0.45212358,0.54787642
pattern_2,140,0,247,#8C00F7,13,0.45150936,0.54849064
pattern_2,140,0,251,#8C00FB,8,0.45089519,0.54910481
pattern_2,140,0,255,#8C00FF,402,0.45028096,0.54971904
pattern_2,140,4,255,#8C04FF,4,0.45034242,0.54965758
pattern_2,140,48,255,#8C30FF,6,0.45101804,0.54898196
pattern_2,140,83,249,#8C53F9,6,0.45247674,0.54752326
pattern_2,142,0,175,#8E00AF,4,0.45473391,0.54526609
pattern_2,142,0,197,#8E00C5,3,0.45135581,0.54864419
pattern_2,142,0,217,#8E00D9,3,0.44828486,0.55171514
pattern_2,142,0,227,#8E00E3,96,0.44674939,0.55325061
pattern_2,142,0,233,#8E00E9,76,0.44582808,0.55417192
pattern_2,142,0,239,#8E00EF,22,0.44490677,0.55509323
pattern_2,142,0,244,#8E00F4,21,0.44413906,0.55586094
pattern_2,142,0,249,#8E00F9,4,0.4433713,0.5566287
pattern_2,142,0,252,#8E00FC,3,0.44291067,0.55708933
pattern_2,142,0,255,#8E00FF,209,0.44245005,0.55754995
pattern_2,142,5,227,#8E05E3,1,0.44682616,0.55317384
pattern_2,142,40,255,#8E28FF,9,0.44306421,0.55693579
pattern_2,142,50,252,#8E32FC,3,0.44367838,0.55632162
pattern_2,143,0,217,#8F00D9,3,0.44436938,0.55563062
pattern_2,144,0,226,#9000E2,2,0.43907195,0.56092805
pattern_2,144,0,234,#9000EA,5,0.43784356,0.56215644
pattern_2,144,0,247,#9000F7,2,0.43584746,0.56415254
pattern_2,144,0,251,#9000FB,4,0.43523324,0.56476676
pattern_2,144,0,255,#9000FF,9,0.43461907,0.56538093
pattern_2,145,0,203,#9100CB,2,0.4386881,0.5613119
pattern_2,145,0,211,#9100D3,8,0.43745971,0.56254029
pattern_2,145,0,219,#9100DB,11,0.43623132,0.56376868
pattern_2,145,0,222,#9100DE,12,0.43577063,0.56422937
pattern_2,145,0,227,#9100E3,59,0.43500292,0.56499708
pattern_2,145,0,233,#9100E9,16,0.43408161,0.56591839
pattern_2,145,0,252,#9100FC,2,0.43116421,0.56883579
pattern_2,145,0,255,#9100FF,155,0.43070358,0.56929642
pattern_2,145,13,255,#910DFF,2,0.4309032,0.5690968
pattern_2,145,78,249,#914EF9,6,0.43282253,0.56717747
pattern_2,148,0,170,#9400AA,1,0.43200874,0.56799126
pattern_2,148,0,175,#9400AF,7,0.43124098,0.56875902
pattern_2,148,0,181,#9400B5,13,0.43031967,0.56968033
pattern_2,148,0,189,#9400BD,1,0.42909127,0.57090873
pattern_2,148,0,198,#9400C6,3,0.42770934,0.57229066
pattern_2,148,0,206,#9400CE,3,0.42648095,0.57351905
pattern_2,148,0,211,#9400D3,1,0.42571324,0.57428676
pattern_2,148,0,214,#9400D6,4,0.42525262,0.57474738
pattern_2,148,0,217,#9400D9,3,0.42479193,0.57520807
pattern_2,148,0,222,#9400DE,4,0.42402422,0.57597578
pattern_2,148,0,227,#9400E3,9,0.42325646,0.57674354
pattern_2,148,0,231,#9400E7,3,0.42264229,0.57735771
pattern_2,148,0,233,#9400E9,242,0.42233515,0.57766485
pattern_2,148,0,234,#9400EA,2,0.42218161,0.57781839
pattern_2,148,0,238,#9400EE,1,0.42156744,0.57843256
pattern_2,148,0,239,#9400EF,95,0.4214139,0.5785861
pattern_2,148,0,241,#9400F1,4,0.42110676,0.57889324
pattern_2,148,0,244,#9400F4,16,0.42064613,0.57935387
pattern_2,148,0,247,#9400F7,1,0.42018551,0.57981449
pattern_2,148,0,252,#9400FC,1,0.41941774,0.58058226
pattern_2,148,0,255,#9400FF,881,0.41895711,0.58104289
pattern_2,148,17,255,#9411FF,1,0.41921812,0.58078188
pattern_2,148,20,233,#9414E9,1,0.42264229,0.57735771
pattern_2,148,40,255,#9428FF,14,0.41957128,0.58042872
pattern_2,148,44,189,#942CBD,6,0.42976689,0.57023311
pattern_2,148,46,252,#942EFC,4,0.42012405,0.57987595
pattern_2,148,48,255,#9430FF,1,0.41969413,0.58030587
pattern_2,148,82,249,#9452F9,2,0.42113751,0.57886249
pattern_2,148,87,249,#9457F9,3,0.42121428,0.57878572
pattern_2,150,0,200,#9600C8,18,0.41957128,0.58042872
pattern_2,150,0,206,#9600CE,4,0.41865003,0.58134997
pattern_2,150,0,227,#9600E3,4,0.41542548,0.58457452
pattern_2,150,0,233,#9600E9,50,0.41450417,0.58549583
pattern_2,150,0,255,#9600FF,54,0.41112614,0.58887386
pattern_2,151,0,189,#9700BD,28,0.41734487,0.58265513
pattern_2,151,0,195,#9700C3,1,0.41642356,0.58357644
pattern_2,151,0,205,#9700CD,3,0.41488808,0.58511192
pattern_2,151,0,217,#9700D9,4,0.41304547,0.58695453
pattern_2,151,0,227,#9700E3,2,0.41150999,0.58849001
pattern_2,151,0,255,#9700FF,109,0.40721065,0.59278935
pattern_2,152,0,255,#9800FF,32,0.40329516,0.59670484
pattern_2,153,0,186,#9900BA,4,0.40997452,0.59002548
pattern_2,153,0,195,#9900C3,1,0.40859258,0.59140742
pattern_2,153,0,200,#9900C8,2,0.40782481,0.59217519
pattern_2,153,0,211,#9900D3,16,0.4061358,0.5938642
pattern_2,153,0,214,#9900D6,24,0.40567517,0.59432483
pattern_2,153,0,222,#9900DE,4,0.40444678,0.59555322
pattern_2,153,0,225,#9900E1,1,0.4039861,0.5960139
pattern_2,153,0,227,#9900E3,6,0.40367901,0.59632099
pattern_2,153,0,230,#9900E6,1,0.40321839,0.59678161
pattern_2,153,0,233,#9900E9,21,0.4027577,0.5972423
pattern_2,153,0,239,#9900EF,2,0.40183645,0.59816355
pattern_2,153,0,252,#9900FC,4,0.3998403,0.6001597
pattern_2,153,0,255,#9900FF,43,0.39937967,0.60062033
pattern_2,154,0,189,#9A00BD,29,0.4055984,0.5944016
pattern_2,154,0,211,#9A00D3,1,0.40222031,0.59777969
pattern_2,154,0,222,#9A00DE,2,0.40053129,0.59946871
pattern_2,154,0,230,#9A00E6,1,0.3993029,0.6006971
pattern_2,154,0,239,#9A00EF,264,0.39792097,0.60207903
pattern_2,154,0,244,#9A00F4,73,0.3971532,0.6028468
pattern_2,154,0,249,#9A00F9,17,0.39638549,0.60361451
pattern_2,154,0,255,#9A00FF,281,0.39546418,0.60453582
pattern_2,154,1,244,#9A01F4,53,0.39716858,0.60283142
pattern_2,154,6,255,#9A06FF,3,0.39555633,0.60444367
pattern_2,154,16,239,#9A10EF,1,0.39816666,0.60183334
pattern_2,154,54,252,#9A36FC,2,0.39675397,0.60324603
pattern_2,154,62,252,#9A3EFC,2,0.39687681,0.60312319
pattern_2,154,63,255,#9A3FFF,1,0.39643151,0.60356849
pattern_2,154,69,252,#9A45FC,2,0.39698428,0.60301572
pattern_2,154,83,249,#9A53F9,7,0.3976599,0.6023401
pattern_2,154,85,233,#9A55E9,1,0.40014738,0.59985262
pattern_2,156,0,189,#9C00BD,36,0.39776742,0.60223258
pattern_2,156,0,198,#9C00C6,8,0.39638549,0.60361451
pattern_2,156,0,206,#9C00CE,144,0.3951571,0.6048429
pattern_2,156,0,214,#9C00D6,17,0.39392871,0.60607129
pattern_2,156,0,219,#9C00DB,1,0.39316094,0.60683906
pattern_2,156,0,222,#9C00DE,4,0.39270031,0.60729969
pattern_2,156,0,227,#9C00E3,4,0.39193255,0.60806745
pattern_2,156,0,231,#9C00E7,11,0.39131838,0.60868162
pattern_2,156,0,233,#9C00E9,5,0.3910113,0.6089887
pattern_2,156,0,239,#9C00EF,76,0.39008999,0.60991001
pattern_2,156,0,244,#9C00F4,11,0.38932222,0.61067778
pattern_2,156,0,247,#9C00F7,14,0.3888616,0.6111384
pattern_2,156,0,249,#9C00F9,2,0.38855451,0.61144549
pattern_2,156,0,255,#9C00FF,520,0.3876332,0.6123668
pattern_2,156,8,255,#9C08FF,1,0.38775605,0.61224395
pattern_2,156,13,255,#9C0DFF,3,0.38783282,0.61216718
pattern_2,156,85,231,#9C55E7,2,0.39262354,0.60737646
pattern_2,159,0,181,#9F00B5,48,0.38724935,0.61275065
pattern_2,159,0,184,#9F00B8,57,0.38678867,0.61321133
pattern_2,159,0,203,#9F00CB,7,0.38387126,0.61612874
pattern_2,159,0,205,#9F00CD,2,0.38356417,0.61643583
pattern_2,159,0,214,#9F00D6,1,0.38218224,0.61781776
pattern_2,159,0,219,#9F00DB,4,0.38141447,0.61858553
pattern_2,159,0,227,#9F00E3,2,0.38018608,0.61981392
pattern_2,159,0,230,#9F00E6,11,0.37972546,0.62027454
pattern_2,159,0,233,#9F00E9,4,0.37926483,0.62073517
pattern_2,159,0,239,#9F00EF,25,0.37834352,0.62165648
pattern_2,159,0,244,#9F00F4,312,0.37757576,0.62242424
pattern_2,159,0,247,#9F00F7,3,0.37711513,0.62288487
pattern_2,159,0,249,#9F00F9,30,0.37680805,0.62319195
pattern_2,159,0,252,#9F00FC,13,0.37634736,0.62365264
pattern_2,159,0,255,#9F00FF,477,0.37588674,0.62411326
pattern_2,159,1,255,#9F01FF,14,0.37590212,0.62409788
pattern_2,159,10,255,#9F0AFF,2,0.37604028,0.62395972
pattern_2,159,12,255,#9F0CFF,1,0.37607098,0.62392902
pattern_2,159,16,255,#9F10FF,1,0.37613243,0.62386757
pattern_2,159,63,252,#9F3FFC,5,0.37731475,0.62268525
pattern_2,159,73,252,#9F49FC,1,0.37746829,0.62253171
pattern_2,160,0,255,#A000FF,48,0.37197125,0.62802875
pattern_2,161,0,192,#A100C0,4,0.3777293,0.6222707
pattern_2,161,0,205,#A100CD,3,0.3757332,0.6242668
pattern_2,161,0,227,#A100E3,1,0.3723551,0.6276449
pattern_2,161,0,244,#A100F4,1,0.36974478,0.63025522
pattern_2,161,0,252,#A100FC,24,0.36851639,0.63148361
pattern_2,161,0,255,#A100FF,93,0.36805576,0.63194424
pattern_2,162,0,189,#A200BD,4,0.37427449,0.62572551
pattern_2,162,0,219,#A200DB,1,0.36966801,0.63033199
pattern_2,162,0,222,#A200DE,4,0.36920738,0.63079262
pattern_2,162,0,225,#A200E1,1,0.36874676,0.63125324
pattern_2,162,0,227,#A200E3,1,0.36843961,0.63156039
pattern_2,162,0,239,#A200EF,21,0.36659706,0.63340294
pattern_2,162,0,244,#A200F4,54,0.36582929,0.63417071
pattern_2,162,0,249,#A200F9,4,0.36506158,0.63493842
pattern_2,162,0,255,#A200FF,30,0.36414027,0.63585973
pattern_2,162,2,255,#A202FF,2,0.36417097,0.63582903
pattern_2,162,6,255,#A206FF,2,0.36423242,0.63576758
pattern_2,164,0,170,#A400AA,1,0.36936092,0.63063908
pattern_2,164,0,189,#A400BD,1,0.36644351,0.63355649
pattern_2,164,0,195,#A400C3,10,0.36552221,0.63447779
pattern_2,164,0,211,#A400D3,1,0.36306542,0.63693458
pattern_2,164,0,222,#A400DE,1,0.3613764,0.6386236
pattern_2,164,0,230,#A400E6,1,0.36014801,0.63985199
pattern_2,164,0,233,#A400E9,9,0.35968739,0.64031261
pattern_2,164,0,239,#A400EF,5,0.35876608,0.64123392
pattern_2,164,0,241,#A400F1,2,0.358459,0.641541
pattern_2,164,0,244,#A400F4,38,0.35799837,0.64200163
pattern_2,164,0,249,#A400F9,190,0.3572306,0.6427694
pattern_2,164,0,252,#A400FC,3,0.35676998,0.64323002
pattern_2,164,0,255,#A400FF,1375,0.35630929,0.64369071
pattern_2,164,1,255,#A401FF,12,0.35632467,0.64367533
pattern_2,164,4,255,#A404FF,8,0.35637075,0.64362925
pattern_2,164,10,249,#A40AF9,2,0.35738415,0.64261585
pattern_2,164,12,255,#A40CFF,3,0.35649359,0.64350641
pattern_2,164,13,255,#A40DFF,4,0.35650891,0.64349109
pattern_2,164,16,255,#A410FF,3,0.35655499,0.64344501
pattern_2,164,17,255,#A411FF,1,0.35657036,0.64342964
pattern_2,164,18,255,#A412FF,1,0.35658568,0.64341432
pattern_2,164,21,255,#A415FF,2,0.35663176,0.64336824
pattern_2,164,32,255,#A420FF,2,0.35680068,0.64319932
pattern_2,164,33,255,#A421FF,3,0.35681599,0.64318401
pattern_2,164,54,252,#A436FC,8,0.35759914,0.64240086
pattern_2,164,66,252,#A442FC,2,0.35778338,0.64221662
pattern_2,164,87,239,#A457EF,1,0.36010194,0.63989806
pattern_2,165,0,165,#A500A5,81,0.3662132,0.6337868
pattern_2,165,0,173,#A500AD,38,0.36498481,0.63501519
pattern_2,165,0,175,#A500AF,13,0.36467773,0.63532227
pattern_2,165,0,181,#A500B5,40,0.36375642,0.63624358
pattern_2,165,0,198,#A500C6,4,0.36114609,0.63885391
pattern_2,165,0,206,#A500CE,7,0.3599177,0.6400823
pattern_2,165,0,214,#A500D6,15,0.35868931,0.64131069
pattern_2,165,0,231,#A500E7,16,0.35607898,0.64392102
pattern_2,165,0,236,#A500EC,2,0.35531121,0.64468879
pattern_2,165,0,239,#A500EF,9,0.35485059,0.64514941
pattern_2,165,0,244,#A500F4,5,0.35408288,0.64591712
pattern_2,165,0,247,#A500F7,67,0.3536222,0.6463778
pattern_2,165,0,255,#A500FF,361,0.35239381,0.64760619
pattern_2,165,4,255,#A504FF,2,0.35245526,0.64754474
pattern_2,167,0,167,#A700A7,2573,0.35807514,0.64192486
pattern_2,167,0,170,#A700AA,31,0.35761446,0.64238554
pattern_2,167,0,197,#A700C5,23,0.35346866,0.64653134
pattern_2,167,0,200,#A700C8,1,0.35300803,0.64699197
pattern_2,167,0,205,#A700CD,4,0.35224026,0.64775974
pattern_2,167,0,211,#A700D3,1,0.35131896,0.64868104
pattern_2,167,0,227,#A700E3,4,0.34886223,0.65113777
pattern_2,167,0,228,#A700E4,2,0.34870863,0.65129137
pattern_2,167,0,233,#A700E9,4,0.34794092,0.65205908
pattern_2,167,0,239,#A700EF,5,0.34701961,0.65298039
pattern_2,167,0,244,#A700F4,15,0.3462519,0.6537481
pattern_2,167,0,249,#A700F9,59,0.34548414,0.65451586
pattern_2,167,0,255,#A700FF,352,0.34456283,0.65543717
pattern_2,167,2,255,#A702FF,8,0.34459358,0.65540642
pattern_2,167,10,255,#A70AFF,2,0.34471637,0.65528363
pattern_2,167,20,255,#A714FF,7,0.34486997,0.65513003
pattern_2,167,51,252,#A733FC,2,0.3458066,0.6541934
pattern_2,167,85,244,#A755F4,2,0.34755707,0.65244293
pattern_2,168,0,255,#A800FF,6,0.34064734,0.65935266
pattern_2,169,0,169,#A900A9,1659,0.34993702,0.65006298
pattern_2,170,0,167,#AA00A7,31,0.34632868,0.65367132
pattern_2,170,0,170,#AA00AA,9227,0.34586799,0.65413201
pattern_2,170,0,173,#AA00AD,4,0.34540737,0.65459263
pattern_2,170,0,175,#AA00AF,6,0.34510028,0.65489972
pattern_2,170,0,183,#AA00B7,1,0.34387189,0.65612811
pattern_2,170,0,200,#AA00C8,1,0.34126157,0.65873843
pattern_2,170,0,222,#AA00DE,1,0.33788347,0.66211653
pattern_2,170,0,225,#AA00E1,1,0.33742285,0.66257715
pattern_2,170,0,227,#AA00E3,3,0.33711576,0.66288424
pattern_2,170,0,233,#AA00E9,4,0.33619446,0.66380554
pattern_2,170,0,236,#AA00EC,10,0.33573383,0.66426617
pattern_2,170,0,239,#AA00EF,5,0.33527315,0.66472685
pattern_2,170,0,241,#AA00F1,4,0.33496606,0.66503394
pattern_2,170,0,244,#AA00F4,1,0.33450544,0.66549456
pattern_2,170,0,249,#AA00F9,5,0.33373767,0.66626233
pattern_2,170,0,255,#AA00FF,4458,0.33281636,0.66718364
pattern_2,170,5,255,#AA05FF,6,0.33289313,0.66710687
pattern_2,170,6,255,#AA06FF,12,0.33290851,0.66709149
pattern_2,170,8,255,#AA08FF,13,0.33293921,0.66706079
pattern_2,170,9,255,#AA09FF,3,0.33295459,0.66704541
pattern_2,170,10,255,#AA0AFF,12,0.33296996,0.66703004
pattern_2,170,12,255,#AA0CFF,4,0.33300066,0.66699934
pattern_2,170,13,255,#AA0DFF,1,0.33301598,0.66698402
pattern_2,170,14,247,#AA0EF7,1,0.33425975,0.66574025
pattern_2,170,14,255,#AA0EFF,2,0.33303136,0.66696864
pattern_2,170,16,255,#AA10FF,2,0.33306205,0.66693795
pattern_2,170,18,255,#AA12FF,2,0.33309275,0.66690725
pattern_2,170,24,255,#AA18FF,1,0.3331849,0.6668151
pattern_2,170,25,255,#AA19FF,1,0.33320028,0.66679972
pattern_2,170,26,255,#AA1AFF,2,0.33321559,0.66678441
pattern_2,170,27,252,#AA1BFC,1,0.3336916,0.6663084
pattern_2,170,27,255,#AA1BFF,4,0.33323097,0.66676903
pattern_2,170,28,252,#AA1CFC,2,0.33370697,0.66629303
pattern_2,170,28,255,#AA1CFF,2,0.33324635,0.66675365
pattern_2,170,29,252,#AA1DFC,3,0.33372229,0.66627771
pattern_2,170,32,255,#AA20FF,6,0.33330774,0.66669226
pattern_2,170,36,255,#AA24FF,1,0.33336914,0.66663086
pattern_2,170,37,255,#AA25FF,5,0.33338451,0.66661549
pattern_2,170,40,241,#AA28F1,11,0.33558029,0.66441971
pattern_2,170,44,252,#AA2CFC,1,0.33395267,0.66604733
pattern_2,170,45,255,#AA2DFF,3,0.33350736,0.66649264
pattern_2,170,50,252,#AA32FC,2,0.33404475,0.66595525
pattern_2,170,52,252,#AA34FC,3,0.33407551,0.66592449
pattern_2,170,55,252,#AA37FC,7,0.33412153,0.66587847
pattern_2,170,56,252,#AA38FC,3,0.3341369,0.6658631
pattern_2,170,62,255,#AA3EFF,3,0.33376837,0.66623163
pattern_2,170,67,252,#AA43FC,1,0.33430582,0.66569418
pattern_2,170,71,252,#AA47FC,1,0.33436722,0.66563278
pattern_2,170,85,249,#AA55F9,84,0.33504283,0.66495717
pattern_2,170,87,249,#AA57F9,17,0.33507353,0.66492647
pattern_2,172,0,172,#AC00AC,1,0.33772993,0.66227007
pattern_2,172,0,192,#AC00C0,4,0.33465898,0.66534102
pattern_2,172,0,203,#AC00CB,2,0.33296996,0.66703004
pattern_2,172,0,214,#AC00D6,2,0.33128089,0.66871911
pattern_2,172,0,225,#AC00E1,5,0.32959187,0.67040813
pattern_2,172,0,233,#AC00E9,6,0.32836348,0.67163652
pattern_2,172,0,239,#AC00EF,3,0.32744217,0.67255783
pattern_2,172,0,249,#AC00F9,37,0.32590669,0.67409331
pattern_2,172,0,255,#AC00FF,1552,0.32498538,0.67501462
pattern_2,172,8,255,#AC08FF,4,0.32510823,0.67489177
pattern_2,172,12,255,#AC0CFF,3,0.32516968,0.67483032
pattern_2,172,13,255,#AC0DFF,3,0.325185,0.674815
pattern_2,172,16,255,#AC10FF,2,0.32523108,0.67476892
pattern_2,172,18,255,#AC12FF,3,0.32526177,0.67473823
pattern_2,172,20,255,#AC14FF,4,0.32529253,0.67470747
pattern_2,172,21,255,#AC15FF,2,0.32530785,0.67469215
pattern_2,172,28,255,#AC1CFF,4,0.32541537,0.67458463
pattern_2,172,34,255,#AC22FF,2,0.32550746,0.67449254
pattern_2,172,38,255,#AC26FF,2,0.32556891,0.67443109
pattern_2,172,63,252,#AC3FFC,3,0.32641339,0.67358661
pattern_2,172,73,252,#AC49FC,1,0.32656693,0.67343307
pattern_2,172,74,252,#AC4AFC,3,0.32658231,0.67341769
pattern_2,172,77,252,#AC4DFC,1,0.32662839,0.67337161
pattern_2,172,79,252,#AC4FFC,3,0.32665908,0.67334092
pattern_2,172,81,252,#AC51FC,2,0.32668978,0.67331022
pattern_2,172,85,249,#AC55F9,7,0.32721186,0.67278814
pattern_2,172,87,249,#AC57F9,97,0.32724255,0.67275745
pattern_2,173,0,173,#AD00AD,16562,0.3336609,0.6663391
pattern_2,173,0,181,#AD00B5,63,0.33243251,0.66756749
pattern_2,173,0,189,#AD00BD,76,0.33120412,0.66879588
pattern_2,173,0,206,#AD00CE,5,0.32859379,0.67140621
pattern_2,173,0,214,#AD00D6,3,0.3273654,0.6726346
pattern_2,173,0,219,#AD00DB,2,0.32659769,0.67340231
pattern_2,173,0,222,#AD00DE,3,0.32613701,0.67386299
pattern_2,173,0,239,#AD00EF,9,0.32352668,0.67647332
pattern_2,173,0,244,#AD00F4,6,0.32275897,0.67724103
pattern_2,173,0,247,#AD00F7,19,0.32229829,0.67770171
pattern_2,173,0,249,#AD00F9,34,0.32199121,0.67800879
pattern_2,173,0,255,#AD00FF,480,0.3210699,0.6789301
pattern_2,173,48,255,#AD30FF,14,0.32180697,0.67819303
pattern_2,175,0,173,#AF00AD,6,0.32582992,0.67417008
pattern_2,175,0,175,#AF00AF,4118,0.32552284,0.67447716
pattern_2,175,0,178,#AF00B2,15,0.32506222,0.67493778
pattern_2,175,0,197,#AF00C5,4,0.32214475,0.67785525
pattern_2,175,0,203,#AF00CB,4,0.3212235,0.6787765
pattern_2,175,0,230,#AF00E6,3,0.31707764,0.68292236
pattern_2,175,0,233,#AF00E9,3,0.31661701,0.68338299
pattern_2,175,0,239,#AF00EF,3,0.3156957,0.6843043
pattern_2,175,0,244,#AF00F4,3,0.314928,0.685072
pattern_2,175,0,249,#AF00F9,8,0.31416023,0.68583977
pattern_2,175,0,252,#AF00FC,1,0.3136996,0.6863004
pattern_2,175,0,255,#AF00FF,797,0.31323898,0.68676102
pattern_2,175,18,255,#AF12FF,1,0.31351537,0.68648463
pattern_2,175,20,255,#AF14FF,3,0.31354606,0.68645394
pattern_2,175,32,252,#AF20FC,2,0.31419092,0.68580908
pattern_2,175,36,255,#AF24FF,1,0.31379175,0.68620825
pattern_2,175,51,255,#AF33FF,4,0.31402206,0.68597794
pattern_2,175,52,252,#AF34FC,2,0.31449807,0.68550193
pattern_2,175,62,255,#AF3EFF,13,0.31419092,0.68580908
pattern_2,175,63,252,#AF3FFC,3,0.31466693,0.68533307
pattern_2,175,85,249,#AF55F9,16,0.31546539,0.68453461
pattern_2,175,87,249,#AF57F9,29,0.31549609,0.68450391
pattern_2,176,0,176,#B000B0,306,0.32145381,0.67854619
pattern_2,176,0,239,#B000EF,1,0.31178021,0.68821979
pattern_2,176,0,255,#B000FF,2,0.30932349,0.69067651
pattern_2,177,0,177,#B100B1,245,0.31738478,0.68261522
pattern_2,177,0,247,#B100F7,3,0.30663639,0.69336361
pattern_2,177,0,255,#B100FF,30,0.305408,0.694592
pattern_2,178,0,178,#B200B2,5616,0.31331575,0.68668425
pattern_2,178,0,181,#B200B5,27,0.31285506,0.68714494
pattern_2,178,0,211,#B200D3,4,0.30824864,0.69175136
pattern_2,178,0,219,#B200DB,7,0.30702025,0.69297975
pattern_2,178,0,233,#B200E9,2,0.30487055,0.69512945
pattern_2,178,0,239,#B200EF,12,0.3039493,0.6960507
pattern_2,178,0,244,#B200F4,2,0.30318153,0.69681847
pattern_2,178,0,249,#B200F9,4,0.30241376,0.69758624
pattern_2,178,0,255,#B200FF,603,0.30149251,0.69850749
pattern_2,178,1,255,#B201FF,32,0.30150783,0.69849217
pattern_2,178,10,255,#B20AFF,3,0.30164605,0.69835395
pattern_2,178,13,255,#B20DFF,1,0.30169213,0.69830787
pattern_2,178,27,255,#B21BFF,2,0.30190706,0.69809294
pattern_2,178,28,252,#B21CFC,1,0.30238307,0.69761693
pattern_2,178,59,252,#B23BFC,1,0.30285907,0.69714093
pattern_2,178,66,252,#B242FC,2,0.30296654,0.69703346
pattern_2,178,73,252,#B249FC,1,0.30307406,0.69692594
pattern_2,178,78,252,#B24EFC,3,0.30315083,0.69684917
pattern_2,178,83,252,#B253FC,2,0.3032276,0.6967724
pattern_2,178,85,249,#B255F9,5,0.30371892,0.69628108
pattern_2,178,87,249,#B257F9,11,0.30374968,0.69625032
pattern_2,181,0,165,#B500A5,2,0.30356538,0.69643462
pattern_2,181,0,173,#B500AD,8,0.30233699,0.69766301
pattern_2,181,0,181,#B500B5,15471,0.3011086,0.6988914
pattern_2,181,0,189,#B500BD,184,0.29988021,0.70011979
pattern_2,181,0,198,#B500C6,2,0.29849827,0.70150173
pattern_2,181,0,206,#B500CE,15,0.29726988,0.70273012
pattern_2,181,0,214,#B500D6,5,0.29604155,0.70395845
pattern_2,181,0,219,#B500DB,13,0.29527378,0.70472622
pattern_2,181,0,222,#B500DE,21,0.29481316,0.70518684
pattern_2,181,0,230,#B500E6,4,0.29358476,0.70641524
pattern_2,181,0,231,#B500E7,8,0.29343122,0.70656878
pattern_2,181,0,236,#B500EC,6,0.29266346,0.70733654
pattern_2,181,0,239,#B500EF,4,0.29220283,0.70779717
pattern_2,181,0,247,#B500F7,19,0.29097444,0.70902556
pattern_2,181,0,249,#B500F9,2,0.2906673,0.7093327
pattern_2,181,0,252,#B500FC,2,0.29020667,0.70979333
pattern_2,181,0,255,#B500FF,874,0.28974605,0.71025395
pattern_2,181,4,255,#B504FF,3,0.28980744,0.71019256
pattern_2,181,10,255,#B50AFF,2,0.28989959,0.71010041
pattern_2,181,12,255,#B50CFF,6,0.28993028,0.71006972
pattern_2,181,48,255,#B530FF,2,0.29048306,0.70951694
pattern_2,181,62,252,#B53EFC,7,0.29115868,0.70884132
pattern_2,181,67,252,#B543FC,1,0.29123545,0.70876455
pattern_2,181,85,249,#B555F9,2,0.29197246,0.70802754
pattern_2,181,87,249,#B557F9,17,0.29200321,0.70799679
pattern_2,183,0,183,#B700B7,3377,0.29297054,0.70702946
pattern_2,183,0,186,#B700BA,15,0.29250991,0.70749009
pattern_2,183,0,205,#B700CD,4,0.2895925,0.7104075
pattern_2,183,0,222,#B700DE,1,0.28698218,0.71301782
pattern_2,183,0,230,#B700E6,2,0.28575379,0.71424621
pattern_2,183,0,233,#B700E9,4,0.2852931,0.7147069
pattern_2,183,0,249,#B700F9,6,0.28283638,0.71716362
pattern_2,183,0,255,#B700FF,359,0.28191507,0.71808493
pattern_2,183,20,255,#B714FF,1,0.28222215,0.71777785
pattern_2,183,22,255,#B716FF,2,0.28225285,0.71774715
pattern_2,183,27,255,#B71BFF,1,0.28232962,0.71767038
pattern_2,183,85,249,#B755F9,7,0.28414148,0.71585852
pattern_2,183,87,249,#B757F9,19,0.28417224,0.71582776
pattern_2,184,0,184,#B800B8,909,0.28890151,0.71109849
pattern_2,184,0,186,#B800BA,14,0.28859442,0.71140558
pattern_2,184,0,214,#B800D6,7,0.28429508,0.71570492
pattern_2,184,0,225,#B800E1,1,0.28260601,0.71739399
pattern_2,184,0,244,#B800F4,7,0.2796886,0.7203114
pattern_2,184,0,255,#B800FF,11,0.27799958,0.72200042
pattern_2,184,70,252,#B846FC,4,0.27953506,0.72046494
pattern_2,185,0,185,#B900B9,3,0.28483248,0.71516752
pattern_2,185,0,234,#B900EA,1,0.27730858,0.72269142
pattern_2,185,0,251,#B900FB,2,0.27469826,0.72530174
pattern_2,185,0,255,#B900FF,3,0.27408409,0.72591591
pattern_2,186,0,186,#BA00BA,2845,0.28076345,0.71923655
pattern_2,186,0,222,#BA00DE,3,0.27523571,0.72476429
pattern_2,186,0,227,#BA00E3,3,0.27446795,0.72553205
pattern_2,186,0,239,#BA00EF,1,0.27262539,0.72737461
pattern_2,186,0,241,#BA00F1,1,0.2723183,0.7276817
pattern_2,186,0,244,#BA00F4,16,0.27185762,0.72814238
pattern_2,186,0,247,#BA00F7,5,0.27139699,0.72860301
pattern_2,186,0,249,#BA00F9,11,0.27108991,0.72891009
pattern_2,186,0,252,#BA00FC,10,0.27062923,0.72937077
pattern_2,186,0,255,#BA00FF,227,0.2701686,0.7298314
pattern_2,186,36,255,#BA24FF,3,0.27072138,0.72927862
pattern_2,186,83,249,#BA53F9,3,0.27236432,0.72763568
pattern_2,186,85,249,#BA55F9,7,0.27239507,0.72760493
pattern_2,187,0,187,#BB00BB,292,0.27669442,0.72330558
pattern_2,189,0,165,#BD00A5,1,0.27224147,0.72775853
pattern_2,189,0,189,#BD00BD,13594,0.26855636,0.73144364
pattern_2,189,0,192,#BD00C0,29,0.26809567,0.73190433
pattern_2,189,0,198,#BD00C6,380,0.26717442,0.73282558
pattern_2,189,0,206,#BD00CE,6,0.26594603,0.73405397
pattern_2,189,0,214,#BD00D6,7,0.26471764,0.73528236
pattern_2,189,0,222,#BD00DE,19,0.26348925,0.73651075
pattern_2,189,0,227,#BD00E3,8,0.26272148,0.73727852
pattern_2,189,0,231,#BD00E7,34,0.26210731,0.73789269
pattern_2,189,0,233,#BD00E9,1,0.26180023,0.73819977
pattern_2,189,0,236,#BD00EC,4,0.26133955,0.73866045
pattern_2,189,0,239,#BD00EF,4,0.26087892,0.73912108
pattern_2,189,0,244,#BD00F4,5,0.26011115,0.73988885
pattern_2,189,0,247,#BD00F7,3,0.25965053,0.74034947
pattern_2,189,0,249,#BD00F9,6,0.25934345,0.74065655
pattern_2,189,0,255,#BD00FF,826,0.25842214,0.74157786
pattern_2,189,4,255,#BD04FF,18,0.25848353,0.74151647
pattern_2,189,12,255,#BD0CFF,12,0.25860637,0.74139363
pattern_2,189,16,255,#BD10FF,24,0.25866783,0.74133217
pattern_2,189,40,255,#BD28FF,3,0.2590363,0.7409637
pattern_2,189,52,255,#BD34FF,7,0.2592206,0.7407794
pattern_2,189,65,252,#BD41FC,3,0.25988084,0.74011916
pattern_2,189,70,252,#BD46FC,2,0.25995761,0.74004239
pattern_2,189,87,249,#BD57F9,1,0.2606793,0.7393207
pattern_2,192,0,192,#C000C0,4711,0.25634921,0.74365079
pattern_2,192,0,194,#C000C2,36,0.25604212,0.74395788
pattern_2,192,0,203,#C000CB,6,0.25466019,0.74533981
pattern_2,192,0,214,#C000D6,11,0.25297117,0.74702883
pattern_2,192,0,219,#C000DB,11,0.2522034,0.7477966
pattern_2,192,0,222,#C000DE,19,0.25174278,0.74825722
pattern_2,192,0,225,#C000E1,4,0.25128216,0.74871784
pattern_2,192,0,236,#C000EC,1,0.24959308,0.75040692
pattern_2,192,0,241,#C000F1,1,0.24882537,0.75117463
pattern_2,192,0,247,#C000F7,11,0.24790406,0.75209594
pattern_2,192,0,249,#C000F9,2,0.24759698,0.75240302
pattern_2,192,0,255,#C000FF,211,0.24667567,0.75332433
pattern_2,192,12,255,#C00CFF,1,0.24685991,0.75314009
pattern_2,192,67,252,#C043FC,1,0.24816507,0.75183493
pattern_2,192,82,252,#C052FC,2,0.24839544,0.75160456
pattern_2,192,85,249,#C055F9,10,0.24890214,0.75109786
pattern_2,192,87,249,#C057F9,1,0.24893284,0.75106716
pattern_2,193,0,193,#C100C1,93,0.25228018,0.74771982
pattern_2,193,0,255,#C100FF,1,0.24276018,0.75723982
pattern_2,194,0,194,#C200C2,2306,0.24821115,0.75178885
pattern_2,194,0,195,#C200C3,27,0.2480576,0.7519424
pattern_2,194,0,203,#C200CB,8,0.24682921,0.75317079
pattern_2,194,0,211,#C200D3,4,0.24560082,0.75439918
pattern_2,194,0,227,#C200E3,4,0.24314404,0.75685596
pattern_2,194,0,249,#C200F9,3,0.239766,0.760234
pattern_2,194,0,255,#C200FF,97,0.23884469,0.76115531
pattern_2,194,10,255,#C20AFF,2,0.23899823,0.76100177
pattern_2,194,87,249,#C257F9,6,0.24110186,0.75889814
pattern_2,195,0,195,#C300C3,1049,0.24414212,0.75585788
pattern_2,195,0,219,#C300DB,7,0.24045694,0.75954306
pattern_2,195,0,236,#C300EC,1,0.23784661,0.76215339
pattern_2,195,0,239,#C300EF,3,0.23738599,0.76261401
pattern_2,195,0,244,#C300F4,1,0.23661822,0.76338178
pattern_2,195,0,249,#C300F9,3,0.23585051,0.76414949
pattern_2,195,0,255,#C300FF,106,0.2349292,0.7650708
pattern_2,197,0,197,#C500C5,3439,0.23600405,0.76399595
pattern_2,197,0,203,#C500CB,15,0.23508275,0.76491725
pattern_2,197,0,206,#C500CE,6,0.23462212,0.76537788
pattern_2,197,0,214,#C500D6,9,0.23339373,0.76660627
pattern_2,197,0,225,#C500E1,5,0.23170471,0.76829529
pattern_2,197,0,227,#C500E3,1,0.23139757,0.76860243
pattern_2,197,0,244,#C500F4,3,0.2287873,0.7712127
pattern_2,197,0,249,#C500F9,9,0.22801954,0.77198046
pattern_2,197,0,252,#C500FC,2,0.22755891,0.77244109
pattern_2,197,0,255,#C500FF,165,0.22709823,0.77290177
pattern_2,197,1,255,#C501FF,6,0.2271136,0.7728864
pattern_2,197,70,252,#C546FC,3,0.2286337,0.7713663
pattern_2,197,82,249,#C552F9,2,0.22927862,0.77072138
pattern_2,197,83,249,#C553F9,2,0.229294,0.770706
pattern_2,197,83,252,#C553FC,2,0.22883332,0.77116668
pattern_2,198,0,198,#C600C6,9033,0.23193502,0.76806498
pattern_2,198,0,206,#C600CE,414,0.23070663,0.76929337
pattern_2,198,0,214,#C600D6,35,0.22947824,0.77052176
pattern_2,198,0,222,#C600DE,6,0.22824985,0.77175015
pattern_2,198,0,231,#C600E7,7,0.22686791,0.77313209
pattern_2,198,0,233,#C600E9,1,0.22656083,0.77343917
pattern_2,198,0,236,#C600EC,1,0.22610015,0.77389985
pattern_2,198,0,239,#C600EF,6,0.22563952,0.77436048
pattern_2,198,0,247,#C600F7,22,0.22441113,0.77558887
pattern_2,198,0,255,#C600FF,305,0.22318274,0.77681726
pattern_2,198,8,255,#C608FF,10,0.22330558,0.77669442
pattern_2,198,73,255,#C649FF,2,0.22430366,0.77569634
pattern_2,200,0,200,#C800C8,3242,0.22379696,0.77620304
pattern_2,200,0,219,#C800DB,6,0.22087955,0.77912045
pattern_2,200,0,222,#C800DE,12,0.22041887,0.77958113
pattern_2,200,0,228,#C800E4,8,0.21949756,0.78050244
pattern_2,200,0,241,#C800F1,3,0.21750146,0.78249854
pattern_2,200,0,249,#C800F9,6,0.21627307,0.78372693
pattern_2,200,0,255,#C800FF,301,0.21535176,0.78464824
pattern_2,200,10,255,#C80AFF,2,0.2155053,0.7844947
pattern_2,200,44,252,#C82CFC,1,0.21648806,0.78351194
pattern_2,200,81,252,#C851FC,1,0.21705616,0.78294384
pattern_2,200,85,249,#C855F9,3,0.21757823,0.78242177
pattern_2,201,0,201,#C900C9,38,0.21972793,0.78027207
pattern_2,201,0,255,#C900FF,23,0.21143627,0.78856373
pattern_2,202,0,255,#CA00FF,16,0.20752078,0.79247922
pattern_2,203,0,203,#CB00CB,3885,0.21158981,0.78841019
pattern_2,203,0,205,#CB00CD,8,0.21128273,0.78871727
pattern_2,203,0,208,#CB00D0,22,0.21082211,0.78917789
pattern_2,203,0,211,#CB00D3,10,0.21036148,0.78963852
pattern_2,203,0,219,#CB00DB,3,0.20913309,0.79086691
pattern_2,203,0,222,#CB00DE,6,0.2086724,0.7913276
pattern_2,203,0,236,#CB00EC,6,0.20652276,0.79347724
pattern_2,203,0,247,#CB00F7,2,0.20483369,0.79516631
pattern_2,203,0,249,#CB00F9,14,0.2045266,0.7954734
pattern_2,203,0,255,#CB00FF,150,0.20360529,0.79639471
pattern_2,203,69,252,#CB45FC,2,0.20512545,0.79487455
pattern_2,203,81,252,#CB51FC,1,0.20530969,0.79469031
pattern_2,205,0,205,#CD00CD,2345,0.20345175,0.79654825
pattern_2,205,0,225,#CD00E1,7,0.2003808,0.7996192
pattern_2,205,0,227,#CD00E3,2,0.20007372,0.79992628
pattern_2,205,0,228,#CD00E4,7,0.19992018,0.80007982
pattern_2,205,0,249,#CD00F9,12,0.19669563,0.80330437
pattern_2,205,0,255,#CD00FF,137,0.19577432,0.80422568
pattern_2,205,54,255,#CD36FF,2,0.19660354,0.80339646
pattern_2,205,82,252,#CD52FC,1,0.19749409,0.80250591
pattern_2,205,87,249,#CD57F9,1,0.19803149,0.80196851
pattern_2,206,0,198,#CE00C6,20,0.20061111,0.79938889
pattern_2,206,0,206,#CE00CE,9185,0.19938272,0.80061728
pattern_2,206,0,214,#CE00D6,287,0.19815433,0.80184567
pattern_2,206,0,216,#CE00D8,22,0.19784725,0.80215275
pattern_2,206,0,222,#CE00DE,51,0.19692594,0.80307406
pattern_2,206,0,231,#CE00E7,15,0.195544,0.804456
pattern_2,206,0,233,#CE00E9,1,0.19523692,0.80476308
pattern_2,206,0,239,#CE00EF,8,0.19431561,0.80568439
pattern_2,206,0,241,#CE00F1,1,0.19400853,0.80599147
pattern_2,206,0,244,#CE00F4,3,0.1935479,0.8064521
pattern_2,206,0,247,#CE00F7,17,0.19308722,0.80691278
pattern_2,206,0,255,#CE00FF,745,0.19185889,0.80814111
pattern_2,206,4,206,#CE04CE,5,0.19944417,0.80055583
pattern_2,206,65,255,#CE41FF,11,0.19285691,0.80714309
pattern_2,208,0,208,#D000D0,2045,0.19124466,0.80875534
pattern_2,208,0,216,#D000D8,5,0.19001627,0.80998373
pattern_2,208,0,219,#D000DB,2,0.18955564,0.81044436
pattern_2,208,0,236,#D000EC,3,0.18694532,0.81305468
pattern_2,208,0,247,#D000F7,2,0.18525624,0.81474376
pattern_2,208,0,255,#D000FF,170,0.18402791,0.81597209
pattern_2,208,83,252,#D053FC,4,0.185763,0.814237
pattern_2,208,85,252,#D055FC,2,0.1857937,0.8142063
pattern_2,209,0,209,#D100D1,2496,0.18717563,0.81282437
pattern_2,209,0,225,#D100E1,2,0.18471885,0.81528115
pattern_2,209,1,255,#D101FF,15,0.18012774,0.81987226
pattern_2,210,0,255,#D200FF,22,0.17619693,0.82380307
pattern_2,211,0,211,#D300D3,4792,0.17903757,0.82096243
pattern_2,211,0,225,#D300E1,9,0.17688787,0.82311213
pattern_2,211,0,239,#D300EF,4,0.17473823,0.82526177
pattern_2,211,0,249,#D300F9,5,0.17320269,0.82679731
pattern_2,211,0,255,#D300FF,236,0.17228144,0.82771856
pattern_2,211,1,255,#D301FF,12,0.17229676,0.82770324
pattern_2,211,48,255,#D330FF,2,0.17301846,0.82698154
pattern_2,211,52,255,#D334FF,3,0.17307985,0.82692015
pattern_2,211,83,252,#D353FC,3,0.17401654,0.82598346
pattern_2,211,87,252,#D357FC,4,0.17407793,0.82592207
pattern_2,214,0,189,#D600BD,6,0.17066914,0.82933086
pattern_2,214,0,206,#D600CE,15,0.16805881,0.83194119
pattern_2,214,0,214,#D600D6,12563,0.16683048,0.83316952
pattern_2,214,0,222,#D600DE,472,0.16560209,0.83439791
pattern_2,214,0,225,#D600E1,8,0.1651414,0.8348586
pattern_2,214,0,231,#D600E7,78,0.16422015,0.83577985
pattern_2,214,0,236,#D600EC,4,0.16345239,0.83654761
pattern_2,214,0,239,#D600EF,65,0.16299176,0.83700824
pattern_2,214,0,247,#D600F7,12,0.16176337,0.83823663
pattern_2,214,0,249,#D600F9,5,0.16145623,0.83854377
pattern_2,214,0,255,#D600FF,1024,0.16053498,0.83946502
pattern_2,214,12,214,#D60CD6,10,0.16701472,0.83298528
pattern_2,214,27,255,#D61BFF,1,0.16094953,0.83905047
pattern_2,214,48,252,#D630FC,1,0.16173261,0.83826739
pattern_2,214,65,255,#D641FF,9,0.16153306,0.83846694
pattern_2,214,69,255,#D645FF,2,0.16159445,0.83840555
pattern_2,216,0,216,#D800D8,98,0.15869236,0.84130764
pattern_2,216,0,225,#D800E1,5,0.15731043,0.84268957
pattern_2,216,0,230,#D800E6,6,0.15654272,0.84345728
pattern_2,216,0,233,#D800E9,5,0.15608203,0.84391797
pattern_2,216,0,239,#D800EF,4,0.15516078,0.84483922
pattern_2,216,0,244,#D800F4,4,0.15439302,0.84560698
pattern_2,216,0,249,#D800F9,9,0.15362531,0.84637469
pattern_2,216,0,255,#D800FF,154,0.152704,0.847296
pattern_2,216,58,252,#D83AFC,2,0.15405524,0.84594476
pattern_2,216,70,252,#D846FC,2,0.15423948,0.84576052
pattern_2,217,0,217,#D900D9,4176,0.15462333,0.84537667
pattern_2,217,0,255,#D900FF,20,0.14878851,0.85121149
pattern_2,218,0,255,#DA00FF,56,0.14487302,0.85512698
pattern_2,219,0,219,#DB00DB,2770,0.14648527,0.85351473
pattern_2,219,0,241,#DB00F1,13,0.14310724,0.85689276
pattern_2,219,0,244,#DB00F4,2,0.14264655,0.85735345
pattern_2,219,0,255,#DB00FF,203,0.14095753,0.85904247
pattern_2,219,60,252,#DB3CFC,1,0.14233947,0.85766053
pattern_2,219,73,252,#DB49FC,1,0.14253908,0.85746092
pattern_2,220,0,220,#DC00DC,2492,0.14241624,0.85758376
pattern_2,222,0,198,#DE00C6,5,0.13796335,0.86203665
pattern_2,222,0,206,#DE00CE,6,0.13673496,0.86326504
pattern_2,222,0,214,#DE00D6,54,0.13550657,0.86449343
pattern_2,222,0,222,#DE00DE,16802,0.13427818,0.86572182
pattern_2,222,0,230,#DE00E6,2,0.13304979,0.86695021
pattern_2,222,0,231,#DE00E7,530,0.13289624,0.86710376
pattern_2,222,0,233,#DE00E9,17,0.13258916,0.86741084
pattern_2,222,0,239,#DE00EF,140,0.13166785,0.86833215
pattern_2,222,0,247,#DE00F7,5,0.13043946,0.86956054
pattern_2,222,0,249,#DE00F9,1,0.13013238,0.86986762
pattern_2,222,0,255,#DE00FF,1037,0.12921107,0.87078893
pattern_2,222,4,222,#DE04DE,13,0.13433957,0.86566043
pattern_2,222,4,255,#DE04FF,21,0.12927246,0.87072754
pattern_2,222,12,214,#DE0CD6,8,0.13569081,0.86430919
pattern_2,222,16,222,#DE10DE,6,0.13452387,0.86547613
pattern_2,222,20,255,#DE14FF,3,0.12951815,0.87048185
pattern_2,222,56,255,#DE38FF,2,0.13007092,0.86992908
pattern_2,222,65,255,#DE41FF,2,0.13020915,0.86979085
pattern_2,222,73,252,#DE49FC,1,0.13079262,0.86920738
pattern_2,225,0,225,#E100E1,7239,0.12207109,0.87792891
pattern_2,225,0,230,#E100E6,9,0.12130332,0.87869668
pattern_2,225,0,241,#E100F1,7,0.1196143,0.8803857
pattern_2,225,0,247,#E100F7,2,0.11869299,0.88130701
pattern_2,225,0,255,#E100FF,139,0.1174646,0.8825354
pattern_2,225,40,255,#E128FF,1,0.11807883,0.88192117
pattern_2,225,70,252,#E146FC,5,0.11900008,0.88099992
pattern_2,225,75,252,#E14BFC,3,0.11907685,0.88092315
pattern_2,226,0,226,#E200E2,24,0.118002,0.881998
pattern_2,226,0,255,#E200FF,80,0.11354911,0.88645089
pattern_2,227,0,227,#E300E3,1578,0.11393297,0.88606703
pattern_2,227,0,233,#E300E9,6,0.11301172,0.88698828
pattern_2,227,0,239,#E300EF,2,0.11209041,0.88790959
pattern_2,227,0,244,#E300F4,5,0.11132264,0.88867736
pattern_2,227,0,247,#E300F7,6,0.11086202,0.88913798
pattern_2,227,0,249,#E300F9,2,0.11055493,0.88944507
pattern_2,227,0,255,#E300FF,348,0.10963362,0.89036638
pattern_2,227,78,255,#E34EFF,1,0.11083132,0.88916868
pattern_2,227,85,252,#E355FC,3,0.11139941,0.88860059
pattern_2,228,0,228,#E400E4,3162,0.10986394,0.89013606
pattern_2,230,0,230,#E600E6,7805,0.10172588,0.89827412
pattern_2,230,0,241,#E600F1,4,0.10003686,0.89996314
pattern_2,230,0,255,#E600FF,70,0.09788716,0.90211284
pattern_2,230,27,255,#E61BFF,2,0.09830177,0.90169823
pattern_2,230,66,252,#E642FC,1,0.09936124,0.90063876
pattern_2,230,83,252,#E653FC,2,0.09962225,0.90037775
pattern_2,230,85,251,#E655FB,3,0.09980655,0.90019345
pattern_2,231,0,206,#E700CE,3,0.10149556,0.89850444
pattern_2,231,0,214,#E700D6,19,0.10026717,0.89973283
pattern_2,231,0,222,#E700DE,103,0.09903878,0.90096122
pattern_2,231,0,231,#E700E7,16509,0.09765685,0.90234315
pattern_2,231,0,239,#E700EF,455,0.09642845,0.90357155
pattern_2,231,0,247,#E700F7,60,0.09520006,0.90479994
pattern_2,231,0,255,#E700FF,1230,0.09397167,0.90602833
pattern_2,231,4,231,#E704E7,13,0.0977183,0.9022817
pattern_2,231,8,255,#E708FF,5,0.09409451,0.90590549
pattern_2,231,16,255,#E710FF,3,0.09421736,0.90578264
pattern_2,231,20,255,#E714FF,6,0.09427881,0.90572119
pattern_2,231,36,255,#E724FF,13,0.09452444,0.90547556
pattern_2,231,81,247,#E751F7,12,0.09644383,0.90355617
pattern_2,231,81,255,#E751FF,7,0.09521544,0.90478456
pattern_2,233,0,233,#E900E9,6027,0.08951879,0.91048121
pattern_2,233,0,236,#E900EC,37,0.08905816,0.91094184
pattern_2,233,0,241,#E900F1,5,0.08829039,0.91170961
pattern_2,233,0,244,#E900F4,7,0.08782977,0.91217023
pattern_2,233,0,255,#E900FF,179,0.08614069,0.91385931
pattern_2,233,63,252,#E93FFC,1,0.0875687,0.9124313
pattern_2,233,67,252,#E943FC,1,0.08763015,0.91236985
pattern_2,233,77,252,#E94DFC,1,0.08778369,0.91221631
pattern_2,233,81,252,#E951FC,2,0.08784509,0.91215491
pattern_2,233,82,252,#E952FC,3,0.08786047,0.91213953
pattern_2,233,83,244,#E953F4,1,0.08910418,0.91089582
pattern_2,234,0,234,#EA00EA,4,0.08544976,0.91455024
pattern_2,234,0,255,#EA00FF,26,0.0822252,0.9177748
pattern_2,234,69,255,#EA45FF,3,0.08328474,0.91671526
pattern_2,235,0,235,#EB00EB,33,0.08138072,0.91861928
pattern_2,236,0,236,#EC00EC,11313,0.07731169,0.92268831
pattern_2,236,0,238,#EC00EE,9,0.07700455,0.92299545
pattern_2,236,0,247,#EC00F7,3,0.07562262,0.92437738
pattern_2,236,0,255,#EC00FF,81,0.07439423,0.92560577
pattern_2,236,60,252,#EC3CFC,3,0.07577616,0.92422384
pattern_2,236,63,252,#EC3FFC,2,0.07582223,0.92417777
pattern_2,236,69,252,#EC45FC,1,0.07591438,0.92408562
pattern_2,236,74,252,#EC4AFC,1,0.07599115,0.92400885
pattern_2,238,0,238,#EE00EE,7484,0.06917357,0.93082643
pattern_2,238,0,247,#EE00F7,6,0.06779164,0.93220836
pattern_2,238,0,255,#EE00FF,74,0.06656325,0.93343675
pattern_2,238,67,238,#EE43EE,1,0.07020235,0.92979765
pattern_2,238,68,247,#EE44F7,6,0.06883579,0.93116421
pattern_2,239,0,214,#EF00D6,5,0.06894326,0.93105674
pattern_2,239,0,222,#EF00DE,41,0.06771487,0.93228513
pattern_2,239,0,231,#EF00E7,85,0.06633294,0.93366706
pattern_2,239,0,239,#EF00EF,26709,0.06510454,0.93489546
pattern_2,239,0,247,#EF00F7,337,0.06387615,0.93612385
pattern_2,239,0,255,#EF00FF,2160,0.06264782,0.93735218
pattern_2,239,4,255,#EF04FF,5,0.06270921,0.93729079
pattern_2,239,8,239,#EF08EF,5,0.06522739,0.93477261
pattern_2,239,12,255,#EF0CFF,5,0.06283206,0.93716794
pattern_2,239,16,255,#EF10FF,3,0.06289345,0.93710655
pattern_2,239,20,255,#EF14FF,11,0.0629549,0.9370451
pattern_2,239,24,255,#EF18FF,8,0.0630163,0.9369837
pattern_2,239,40,247,#EF28F7,15,0.06449038,0.93550962
pattern_2,239,52,255,#EF34FF,15,0.06344622,0.93655378
pattern_2,239,65,255,#EF41FF,13,0.06364584,0.93635416
pattern_2,239,77,247,#EF4DF7,12,0.06505853,0.93494147
pattern_2,239,78,255,#EF4EFF,1,0.06384546,0.93615454
pattern_2,239,80,255,#EF50FF,3,0.06387615,0.93612385
pattern_2,241,0,239,#F100EF,10,0.05727357,0.94272643
pattern_2,241,0,241,#F100F1,10223,0.05696648,0.94303352
pattern_2,241,0,252,#F100FC,6,0.05527747,0.94472253
pattern_2,241,0,255,#F100FF,138,0.05481684,0.94518316
pattern_2,241,65,252,#F141FC,1,0.05627555,0.94372445
pattern_2,243,0,243,#F300F3,129,0.04882842,0.95117158
pattern_2,243,0,255,#F300FF,40,0.04698586,0.95301414
pattern_2,244,0,244,#F400F4,16515,0.04475939,0.95524061
pattern_2,244,0,255,#F400FF,54,0.04307038,0.95692962
pattern_2,244,83,255,#F453FF,2,0.04434478,0.95565522
pattern_2,247,0,214,#F700D6,2,0.03761941,0.96238059
pattern_2,247,0,231,#F700E7,42,0.03500909,0.96499091
pattern_2,247,0,239,#F700EF,122,0.03378069,0.96621931
pattern_2,247,0,247,#F700F7,65684,0.0325523,0.9674477
pattern_2,247,0,255,#F700FF,8392,0.03132391,0.96867609
pattern_2,247,4,239,#F704EF,28,0.03384209,0.96615791
pattern_2,247,4,255,#F704FF,18,0.0313853,0.9686147
pattern_2,247,12,247,#F70CF7,9,0.03273654,0.96726346
pattern_2,247,12,255,#F70CFF,24,0.03150815,0.96849185
pattern_2,247,16,247,#F710F7,6,0.03279793,0.96720207
pattern_2,247,20,247,#F714F7,6,0.03285939,0.96714061
pattern_2,247,20,255,#F714FF,21,0.03163099,0.96836901
pattern_2,247,24,255,#F718FF,11,0.03169239,0.96830761
pattern_2,247,28,255,#F71CFF,17,0.03175384,0.96824616
pattern_2,247,36,247,#F724F7,15,0.03310508,0.96689492
pattern_2,247,36,255,#F724FF,9,0.03187668,0.96812332
pattern_2,247,40,255,#F728FF,18,0.03193808,0.96806192
pattern_2,247,44,255,#F72CFF,26,0.03199953,0.96800047
pattern_2,247,48,255,#F730FF,4,0.03206092,0.96793908
pattern_2,247,52,255,#F734FF,1,0.03212237,0.96787763
pattern_2,247,56,247,#F738F7,6,0.03341216,0.96658784
pattern_2,247,56,255,#F738FF,1,0.03218377,0.96781623
pattern_2,247,60,255,#F73CFF,1,0.03224516,0.96775484
pattern_2,247,65,247,#F741F7,12,0.03355032,0.96644968
pattern_2,247,69,255,#F745FF,3,0.03238338,0.96761662
pattern_2,247,73,247,#F749F7,8,0.03367317,0.96632683
pattern_2,247,73,255,#F749FF,35,0.03244478,0.96755522
pattern_2,247,77,247,#F74DF7,11,0.03373462,0.96626538
pattern_2,247,77,255,#F74DFF,2,0.03250623,0.96749377
pattern_2,247,81,255,#F751FF,2,0.03256762,0.96743238
pattern_2,247,85,255,#F755FF,26,0.03262907,0.96737093
pattern_2,249,0,249,#F900F9,38600,0.02441424,0.97558576
pattern_2,249,0,255,#F900FF,71,0.02349293,0.97650707
pattern_2,251,0,251,#FB00FB,1839,0.01627612,0.98372388
pattern_2,251,48,251,#FB30FB,2,0.01701319,0.98298681
pattern_2,251,58,255,#FB3AFF,1,0.01655251,0.98344749
pattern_2,252,0,252,#FC00FC,61100,0.01220709,0.98779291
pattern_2,252,0,255,#FC00FF,4,0.01174647,0.98825353
pattern_2,255,0,170,#FF00AA,274,0.01305163,0.98694837
pattern_2,255,0,175,#FF00AF,5,0.01228386,0.98771614
pattern_2,255,0,181,#FF00B5,2,0.01136261,0.98863739
pattern_2,255,0,183,#FF00B7,1,0.01105547,0.98894453
pattern_2,255,0,186,#FF00BA,1,0.01059484,0.98940516
pattern_2,255,0,189,#FF00BD,3,0.01013422,0.98986578
pattern_2,255,0,192,#FF00C0,1,0.00967354,0.99032646
pattern_2,255,0,198,#FF00C6,5,0.00875229,0.99124771
pattern_2,255,0,205,#FF00CD,1,0.00767744,0.99232256
pattern_2,255,0,206,#FF00CE,12,0.00752389,0.99247611
pattern_2,255,0,214,#FF00D6,2,0.0062955,0.9937045
pattern_2,255,0,219,#FF00DB,1,0.00552773,0.99447227
pattern_2,255,0,222,#FF00DE,7,0.00506711,0.99493289
pattern_2,255,0,230,#FF00E6,1,0.00383872,0.99616128
pattern_2,255,0,231,#FF00E7,52,0.00368518,0.99631482
pattern_2,255,0,239,#FF00EF,81,0.00245678,0.99754322
pattern_2,255,0,247,#FF00F7,231,0.00122839,0.99877161
pattern_2,255,4,247,#FF04F7,10,0.00128978,0.99871022
pattern_2,255,4,255,#FF04FF,5885,6.139e-05,0.99993861
pattern_2,255,8,206,#FF08CE,12,0.00764674,0.99235326
pattern_2,255,8,239,#FF08EF,10,0.00257963,0.99742037
pattern_2,255,8,255,#FF08FF,885,0.00012285,0.99987715
pattern_2,255,12,239,#FF0CEF,12,0.00264102,0.99735898
pattern_2,255,12,255,#FF0CFF,354,0.00018424,0.99981576
pattern_2,255,16,247,#FF10F7,17,0.00147408,0.99852592
pattern_2,255,16,255,#FF10FF,385,0.00024569,0.99975431
pattern_2,255,20,247,#FF14F7,6,0.00153548,0.99846452
pattern_2,255,20,255,#FF14FF,159,0.00030708,0.99969292
pattern_2,255,24,255,#FF18FF,46,0.00036854,0.99963146
pattern_2,255,28,255,#FF1CFF,103,0.00042993,0.99957007
pattern_2,255,32,247,#FF20F7,5,0.00171977,0.99828023
pattern_2,255,32,255,#FF20FF,61,0.00049138,0.99950862
pattern_2,255,36,255,#FF24FF,44,0.00055277,0.99944723
pattern_2,255,40,255,#FF28FF,54,0.00061417,0.99938583
pattern_2,255,44,255,#FF2CFF,33,0.00067562,0.99932438
pattern_2,255,48,247,#FF30F7,6,0.0019654,0.9980346
pattern_2,255,48,255,#FF30FF,40,0.00073701,0.99926299
pattern_2,255,52,255,#FF34FF,13,0.00079846,0.99920154
pattern_2,255,56,255,#FF38FF,13,0.00085986,0.99914014
pattern_2,255,60,247,#FF3CF7,2,0.0021497,0.9978503
pattern_2,255,60,255,#FF3CFF,17,0.00092131,0.99907869
pattern_2,255,65,255,#FF41FF,1,0.00099808,0.99900192
pattern_2,255,69,239,#FF45EF,4,0.00351626,0.99648374
pattern_2,255,69,255,#FF45FF,15,0.00105947,0.99894053
pattern_2,255,73,255,#FF49FF,14,0.00112092,0.99887908
pattern_2,255,77,255,#FF4DFF,10,0.00118232,0.99881768
pattern_2,255,81,255,#FF51FF,15,0.00124377,0.99875623
pattern_2,255,85,255,#FF55FF,6,0.00130516,0.99869484
pattern_3,0,0,247,#0000F7,10,0.99967755,0.00032245
pattern_3,0,0,255,#0000FF,177919,0.99844916,0.00155084
pattern_3,0,1,255,#0001FF,198320,0.99846451,0.00153549
pattern_3,0,2,255,#0002FF,176,0.99847987,0.00152013
pattern_3,0,4,255,#0004FF,2840,0.99851058,0.00148942
pattern_3,0,8,255,#0008FF,38,0.998572,0.001428
pattern_3,0,12,255,#000CFF,73,0.99863342,0.00136658
pattern_3,0,16,255,#0010FF,117,0.99869484,0.00130516
pattern_3,0,20,255,#0014FF,107,0.99875626,0.00124374
pattern_3,0,24,255,#0018FF,30,0.99881768,0.00118232
pattern_3,0,28,255,#001CFF,39,0.9988791,0.0011209
pattern_3,0,32,255,#0020FF,97,0.99894052,0.00105948
pattern_3,0,36,255,#0024FF,120,0.99900193,0.00099807
pattern_3,0,40,255,#0028FF,59,0.99906335,0.00093665
pattern_3,0,44,255,#002CFF,14,0.99912477,0.00087523
pattern_3,0,46,255,#002EFF,2,0.99915548,0.00084452
pattern_3,0,48,255,#0030FF,54,0.99918619,0.00081381
pattern_3,0,51,255,#0033FF,6,0.99923226,0.00076774
pattern_3,0,52,255,#0034FF,105,0.99924761,0.00075239
pattern_3,0,56,255,#0038FF,64,0.99930903,0.00069097
pattern_3,0,58,255,#003AFF,2,0.99933974,0.00066026
pattern_3,0,60,252,#003CFC,1,0.9998311,0.0001689
pattern_3,0,60,255,#003CFF,52,0.99937045,0.00062955
pattern_3,0,65,252,#0041FC,2,0.99990787,9.213e-05
pattern_3,0,65,255,#0041FF,46,0.99944723,0.00055277
pattern_3,0,69,252,#0045FC,4,0.99996929,3.071e-05
pattern_3,0,69,255,#0045FF,31,0.99950864,0.00049136
pattern_3,0,70,252,#0046FC,4,0.99998465,1.535e-05
pattern_3,0,73,255,#0049FF,15,0.99957006,0.00042994
pattern_3,0,77,255,#004DFF,2,0.99963148,0.00036852
pattern_3,0,78,255,#004EFF,2,0.99964684,0.00035316
pattern_3,0,81,255,#0051FF,2,0.9996929,0.0003071
pattern_3,0,83,255,#0053FF,2,0.99972361,0.00027639
pattern_3,0,85,255,#0055FF,42,0.99975432,0.00024568
pattern_3,5,85,249,#0555F9,2,0.98109818,0.01890182
pattern_3,8,0,181,#0800B5,5,0.97848785,0.02151215
pattern_3,8,0,214,#0800D6,12,0.97342075,0.02657925
pattern_3,8,0,222,#0800DE,8,0.97219237,0.02780763
pattern_3,8,0,239,#0800EF,14,0.96958204,0.03041796
pattern_3,8,0,255,#0800FF,6567,0.96712526,0.03287474
pattern_3,8,4,255,#0804FF,9,0.96718669,0.03281331
pattern_3,8,8,255,#0808FF,12,0.9672481,0.0327519
pattern_3,8,12,255,#080CFF,8,0.96730952,0.03269048
pattern_3,8,16,255,#0810FF,5,0.96737094,0.03262906
pattern_3,8,20,255,#0814FF,7,0.96743236,0.03256764
pattern_3,8,28,255,#081CFF,19,0.9675552,0.0324448
pattern_3,8,32,255,#0820FF,6,0.96761662,0.03238338
pattern_3,8,36,255,#0824FF,15,0.96767804,0.03232196
pattern_3,8,40,255,#0828FF,4,0.96773946,0.03226054
pattern_3,8,65,255,#0841FF,6,0.96812333,0.03187667
pattern_3,8,73,255,#0849FF,33,0.96824617,0.03175383
pattern_3,8,85,247,#0855F7,7,0.96965881,0.03034119
pattern_3,8,85,249,#0855F9,1,0.96935172,0.03064828
pattern_3,12,0,255,#0C00FF,8,0.95146332,0.04853668
pattern_3,13,0,255,#0D00FF,1,0.94754783,0.05245217
pattern_3,16,0,247,#1000F7,13,0.93702976,0.06297024
pattern_3,16,0,255,#1000FF,1116,0.93580137,0.06419863
pattern_3,16,4,255,#1004FF,40,0.93586279,0.06413721
pattern_3,16,12,255,#100CFF,5,0.93598562,0.06401438
pattern_3,16,16,255,#1010FF,4,0.93604705,0.06395295
pattern_3,16,65,255,#1041FF,3,0.93679944,0.06320056
pattern_3,16,77,255,#104DFF,10,0.93698369,0.06301631
pattern_3,16,82,252,#1052FC,1,0.93752111,0.06247889
pattern_3,16,85,249,#1055F9,1,0.93802782,0.06197218
pattern_3,16,87,249,#1057F9,1,0.93805853,0.06194147
pattern_3,18,82,244,#1252F4,1,0.93091853,0.06908147
pattern_3,18,82,249,#1252F9,1,0.93015078,0.06984922
pattern_3,20,0,255,#1400FF,28,0.92013942,0.07986058
pattern_3,22,0,255,#1600FF,20,0.91230845,0.08769155
pattern_3,24,0,206,#1800CE,11,0.91200135,0.08799865
pattern_3,24,0,255,#1800FF,770,0.90447748,0.09552252
pattern_3,24,4,255,#1804FF,27,0.90453889,0.09546111
pattern_3,24,56,255,#1838FF,2,0.90533735,0.09466265
pattern_3,27,0,255,#1B00FF,23,0.89273101,0.10726899
pattern_3,27,79,249,#1B4FF9,1,0.89486534,0.10513466
pattern_3,27,87,249,#1B57F9,1,0.89498818,0.10501182
pattern_3,28,0,255,#1C00FF,26,0.88881553,0.11118447
pattern_3,30,0,255,#1E00FF,2,0.88098455,0.11901545
pattern_3,32,0,255,#2000FF,16,0.87315358,0.12684642
pattern_3,32,74,249,#204AF9,1,0.87521113,0.12478887
pattern_3,32,79,252,#204FFC,1,0.87482725,0.12517275
pattern_3,32,85,249,#2055F9,2,0.87538003,0.12461997
pattern_3,32,87,249,#2057F9,1,0.87541074,0.12458926
pattern_3,33,0,247,#2100F7,13,0.87046649,0.12953351
pattern_3,33,0,255,#2100FF,491,0.86923809,0.13076191
pattern_3,33,81,255,#2151FF,5,0.87048183,0.12951817
pattern_3,35,0,255,#2300FF,11,0.86140712,0.13859288
pattern_3,35,81,252,#2351FC,1,0.86311151,0.13688849
pattern_3,35,85,249,#2355F9,2,0.86363357,0.13636643
pattern_3,37,0,255,#2500FF,57,0.85357614,0.14642386
pattern_3,38,0,255,#2600FF,15,0.84966066,0.15033934
pattern_3,38,78,252,#264EFC,1,0.85131899,0.14868101
pattern_3,41,0,222,#2900DE,8,0.84298129,0.15701871
pattern_3,41,0,255,#2900FF,577,0.8379142,0.1620858
pattern_3,41,4,255,#2904FF,28,0.83797562,0.16202438
pattern_3,41,20,255,#2914FF,13,0.8382213,0.1617787
pattern_3,41,60,255,#293CFF,3,0.83883549,0.16116451
pattern_3,44,0,255,#2C00FF,41,0.82616773,0.17383227
pattern_3,44,85,249,#2C55F9,2,0.82839419,0.17160581
pattern_3,45,0,255,#2D00FF,16,0.82225224,0.17774776
pattern_3,46,0,255,#2E00FF,13,0.81833677,0.18166323
pattern_3,49,0,239,#3100EF,1,0.80904707,0.19095293
pattern_3,49,0,247,#3100F7,10,0.8078187,0.1921813
pattern_3,49,0,255,#3100FF,501,0.8065903,0.1934097
pattern_3,49,4,255,#3104FF,22,0.80665173,0.19334827
pattern_3,52,0,233,#3400E9,1,0.7982219,0.2017781
pattern_3,52,0,255,#3400FF,44,0.79484384,0.20515616
pattern_3,52,70,252,#3446FC,1,0.79637933,0.20362067
pattern_3,53,0,255,#3500FF,1,0.79092835,0.20907165
pattern_3,54,0,255,#3600FF,57,0.78701286,0.21298714
pattern_3,54,85,249,#3655F9,1,0.78923932,0.21076068
pattern_3,54,87,249,#3657F9,1,0.78927003,0.21072997
pattern_3,55,0,252,#3700FC,1,0.78355803,0.21644197
pattern_3,55,0,255,#3700FF,72,0.78309739,0.21690261
pattern_3,57,0,230,#3900E6,2,0.77910511,0.22089489
pattern_3,57,0,247,#3900F7,1,0.7764948,0.2235052
pattern_3,57,0,251,#3900FB,4,0.7758806,0.2241194
pattern_3,57,0,255,#3900FF,398,0.77526641,0.22473359
pattern_3,57,73,255,#3949FF,1,0.7763873,0.2236127
pattern_3,60,0,230,#3C00E6,5,0.76735866,0.23264134
pattern_3,60,0,255,#3C00FF,36,0.76351994,0.23648006
pattern_3,60,87,249,#3C57F9,1,0.76577711,0.23422289
pattern_3,61,0,251,#3D00FB,2,0.76021865,0.23978135
pattern_3,61,0,255,#3D00FF,2,0.75960445,0.24039555
pattern_3,63,0,233,#3F00E9,6,0.75515155,0.24484845
pattern_3,63,0,236,#3F00EC,2,0.7546909,0.2453091
pattern_3,63,0,252,#3F00FC,5,0.75223413,0.24776587
pattern_3,63,0,255,#3F00FF,44,0.75177349,0.24822651
pattern_3,65,0,255,#4100FF,4,0.7439425,0.2560575
pattern_3,66,0,233,#4200E9,1,0.7434051,0.2565949
pattern_3,66,0,236,#4200EC,28,0.74294445,0.25705555
pattern_3,66,0,238,#4200EE,5,0.74263734,0.25736266
pattern_3,66,0,241,#4200F1,3,0.74217671,0.25782329
pattern_3,66,0,244,#4200F4,3,0.74171606,0.25828394
pattern_3,66,0,255,#4200FF,399,0.74002701,0.25997299
pattern_3,66,8,255,#4208FF,5,0.74014986,0.25985014
pattern_3,66,16,255,#4210FF,4,0.7402727,0.2597273
pattern_3,66,28,255,#421CFF,1,0.74045697,0.25954303
pattern_3,66,58,252,#423AFC,1,0.74137825,0.25862175
pattern_3,68,0,238,#4400EE,72,0.73480639,0.26519361
pattern_3,68,0,244,#4400F4,3,0.73388508,0.26611492
pattern_3,68,0,249,#4400F9,8,0.73311734,0.26688266
pattern_3,68,0,252,#4400FC,1,0.73265669,0.26734331
pattern_3,68,0,255,#4400FF,36,0.73219606,0.26780394
pattern_3,68,40,247,#4428F7,1,0.73403862,0.26596138
pattern_3,70,0,255,#4600FF,2,0.72436509,0.27563491
pattern_3,71,0,241,#4700F1,102,0.72259927,0.27740073
pattern_3,71,0,244,#4700F4,7,0.72213861,0.27786139
pattern_3,71,0,247,#4700F7,4,0.72167799,0.27832201
pattern_3,71,0,249,#4700F9,3,0.72137088,0.27862912
pattern_3,71,0,255,#4700FF,111,0.7204496,0.2795504
pattern_3,71,74,252,#474AFC,4,0.72204649,0.27795351
pattern_3,74,0,222,#4A00DE,3,0.71377024,0.28622976
pattern_3,74,0,233,#4A00E9,6,0.71208119,0.28791881
pattern_3,74,0,238,#4A00EE,14,0.71131346,0.28868654
pattern_3,74,0,244,#4A00F4,156,0.71039218,0.28960782
pattern_3,74,0,247,#4A00F7,65,0.70993152,0.29006848
pattern_3,74,0,249,#4A00F9,5,0.70962441,0.29037559
pattern_3,74,0,252,#4A00FC,2,0.70916378,0.29083622
pattern_3,74,0,255,#4A00FF,349,0.70870313,0.29129687
pattern_3,74,4,255,#4A04FF,11,0.70876455,0.29123545
pattern_3,74,8,255,#4A08FF,9,0.70882598,0.29117402
pattern_3,74,46,244,#4A2EF4,2,0.71109849,0.28890151
pattern_3,76,0,241,#4C00F1,1,0.70302182,0.29697818
pattern_3,76,0,255,#4C00FF,16,0.70087215,0.29912785
pattern_3,77,0,247,#4D00F7,191,0.69818506,0.30181494
pattern_3,77,0,249,#4D00F9,28,0.69787797,0.30212203
pattern_3,77,0,252,#4D00FC,3,0.69741732,0.30258268
pattern_3,77,0,255,#4D00FF,164,0.69695666,0.30304334
pattern_3,77,13,249,#4D0DF9,1,0.69807756,0.30192244
pattern_3,77,26,255,#4D1AFF,2,0.6973559,0.3026441
pattern_3,78,0,230,#4E00E6,3,0.69687989,0.30312011
pattern_3,78,0,243,#4E00F3,16,0.69488376,0.30511624
pattern_3,78,0,255,#4E00FF,12,0.69304118,0.30695882
pattern_3,79,0,198,#4F00C6,2,0.69787797,0.30212203
pattern_3,79,0,249,#4F00F9,348,0.690047,0.309953
pattern_3,79,0,252,#4F00FC,55,0.68958634,0.31041366
pattern_3,79,0,255,#4F00FF,154,0.68912569,0.31087431
pattern_3,79,17,249,#4F11F9,1,0.690308,0.309692
pattern_3,79,18,255,#4F12FF,4,0.68940207,0.31059793
pattern_3,79,46,255,#4F2EFF,1,0.68983203,0.31016797
pattern_3,79,62,252,#4F3EFC,1,0.69053835,0.30946165
pattern_3,79,83,249,#4F53F9,4,0.69132143,0.30867857
pattern_3,82,0,183,#5200B7,5,0.68843472,0.31156528
pattern_3,82,0,186,#5200BA,6,0.6879741,0.3120259
pattern_3,82,0,217,#5200D9,5,0.68321407,0.31678593
pattern_3,82,0,231,#5200E7,1,0.6810644,0.3189356
pattern_3,82,0,239,#5200EF,13,0.679836,0.320164
pattern_3,82,0,247,#5200F7,15,0.67860761,0.32139239
pattern_3,82,0,249,#5200F9,5,0.67830053,0.32169947
pattern_3,82,0,252,#5200FC,322,0.67783988,0.32216012
pattern_3,82,0,255,#5200FF,1238,0.67737922,0.32262078
pattern_3,82,4,255,#5204FF,16,0.67744064,0.32255936
pattern_3,82,8,255,#5208FF,3,0.67750207,0.32249793
pattern_3,82,10,255,#520AFF,2,0.67753279,0.32246721
pattern_3,82,24,252,#5218FC,2,0.67820841,0.32179159
pattern_3,82,24,255,#5218FF,6,0.67774776,0.32225224
pattern_3,82,26,255,#521AFF,2,0.67777845,0.32222155
pattern_3,82,30,255,#521EFF,2,0.67783988,0.32216012
pattern_3,82,32,255,#5220FF,1,0.6778706,0.3221294
pattern_3,82,34,252,#5222FC,3,0.67836195,0.32163805
pattern_3,82,43,255,#522BFF,2,0.67803949,0.32196051
pattern_3,82,48,252,#5230FC,8,0.67857692,0.32142308
pattern_3,82,48,255,#5230FF,2,0.67811626,0.32188374
pattern_3,82,56,255,#5238FF,1,0.67823911,0.32176089
pattern_3,82,70,252,#5246FC,5,0.67891473,0.32108527
pattern_3,82,77,249,#524DF9,5,0.67948285,0.32051715
pattern_3,82,79,249,#524FF9,5,0.67951354,0.32048646
pattern_3,82,83,249,#5253F9,6,0.67957497,0.32042503
pattern_3,85,0,225,#5500E1,13,0.67023924,0.32976076
pattern_3,85,0,238,#5500EE,2,0.66824311,0.33175689
pattern_3,85,0,249,#5500F9,17,0.66655406,0.33344594
pattern_3,85,0,255,#5500FF,5111,0.66563278,0.33436722
pattern_3,85,2,238,#5502EE,4,0.66827381,0.33172619
pattern_3,85,9,255,#5509FF,2,0.66577098,0.33422902
pattern_3,85,10,255,#550AFF,2,0.66578633,0.33421367
pattern_3,85,12,255,#550CFF,4,0.66581702,0.33418298
pattern_3,85,13,255,#550DFF,5,0.6658324,0.3341676
pattern_3,85,16,255,#5510FF,2,0.66587844,0.33412156
pattern_3,85,21,255,#5515FF,2,0.66595522,0.33404478
pattern_3,85,24,255,#5518FF,6,0.66600129,0.33399871
pattern_3,85,25,255,#5519FF,1,0.66601664,0.33398336
pattern_3,85,32,255,#5520FF,4,0.66612414,0.33387586
pattern_3,85,33,255,#5521FF,3,0.66613948,0.33386052
pattern_3,85,34,255,#5522FF,4,0.66615483,0.33384517
pattern_3,85,37,255,#5525FF,1,0.66620091,0.33379909
pattern_3,85,40,255,#5528FF,1,0.66624698,0.33375302
pattern_3,85,41,255,#5529FF,2,0.66626233,0.33373767
pattern_3,85,43,255,#552BFF,1,0.66629303,0.33370697
pattern_3,85,46,255,#552EFF,2,0.6663391,0.3336609
pattern_3,85,50,255,#5532FF,3,0.66640052,0.33359948
pattern_3,85,62,249,#553EF9,1,0.66750607,0.33249393
pattern_3,85,70,255,#5546FF,1,0.66670761,0.33329239
pattern_3,86,0,238,#5600EE,1,0.66432762,0.33567238
pattern_3,86,0,251,#5600FB,1,0.66233149,0.33766851
pattern_3,86,0,255,#5600FF,1,0.6617173,0.3382827
pattern_3,87,0,247,#5700F7,2,0.6590302,0.3409698
pattern_3,87,0,249,#5700F9,1,0.65872309,0.34127691
pattern_3,87,0,252,#5700FC,25,0.65826243,0.34173757
pattern_3,87,0,255,#5700FF,28,0.65780181,0.34219819
pattern_3,87,22,255,#5716FF,2,0.65813962,0.34186038
pattern_3,87,26,255,#571AFF,2,0.65820104,0.34179896
pattern_3,88,0,172,#5800AC,3,0.66663083,0.33336917
pattern_3,88,0,239,#5800EF,16,0.6563431,0.3436569
pattern_3,88,0,255,#5800FF,24,0.65388632,0.34611368
pattern_3,88,74,252,#584AFC,7,0.65548322,0.34451678
pattern_3,88,82,249,#5852F9,2,0.65606672,0.34393328
pattern_3,90,0,218,#5A00DA,4,0.65173665,0.34826335
pattern_3,90,0,230,#5A00E6,1,0.64989406,0.35010594
pattern_3,90,0,231,#5A00E7,5,0.64974052,0.35025948
pattern_3,90,0,239,#5A00EF,1,0.64851213,0.35148787
pattern_3,90,0,244,#5A00F4,2,0.64774436,0.35225564
pattern_3,90,0,249,#5A00F9,18,0.64697662,0.35302338
pattern_3,90,0,251,#5A00FB,2,0.64666954,0.35333046
pattern_3,90,0,252,#5A00FC,2,0.646516,0.353484
pattern_3,90,0,255,#5A00FF,1154,0.64605534,0.35394466
pattern_3,90,4,255,#5A04FF,6,0.64611676,0.35388324
pattern_3,90,9,255,#5A09FF,1,0.64619353,0.35380647
pattern_3,90,21,255,#5A15FF,2,0.6463778,0.3536222
pattern_3,90,25,255,#5A19FF,1,0.64643922,0.35356078
pattern_3,90,58,249,#5A3AF9,2,0.6478672,0.3521328
pattern_3,90,58,255,#5A3AFF,1,0.64694592,0.35305408
pattern_3,90,83,251,#5A53FB,7,0.64794397,0.35205603
pattern_3,93,0,239,#5D00EF,31,0.63676566,0.36323434
pattern_3,93,0,249,#5D00F9,2,0.63523018,0.36476982
pattern_3,93,0,252,#5D00FC,20,0.63476953,0.36523047
pattern_3,93,0,255,#5D00FF,15,0.63430887,0.36569113
pattern_3,94,0,222,#5E00DE,9,0.6354605,0.3645395
pattern_3,94,0,230,#5E00E6,1,0.6342321,0.3657679
pattern_3,94,0,255,#5E00FF,6,0.63039339,0.36960661
pattern_3,95,0,249,#5F00F9,4,0.62739921,0.37260079
pattern_3,95,0,255,#5F00FF,219,0.6264779,0.3735221
pattern_3,95,12,255,#5F0CFF,3,0.62666216,0.37333784
pattern_3,95,13,255,#5F0DFF,1,0.62667751,0.37332249
pattern_3,95,43,255,#5F2BFF,2,0.62713817,0.37286183
pattern_3,95,51,255,#5F33FF,1,0.62726101,0.37273899
pattern_3,96,0,241,#6000F1,2,0.62471211,0.37528789
pattern_3,96,83,249,#6053F9,1,0.62475815,0.37524185
pattern_3,98,0,175,#6200AF,8,0.62701532,0.37298468
pattern_3,98,0,226,#6200E2,11,0.61918435,0.38081565
pattern_3,98,0,230,#6200E6,2,0.61857015,0.38142985
pattern_3,98,0,252,#6200FC,15,0.61519209,0.38480791
pattern_3,98,0,255,#6200FF,21,0.61473143,0.38526857
pattern_3,98,78,252,#624EFC,12,0.61638978,0.38361022
pattern_3,99,0,168,#6300A8,6,0.62417468,0.37582532
pattern_3,99,0,226,#6300E2,1,0.61526886,0.38473114
pattern_3,99,0,231,#6300E7,10,0.61450112,0.38549888
pattern_3,99,0,239,#6300EF,9,0.61327273,0.38672727
pattern_3,99,0,247,#6300F7,6,0.61204433,0.38795567
pattern_3,99,0,255,#6300FF,214,0.61081594,0.38918406
pattern_3,99,40,255,#6328FF,1,0.61143014,0.38856986
pattern_3,99,65,255,#6341FF,4,0.61181402,0.38818598
pattern_3,101,0,238,#6500EE,1,0.60559532,0.39440468
pattern_3,101,0,244,#6500F4,1,0.60467401,0.39532599
pattern_3,101,0,249,#6500F9,5,0.60390627,0.39609373
pattern_3,101,0,252,#6500FC,1,0.60344562,0.39655438
pattern_3,101,0,255,#6500FF,174,0.60298499,0.39701501
pattern_3,101,37,255,#6525FF,3,0.60355312,0.39644688
pattern_3,103,0,230,#6700E6,32,0.59899274,0.40100726
pattern_3,103,0,251,#6700FB,1,0.59576821,0.40423179
pattern_3,104,0,172,#6800AC,10,0.60398304,0.39601696
pattern_3,104,0,211,#6800D3,2,0.59799466,0.40200534
pattern_3,104,0,241,#6800F1,3,0.5933882,0.4066118
pattern_3,104,0,255,#6800FF,36,0.59123853,0.40876147
pattern_3,104,1,230,#6801E6,28,0.59509259,0.40490741
pattern_3,104,70,252,#6846FC,5,0.592774,0.407226
pattern_3,104,78,252,#684EFC,7,0.59289685,0.40710315
pattern_3,104,79,249,#684FF9,15,0.59337285,0.40662715
pattern_3,104,83,249,#6853F9,3,0.59343427,0.40656573
pattern_3,106,0,255,#6A00FF,3,0.58340755,0.41659245
pattern_3,107,0,168,#6B00A8,2,0.59285077,0.40714923
pattern_3,107,0,231,#6B00E7,5,0.58317724,0.41682276
pattern_3,107,0,234,#6B00EA,48,0.58271658,0.41728342
pattern_3,107,0,238,#6B00EE,5,0.58210239,0.41789761
pattern_3,107,0,239,#6B00EF,4,0.58194885,0.41805115
pattern_3,107,0,243,#6B00F3,2,0.58133465,0.41866535
pattern_3,107,0,249,#6B00F9,3,0.58041334,0.41958666
pattern_3,107,0,255,#6B00FF,290,0.57949206,0.42050794
pattern_3,107,55,255,#6B37FF,3,0.58033657,0.41966343
pattern_3,109,0,252,#6D00FC,17,0.57212174,0.42787826
pattern_3,109,0,255,#6D00FF,9,0.57166108,0.42833892
pattern_3,110,0,170,#6E00AA,1,0.58079723,0.41920277
pattern_3,110,0,172,#6E00AC,8,0.58049011,0.41950989
pattern_3,110,0,175,#6E00AF,2,0.58002949,0.41997051
pattern_3,110,0,217,#6E00D9,3,0.57358044,0.42641956
pattern_3,110,0,249,#6E00F9,6,0.56866691,0.43133309
pattern_3,110,0,255,#6E00FF,33,0.5677456,0.4322544
pattern_3,110,74,249,#6E4AF9,14,0.56980315,0.43019685
pattern_3,110,77,252,#6E4DFC,3,0.56938857,0.43061143
pattern_3,110,79,241,#6E4FF1,10,0.57110831,0.42889169
pattern_3,111,0,168,#6F00A8,4,0.57718882,0.42281118
pattern_3,111,0,234,#6F00EA,1,0.56705463,0.43294537
pattern_3,111,0,238,#6F00EE,60,0.56644043,0.43355957
pattern_3,111,0,247,#6F00F7,1,0.5650585,0.4349415
pattern_3,111,0,251,#6F00FB,21,0.5644443,0.4355557
pattern_3,111,0,255,#6F00FF,25,0.56383011,0.43616989
pattern_3,111,2,238,#6F02EE,5,0.56647116,0.43352884
pattern_3,111,16,238,#6F10EE,1,0.56668612,0.43331388
pattern_3,111,85,243,#6F55F3,4,0.56697786,0.43302214
pattern_3,111,87,251,#6F57FB,4,0.56578019,0.43421981
pattern_3,112,0,238,#7000EE,1,0.56252494,0.43747506
pattern_3,112,0,241,#7000F1,1,0.56206432,0.43793568
pattern_3,112,0,249,#7000F9,2,0.56083593,0.43916407
pattern_3,112,0,255,#7000FF,131,0.55991462,0.44008538
pattern_3,112,82,247,#7052F7,4,0.5624021,0.4375979
pattern_3,115,0,170,#7300AA,2,0.56121978,0.43878022
pattern_3,115,0,205,#7300CD,1,0.55584559,0.44415441
pattern_3,115,0,239,#7300EF,1,0.55062494,0.44937506
pattern_3,115,0,241,#7300F1,1,0.55031785,0.44968215
pattern_3,115,0,243,#7300F3,70,0.55001074,0.44998926
pattern_3,115,0,247,#7300F7,18,0.54939654,0.45060346
pattern_3,115,0,251,#7300FB,1,0.54878235,0.45121765
pattern_3,115,0,255,#7300FF,375,0.54816815,0.45183185
pattern_3,115,44,255,#732CFF,2,0.54884377,0.45115623
pattern_3,117,0,255,#7500FF,114,0.5403372,0.4596628
pattern_3,118,0,255,#7600FF,12,0.53642172,0.46357828
pattern_3,118,83,249,#7653F9,9,0.53861746,0.46138254
pattern_3,119,0,247,#7700F7,108,0.53373462,0.46626538
pattern_3,119,0,251,#7700FB,14,0.53312042,0.46687958
pattern_3,119,0,255,#7700FF,44,0.53250623,0.46749377
pattern_3,119,12,255,#770CFF,1,0.53269047,0.46730953
pattern_3,120,0,170,#7800AA,1,0.54164237,0.45835763
pattern_3,120,0,205,#7800CD,7,0.53626814,0.46373186
pattern_3,120,0,219,#7800DB,1,0.53411847,0.46588153
pattern_3,120,0,222,#7800DE,1,0.53365782,0.46634218
pattern_3,120,0,252,#7800FC,9,0.52905136,0.47094864
pattern_3,120,0,255,#7800FF,45,0.52859074,0.47140926
pattern_3,120,78,252,#784EFC,6,0.53024906,0.46975094
pattern_3,120,79,233,#784FE9,3,0.53318185,0.46681815
pattern_3,120,79,249,#784FF9,3,0.53072506,0.46927494
pattern_3,121,0,255,#7900FF,2,0.52467525,0.47532475
pattern_3,123,0,238,#7B00EE,1,0.5194546,0.4805454
pattern_3,123,0,239,#7B00EF,3,0.51930106,0.48069894
pattern_3,123,0,244,#7B00F4,1,0.51853332,0.48146668
pattern_3,123,0,247,#7B00F7,3,0.51807266,0.48192734
pattern_3,123,0,249,#7B00F9,2,0.51776555,0.48223445
pattern_3,123,0,251,#7B00FB,148,0.51745847,0.48254153
pattern_3,123,0,252,#7B00FC,11,0.51730493,0.48269507
pattern_3,123,0,255,#7B00FF,630,0.51684427,0.48315573
pattern_3,123,50,255,#7B32FF,1,0.51761201,0.48238799
pattern_3,126,0,172,#7E00AC,8,0.51784232,0.48215768
pattern_3,126,0,211,#7E00D3,13,0.51185393,0.48814607
pattern_3,126,0,217,#7E00D9,3,0.51093265,0.48906735
pattern_3,126,0,249,#7E00F9,3,0.50601912,0.49398088
pattern_3,126,0,252,#7E00FC,7,0.50555846,0.49444154
pattern_3,126,0,255,#7E00FF,118,0.50509781,0.49490219
pattern_3,126,74,252,#7E4AFC,3,0.5066947,0.4933053
pattern_3,126,76,249,#7E4CF9,2,0.50718606,0.49281394
pattern_3,126,79,249,#7E4FF9,5,0.50723213,0.49276787
pattern_3,126,79,252,#7E4FFC,4,0.50677148,0.49322852
pattern_3,126,83,249,#7E53F9,9,0.50729355,0.49270645
pattern_3,127,0,243,#7F00F3,4,0.50302491,0.49697509
pattern_3,127,0,251,#7F00FB,3,0.50179651,0.49820349
pattern_3,127,0,255,#7F00FF,2616,0.50118232,0.49881768
pattern_3,127,8,255,#7F08FF,3,0.50130516,0.49869484
pattern_3,127,10,255,#7F0AFF,2,0.50133586,0.49866414
pattern_3,127,12,255,#7F0CFF,2,0.50136659,0.49863341
pattern_3,127,16,255,#7F10FF,1,0.50142801,0.49857199
pattern_3,127,18,255,#7F12FF,5,0.5014587,0.4985413
pattern_3,127,24,255,#7F18FF,2,0.50155085,0.49844915
pattern_3,127,28,255,#7F1CFF,4,0.50161225,0.49838775
pattern_3,127,34,255,#7F22FF,1,0.50170439,0.49829561
pattern_3,128,0,244,#8000F4,1,0.49895585,0.50104415
pattern_3,128,0,255,#8000FF,23,0.49726683,0.50273317
pattern_3,129,0,249,#8100F9,4,0.49427265,0.50572735
pattern_3,129,0,255,#8100FF,60,0.49335134,0.50664866
pattern_3,129,4,255,#8104FF,5,0.49341279,0.50658721
pattern_3,131,0,247,#8300F7,1,0.48674875,0.51325125
pattern_3,131,0,249,#8300F9,1,0.48644167,0.51355833
pattern_3,131,0,251,#8300FB,2,0.48613459,0.51386541
pattern_3,131,0,252,#8300FC,8,0.48598105,0.51401895
pattern_3,131,0,255,#8300FF,241,0.48552036,0.51447964
pattern_3,131,14,255,#830EFF,3,0.48573536,0.51426464
pattern_3,131,18,255,#8312FF,4,0.48579675,0.51420325
pattern_3,131,22,255,#8316FF,1,0.4858582,0.5141418
pattern_3,131,48,255,#8330FF,2,0.48625743,0.51374257
pattern_3,132,0,172,#8400AC,2,0.49434942,0.50565058
pattern_3,132,0,175,#8400AF,3,0.4938888,0.5061112
pattern_3,132,0,211,#8400D3,1,0.488361,0.511639
pattern_3,132,0,214,#8400D6,1,0.48790038,0.51209962
pattern_3,132,0,217,#8400D9,26,0.48743975,0.51256025
pattern_3,132,0,222,#8400DE,1,0.48667198,0.51332802
pattern_3,132,0,227,#8400E3,4,0.48590428,0.51409572
pattern_3,132,0,231,#8400E7,1,0.48529005,0.51470995
pattern_3,132,0,239,#8400EF,4,0.48406166,0.51593834
pattern_3,132,0,247,#8400F7,1,0.48283327,0.51716673
pattern_3,132,0,255,#8400FF,261,0.48160487,0.51839513
pattern_3,132,73,255,#8449FF,2,0.4827258,0.5172742
pattern_3,132,79,241,#844FF1,3,0.48496759,0.51503241
pattern_3,132,82,249,#8452F9,8,0.48378527,0.51621473
pattern_3,132,83,233,#8453E9,1,0.48625743,0.51374257
pattern_3,132,83,249,#8453F9,4,0.48380065,0.51619935
pattern_3,134,0,211,#8600D3,1,0.48053002,0.51946998
pattern_3,134,0,230,#8600E6,2,0.47761261,0.52238739
pattern_3,134,0,249,#8600F9,2,0.47469521,0.52530479
pattern_3,134,0,255,#8600FF,27,0.4737739,0.5262261
pattern_3,134,1,255,#8601FF,10,0.47378927,0.52621073
pattern_3,135,0,255,#8700FF,57,0.46985841,0.53014159
pattern_3,137,0,170,#8900AA,1,0.47507906,0.52492094
pattern_3,137,0,175,#8900AF,4,0.47431135,0.52568865
pattern_3,137,0,222,#8900DE,62,0.46709454,0.53290546
pattern_3,137,0,233,#8900E9,2,0.46540552,0.53459448
pattern_3,137,0,238,#8900EE,1,0.46463776,0.53536224
pattern_3,137,0,244,#8900F4,3,0.46371651,0.53628349
pattern_3,137,0,249,#8900F9,1,0.46294874,0.53705126
pattern_3,137,0,252,#8900FC,11,0.46248811,0.53751189
pattern_3,137,0,255,#8900FF,81,0.46202743,0.53797257
pattern_3,137,10,255,#890AFF,1,0.46218103,0.53781897
pattern_3,137,82,228,#8952E4,1,0.46743238,0.53256762
pattern_3,137,83,249,#8953F9,3,0.46422321,0.53577679
pattern_3,139,0,249,#8B00F9,1,0.45511776,0.54488224
pattern_3,139,0,252,#8B00FC,3,0.45465714,0.54534286
pattern_3,139,0,255,#8B00FF,103,0.45419645,0.54580355
pattern_3,140,0,222,#8C00DE,5,0.45534807,0.54465193
pattern_3,140,0,231,#8C00E7,1,0.45396614,0.54603386
pattern_3,140,0,247,#8C00F7,22,0.45150936,0.54849064
pattern_3,140,0,251,#8C00FB,3,0.45089519,0.54910481
pattern_3,140,0,255,#8C00FF,369,0.45028096,0.54971904
pattern_3,142,0,170,#8E00AA,1,0.45550162,0.54449838
pattern_3,142,0,175,#8E00AF,5,0.45473391,0.54526609
pattern_3,142,0,227,#8E00E3,78,0.44674939,0.55325061
pattern_3,142,0,233,#8E00E9,8,0.44582808,0.55417192
pattern_3,142,0,239,#8E00EF,1,0.44490677,0.55509323
pattern_3,142,0,244,#8E00F4,1,0.44413906,0.55586094
pattern_3,142,0,252,#8E00FC,8,0.44291067,0.55708933
pattern_3,142,0,255,#8E00FF,172,0.44245005,0.55754995
pattern_3,142,81,249,#8E51F9,1,0.44461507,0.55538493
pattern_3,142,83,249,#8E53F9,7,0.44464576,0.55535424
pattern_3,142,85,249,#8E55F9,2,0.44467646,0.55532354
pattern_3,143,0,255,#8F00FF,14,0.43853456,0.56146544
pattern_3,144,0,255,#9000FF,11,0.43461907,0.56538093
pattern_3,144,48,251,#9030FB,2,0.43597025,0.56402975
pattern_3,145,0,222,#9100DE,3,0.43577063,0.56422937
pattern_3,145,0,227,#9100E3,1,0.43500292,0.56499708
pattern_3,145,0,249,#9100F9,2,0.43162483,0.56837517
pattern_3,145,0,252,#9100FC,6,0.43116421,0.56883579
pattern_3,145,0,255,#9100FF,36,0.43070358,0.56929642
pattern_3,145,1,255,#9101FF,10,0.4307189,0.5692811
pattern_3,148,0,172,#9400AC,2,0.4317016,0.5682984
pattern_3,148,0,222,#9400DE,12,0.42402422,0.57597578
pattern_3,148,0,233,#9400E9,157,0.42233515,0.57766485
pattern_3,148,0,239,#9400EF,15,0.4214139,0.5785861
pattern_3,148,0,244,#9400F4,5,0.42064613,0.57935387
pattern_3,148,0,247,#9400F7,2,0.42018551,0.57981449
pattern_3,148,0,249,#9400F9,7,0.41987836,0.58012164
pattern_3,148,0,251,#9400FB,7,0.41957128,0.58042872
pattern_3,148,0,252,#9400FC,3,0.41941774,0.58058226
pattern_3,148,0,255,#9400FF,543,0.41895711,0.58104289
pattern_3,148,16,175,#9410AF,3,0.43148667,0.56851333
pattern_3,148,23,233,#9417E9,1,0.42268831,0.57731169
pattern_3,148,66,241,#9442F1,1,0.42212021,0.57787979
pattern_3,148,79,249,#944FF9,4,0.42109144,0.57890856
pattern_3,148,83,249,#9453F9,14,0.42115283,0.57884717
pattern_3,150,0,244,#9600F4,2,0.41281515,0.58718485
pattern_3,150,0,255,#9600FF,6,0.41112614,0.58887386
pattern_3,150,78,249,#964EF9,4,0.41324508,0.58675492
pattern_3,151,0,255,#9700FF,34,0.40721065,0.59278935
pattern_3,152,0,255,#9800FF,14,0.40329516,0.59670484
pattern_3,153,0,241,#9900F1,1,0.40152937,0.59847063
pattern_3,153,0,252,#9900FC,5,0.3998403,0.6001597
pattern_3,153,0,255,#9900FF,41,0.39937967,0.60062033
pattern_3,154,0,170,#9A00AA,2,0.40851581,0.59148419
pattern_3,154,0,175,#9A00AF,5,0.40774804,0.59225196
pattern_3,154,0,239,#9A00EF,209,0.39792097,0.60207903
pattern_3,154,0,244,#9A00F4,26,0.3971532,0.6028468
pattern_3,154,0,249,#9A00F9,5,0.39638549,0.60361451
pattern_3,154,0,255,#9A00FF,166,0.39546418,0.60453582
pattern_3,154,6,244,#9A06F4,1,0.39724535,0.60275465
pattern_3,154,10,255,#9A0AFF,1,0.39561772,0.60438228
pattern_3,154,13,255,#9A0DFF,1,0.3956638,0.6043362
pattern_3,154,21,255,#9A15FF,2,0.39578664,0.60421336
pattern_3,154,79,249,#9A4FF9,2,0.39759851,0.60240149
pattern_3,154,82,249,#9A52F9,2,0.39764458,0.60235542
pattern_3,154,83,249,#9A53F9,4,0.3976599,0.6023401
pattern_3,156,0,186,#9C00BA,3,0.39822805,0.60177195
pattern_3,156,0,189,#9C00BD,9,0.39776742,0.60223258
pattern_3,156,0,206,#9C00CE,14,0.3951571,0.6048429
pattern_3,156,0,231,#9C00E7,1,0.39131838,0.60868162
pattern_3,156,0,233,#9C00E9,1,0.3910113,0.6089887
pattern_3,156,0,239,#9C00EF,13,0.39008999,0.60991001
pattern_3,156,0,244,#9C00F4,5,0.38932222,0.61067778
pattern_3,156,0,247,#9C00F7,4,0.3888616,0.6111384
pattern_3,156,0,251,#9C00FB,1,0.38824737,0.61175263
pattern_3,156,0,255,#9C00FF,363,0.3876332,0.6123668
pattern_3,156,83,252,#9C53FC,1,0.3893683,0.6106317
pattern_3,156,85,233,#9C55E9,1,0.39231646,0.60768354
pattern_3,159,0,175,#9F00AF,4,0.3881706,0.6118294
pattern_3,159,0,200,#9F00C8,4,0.38433188,0.61566812
pattern_3,159,0,227,#9F00E3,2,0.38018608,0.61981392
pattern_3,159,0,233,#9F00E9,13,0.37926483,0.62073517
pattern_3,159,0,239,#9F00EF,2,0.37834352,0.62165648
pattern_3,159,0,244,#9F00F4,326,0.37757576,0.62242424
pattern_3,159,0,249,#9F00F9,52,0.37680805,0.62319195
pattern_3,159,0,255,#9F00FF,185,0.37588674,0.62411326
pattern_3,159,1,255,#9F01FF,21,0.37590212,0.62409788
pattern_3,159,18,244,#9F12F4,2,0.37785214,0.62214786
pattern_3,159,23,255,#9F17FF,1,0.3762399,0.6237601
pattern_3,159,51,247,#9F33F7,2,0.37789822,0.62210178
pattern_3,159,54,252,#9F36FC,7,0.37717652,0.62282348
pattern_3,159,55,252,#9F37FC,1,0.3771919,0.6228081
pattern_3,159,59,252,#9F3BFC,1,0.37725335,0.62274665
pattern_3,159,63,252,#9F3FFC,4,0.37731475,0.62268525
pattern_3,159,74,252,#9F4AFC,1,0.37748367,0.62251633
pattern_3,159,79,249,#9F4FF9,3,0.37802106,0.62197894
pattern_3,159,83,249,#9F53F9,1,0.37808251,0.62191749
pattern_3,160,0,255,#A000FF,6,0.37197125,0.62802875
pattern_3,161,0,233,#A100E9,2,0.37143385,0.62856615
pattern_3,161,0,236,#A100EC,3,0.37097317,0.62902683
pattern_3,161,0,255,#A100FF,61,0.36805576,0.63194424
pattern_3,162,0,244,#A200F4,26,0.36582929,0.63417071
pattern_3,162,0,255,#A200FF,7,0.36414027,0.63585973
pattern_3,162,27,255,#A21BFF,3,0.36455488,0.63544512
pattern_3,162,79,247,#A24FF7,2,0.36658168,0.63341832
pattern_3,162,82,249,#A252F9,3,0.36632067,0.63367933
pattern_3,162,83,249,#A253F9,2,0.36633605,0.63366395
pattern_3,162,85,249,#A255F9,4,0.36636674,0.63363326
pattern_3,164,0,175,#A400AF,5,0.36859322,0.63140678
pattern_3,164,0,186,#A400BA,4,0.36690414,0.63309586
pattern_3,164,0,197,#A400C5,4,0.36521512,0.63478488
pattern_3,164,0,200,#A400C8,8,0.3647545,0.6352455
pattern_3,164,0,225,#A400E1,1,0.36091578,0.63908422
pattern_3,164,0,227,#A400E3,2,0.36060864,0.63939136
pattern_3,164,0,236,#A400EC,5,0.3592267,0.6407733
pattern_3,164,0,244,#A400F4,13,0.35799837,0.64200163
pattern_3,164,0,249,#A400F9,382,0.3572306,0.6427694
pattern_3,164,0,255,#A400FF,858,0.35630929,0.64369071
pattern_3,164,4,255,#A404FF,2,0.35637075,0.64362925
pattern_3,164,12,255,#A40CFF,1,0.35649359,0.64350641
pattern_3,164,17,249,#A411F9,1,0.35749161,0.64250839
pattern_3,164,21,255,#A415FF,7,0.35663176,0.64336824
pattern_3,164,24,249,#A418F9,2,0.35759914,0.64240086
pattern_3,164,29,255,#A41DFF,4,0.3567546,0.6432454
pattern_3,164,33,172,#A421AC,1,0.36956054,0.63043946
pattern_3,164,36,255,#A424FF,1,0.35686207,0.64313793
pattern_3,164,41,252,#A429FC,1,0.35739952,0.64260048
pattern_3,164,50,252,#A432FC,2,0.35753769,0.64246231
pattern_3,164,54,252,#A436FC,2,0.35759914,0.64240086
pattern_3,164,58,252,#A43AFC,3,0.35766053,0.64233947
pattern_3,164,59,252,#A43BFC,4,0.35767591,0.64232409
pattern_3,164,63,252,#A43FFC,3,0.3577373,0.6422627
pattern_3,164,66,252,#A442FC,1,0.35778338,0.64221662
pattern_3,164,67,247,#A443F7,3,0.35856646,0.64143354
pattern_3,165,0,198,#A500C6,8,0.36114609,0.63885391
pattern_3,165,0,206,#A500CE,1,0.3599177,0.6400823
pattern_3,165,0,231,#A500E7,1,0.35607898,0.64392102
pattern_3,165,0,239,#A500EF,20,0.35485059,0.64514941
pattern_3,165,0,247,#A500F7,37,0.3536222,0.6463778
pattern_3,165,0,255,#A500FF,347,0.35239381,0.64760619
pattern_3,167,0,203,#A700CB,15,0.35254735,0.64745265
pattern_3,167,0,219,#A700DB,3,0.35009062,0.64990938
pattern_3,167,0,236,#A700EC,2,0.3474803,0.6525197
pattern_3,167,0,244,#A700F4,9,0.3462519,0.6537481
pattern_3,167,0,249,#A700F9,28,0.34548414,0.65451586
pattern_3,167,0,255,#A700FF,96,0.34456283,0.65543717
pattern_3,167,13,255,#A70DFF,2,0.34476244,0.65523756
pattern_3,167,85,247,#A755F7,2,0.34709638,0.65290362
pattern_3,168,0,255,#A800FF,1,0.34064734,0.65935266
pattern_3,170,0,170,#AA00AA,3,0.34586799,0.65413201
pattern_3,170,0,186,#AA00BA,2,0.34341121,0.65658879
pattern_3,170,0,195,#AA00C3,24,0.34202927,0.65797073
pattern_3,170,0,230,#AA00E6,1,0.33665508,0.66334492
pattern_3,170,0,236,#AA00EC,3,0.33573383,0.66426617
pattern_3,170,0,238,#AA00EE,6,0.33542669,0.66457331
pattern_3,170,0,239,#AA00EF,3,0.33527315,0.66472685
pattern_3,170,0,241,#AA00F1,2,0.33496606,0.66503394
pattern_3,170,0,244,#AA00F4,14,0.33450544,0.66549456
pattern_3,170,0,249,#AA00F9,18,0.33373767,0.66626233
pattern_3,170,0,252,#AA00FC,7,0.33327705,0.66672295
pattern_3,170,0,255,#AA00FF,5439,0.33281636,0.66718364
pattern_3,170,5,255,#AA05FF,3,0.33289313,0.66710687
pattern_3,170,6,255,#AA06FF,4,0.33290851,0.66709149
pattern_3,170,8,255,#AA08FF,1,0.33293921,0.66706079
pattern_3,170,9,255,#AA09FF,1,0.33295459,0.66704541
pattern_3,170,10,255,#AA0AFF,2,0.33296996,0.66703004
pattern_3,170,12,255,#AA0CFF,5,0.33300066,0.66699934
pattern_3,170,14,255,#AA0EFF,2,0.33303136,0.66696864
pattern_3,170,16,255,#AA10FF,1,0.33306205,0.66693795
pattern_3,170,17,255,#AA11FF,2,0.33307743,0.66692257
pattern_3,170,18,255,#AA12FF,1,0.33309275,0.66690725
pattern_3,170,20,255,#AA14FF,5,0.33312351,0.66687649
pattern_3,170,21,255,#AA15FF,1,0.33313882,0.66686118
pattern_3,170,24,255,#AA18FF,1,0.3331849,0.6668151
pattern_3,170,30,255,#AA1EFF,1,0.33327705,0.66672295
pattern_3,170,35,255,#AA23FF,1,0.33335382,0.66664618
pattern_3,170,36,252,#AA24FC,1,0.33382982,0.66617018
pattern_3,170,41,255,#AA29FF,4,0.33344591,0.66655409
pattern_3,170,43,252,#AA2BFC,2,0.33393729,0.66606271
pattern_3,170,59,252,#AA3BFC,2,0.33418298,0.66581702
pattern_3,170,63,252,#AA3FFC,2,0.33424437,0.66575563
pattern_3,170,77,252,#AA4DFC,1,0.33445936,0.66554064
pattern_3,170,83,252,#AA53FC,1,0.33455151,0.66544849
pattern_3,170,85,249,#AA55F9,53,0.33504283,0.66495717
pattern_3,170,87,249,#AA57F9,8,0.33507353,0.66492647
pattern_3,172,0,233,#AC00E9,1,0.32836348,0.67163652
pattern_3,172,0,249,#AC00F9,20,0.32590669,0.67409331
pattern_3,172,0,255,#AC00FF,1201,0.32498538,0.67501462
pattern_3,172,10,255,#AC0AFF,3,0.32513899,0.67486101
pattern_3,172,14,255,#AC0EFF,4,0.32520038,0.67479962
pattern_3,172,18,255,#AC12FF,2,0.32526177,0.67473823
pattern_3,172,24,255,#AC18FF,1,0.32535392,0.67464608
pattern_3,172,43,255,#AC2BFF,1,0.32564569,0.67435431
pattern_3,172,60,252,#AC3CFC,1,0.32636738,0.67363262
pattern_3,172,82,249,#AC52F9,2,0.32716578,0.67283422
pattern_3,172,85,249,#AC55F9,5,0.32721186,0.67278814
pattern_3,172,87,249,#AC57F9,48,0.32724255,0.67275745
pattern_3,173,0,173,#AD00AD,48,0.3336609,0.6663391
pattern_3,173,0,181,#AD00B5,19,0.33243251,0.66756749
pattern_3,173,0,206,#AD00CE,1,0.32859379,0.67140621
pattern_3,173,0,214,#AD00D6,2,0.3273654,0.6726346
pattern_3,173,0,239,#AD00EF,1,0.32352668,0.67647332
pattern_3,173,0,247,#AD00F7,1,0.32229829,0.67770171
pattern_3,173,0,249,#AD00F9,1,0.32199121,0.67800879
pattern_3,173,0,251,#AD00FB,6,0.32168412,0.67831588
pattern_3,173,0,255,#AD00FF,527,0.3210699,0.6789301
pattern_3,173,65,241,#AD41F1,1,0.32421768,0.67578232
pattern_3,175,0,208,#AF00D0,16,0.32045573,0.67954427
pattern_3,175,0,233,#AF00E9,2,0.31661701,0.68338299
pattern_3,175,0,244,#AF00F4,1,0.314928,0.685072
pattern_3,175,0,252,#AF00FC,4,0.3136996,0.6863004
pattern_3,175,0,255,#AF00FF,421,0.31323898,0.68676102
pattern_3,175,1,255,#AF01FF,11,0.3132543,0.6867457
pattern_3,175,10,255,#AF0AFF,1,0.31339252,0.68660748
pattern_3,175,12,255,#AF0CFF,4,0.31342322,0.68657678
pattern_3,175,25,255,#AF19FF,1,0.31362283,0.68637717
pattern_3,175,70,252,#AF46FC,1,0.31477445,0.68522555
pattern_3,175,79,252,#AF4FFC,3,0.31491262,0.68508738
pattern_3,175,85,249,#AF55F9,7,0.31546539,0.68453461
pattern_3,175,86,252,#AF56FC,1,0.31502014,0.68497986
pattern_3,175,87,249,#AF57F9,16,0.31549609,0.68450391
pattern_3,175,87,252,#AF57FC,3,0.31503546,0.68496454
pattern_3,176,0,176,#B000B0,14,0.32145381,0.67854619
pattern_3,177,0,255,#B100FF,4,0.305408,0.694592
pattern_3,178,0,178,#B200B2,34,0.31331575,0.68668425
pattern_3,178,0,222,#B200DE,2,0.30655956,0.69344044
pattern_3,178,0,239,#B200EF,5,0.3039493,0.6960507
pattern_3,178,0,249,#B200F9,8,0.30241376,0.69758624
pattern_3,178,0,255,#B200FF,307,0.30149251,0.69850749
pattern_3,178,18,255,#B212FF,1,0.3017689,0.6982311
pattern_3,178,48,178,#B230B2,3,0.31405276,0.68594724
pattern_3,178,70,252,#B246FC,1,0.30302799,0.69697201
pattern_3,178,87,244,#B257F4,2,0.30451739,0.69548261
pattern_3,178,87,249,#B257F9,6,0.30374968,0.69625032
pattern_3,181,0,181,#B500B5,729,0.3011086,0.6988914
pattern_3,181,0,189,#B500BD,4,0.29988021,0.70011979
pattern_3,181,0,198,#B500C6,3,0.29849827,0.70150173
pattern_3,181,0,206,#B500CE,40,0.29726988,0.70273012
pattern_3,181,0,214,#B500D6,1,0.29604155,0.70395845
pattern_3,181,0,231,#B500E7,6,0.29343122,0.70656878
pattern_3,181,0,239,#B500EF,2,0.29220283,0.70779717
pattern_3,181,0,247,#B500F7,4,0.29097444,0.70902556
pattern_3,181,0,249,#B500F9,4,0.2906673,0.7093327
pattern_3,181,0,252,#B500FC,1,0.29020667,0.70979333
pattern_3,181,0,255,#B500FF,623,0.28974605,0.71025395
pattern_3,181,83,252,#B553FC,1,0.29148114,0.70851886
pattern_3,181,87,249,#B557F9,4,0.29200321,0.70799679
pattern_3,183,0,183,#B700B7,42,0.29297054,0.70702946
pattern_3,183,0,249,#B700F9,11,0.28283638,0.71716362
pattern_3,183,0,255,#B700FF,168,0.28191507,0.71808493
pattern_3,183,70,252,#B746FC,2,0.28345054,0.71654946
pattern_3,183,85,249,#B755F9,1,0.28414148,0.71585852
pattern_3,183,87,249,#B757F9,1,0.28417224,0.71582776
pattern_3,184,0,184,#B800B8,25,0.28890151,0.71109849
pattern_3,184,0,228,#B800E4,8,0.28214538,0.71785462
pattern_3,184,0,244,#B800F4,3,0.2796886,0.7203114
pattern_3,184,0,255,#B800FF,5,0.27799958,0.72200042
pattern_3,185,0,251,#B900FB,2,0.27469826,0.72530174
pattern_3,186,0,186,#BA00BA,86,0.28076345,0.71923655
pattern_3,186,0,231,#BA00E7,2,0.27385378,0.72614622
pattern_3,186,0,244,#BA00F4,2,0.27185762,0.72814238
pattern_3,186,0,249,#BA00F9,12,0.27108991,0.72891009
pattern_3,186,0,255,#BA00FF,149,0.2701686,0.7298314
pattern_3,189,0,189,#BD00BD,1601,0.26855636,0.73144364
pattern_3,189,0,194,#BD00C2,1,0.26778859,0.73221141
pattern_3,189,0,198,#BD00C6,49,0.26717442,0.73282558
pattern_3,189,0,206,#BD00CE,8,0.26594603,0.73405397
pattern_3,189,0,214,#BD00D6,6,0.26471764,0.73528236
pattern_3,189,0,236,#BD00EC,2,0.26133955,0.73866045
pattern_3,189,0,244,#BD00F4,1,0.26011115,0.73988885
pattern_3,189,0,247,#BD00F7,22,0.25965053,0.74034947
pattern_3,189,0,249,#BD00F9,6,0.25934345,0.74065655
pattern_3,189,0,251,#BD00FB,1,0.2590363,0.7409637
pattern_3,189,0,255,#BD00FF,521,0.25842214,0.74157786
pattern_3,189,73,255,#BD49FF,2,0.25954306,0.74045694
pattern_3,189,77,255,#BD4DFF,6,0.25960445,0.74039555
pattern_3,189,83,249,#BD53F9,2,0.26061785,0.73938215
pattern_3,192,0,192,#C000C0,137,0.25634921,0.74365079
pattern_3,192,0,219,#C000DB,2,0.2522034,0.7477966
pattern_3,192,0,236,#C000EC,3,0.24959308,0.75040692
pattern_3,192,0,244,#C000F4,8,0.24836469,0.75163531
pattern_3,192,0,249,#C000F9,12,0.24759698,0.75240302
pattern_3,192,0,255,#C000FF,166,0.24667567,0.75332433
pattern_3,192,12,255,#C00CFF,1,0.24685991,0.75314009
pattern_3,192,83,252,#C053FC,2,0.24841076,0.75158924
pattern_3,193,0,193,#C100C1,27,0.25228018,0.74771982
pattern_3,193,0,255,#C100FF,4,0.24276018,0.75723982
pattern_3,194,0,194,#C200C2,194,0.24821115,0.75178885
pattern_3,194,0,197,#C200C5,15,0.24775052,0.75224948
pattern_3,194,0,216,#C200D8,7,0.24483311,0.75516689
pattern_3,194,0,233,#C200E9,1,0.24222279,0.75777721
pattern_3,194,0,249,#C200F9,13,0.239766,0.760234
pattern_3,194,0,255,#C200FF,38,0.23884469,0.76115531
pattern_3,194,77,219,#C24DDB,3,0.24555475,0.75444525
pattern_3,194,87,249,#C257F9,3,0.24110186,0.75889814
pattern_3,195,0,195,#C300C3,108,0.24414212,0.75585788
pattern_3,195,0,255,#C300FF,250,0.2349292,0.7650708
pattern_3,195,2,255,#C302FF,4,0.2349599,0.7650401
pattern_3,195,67,255,#C343FF,1,0.23595798,0.76404202
pattern_3,197,0,197,#C500C5,343,0.23600405,0.76399595
pattern_3,197,0,200,#C500C8,7,0.23554343,0.76445657
pattern_3,197,0,209,#C500D1,2,0.2341615,0.7658385
pattern_3,197,0,214,#C500D6,4,0.23339373,0.76660627
pattern_3,197,0,222,#C500DE,2,0.23216534,0.76783466
pattern_3,197,0,241,#C500F1,1,0.22924793,0.77075207
pattern_3,197,0,244,#C500F4,1,0.2287873,0.7712127
pattern_3,197,0,249,#C500F9,4,0.22801954,0.77198046
pattern_3,197,0,252,#C500FC,4,0.22755891,0.77244109
pattern_3,197,0,255,#C500FF,69,0.22709823,0.77290177
pattern_3,197,87,249,#C557F9,2,0.22935539,0.77064461
pattern_3,198,0,189,#C600BD,11,0.23331696,0.76668304
pattern_3,198,0,198,#C600C6,2609,0.23193502,0.76806498
pattern_3,198,0,206,#C600CE,49,0.23070663,0.76929337
pattern_3,198,0,214,#C600D6,3,0.22947824,0.77052176
pattern_3,198,0,222,#C600DE,1,0.22824985,0.77175015
pattern_3,198,0,231,#C600E7,4,0.22686791,0.77313209
pattern_3,198,0,239,#C600EF,9,0.22563952,0.77436048
pattern_3,198,0,247,#C600F7,4,0.22441113,0.77558887
pattern_3,198,0,255,#C600FF,557,0.22318274,0.77681726
pattern_3,198,8,255,#C608FF,4,0.22330558,0.77669442
pattern_3,200,0,200,#C800C8,426,0.22379696,0.77620304
pattern_3,200,0,231,#C800E7,3,0.21903694,0.78096306
pattern_3,200,0,233,#C800E9,4,0.21872985,0.78127015
pattern_3,200,0,236,#C800EC,1,0.21826923,0.78173077
pattern_3,200,0,249,#C800F9,3,0.21627307,0.78372693
pattern_3,200,0,255,#C800FF,342,0.21535176,0.78464824
pattern_3,200,24,255,#C818FF,12,0.2157203,0.7842797
pattern_3,200,35,252,#C823FC,2,0.21634984,0.78365016
pattern_3,201,0,201,#C900C9,28,0.21972793,0.78027207
pattern_3,201,0,255,#C900FF,42,0.21143627,0.78856373
pattern_3,203,0,203,#CB00CB,640,0.21158981,0.78841019
pattern_3,203,0,222,#CB00DE,2,0.2086724,0.7913276
pattern_3,203,0,225,#CB00E1,6,0.20821178,0.79178822
pattern_3,203,0,236,#CB00EC,4,0.20652276,0.79347724
pattern_3,203,0,239,#CB00EF,2,0.20606208,0.79393792
pattern_3,203,0,244,#CB00F4,2,0.20529437,0.79470563
pattern_3,203,0,247,#CB00F7,3,0.20483369,0.79516631
pattern_3,203,0,249,#CB00F9,3,0.2045266,0.7954734
pattern_3,203,0,252,#CB00FC,28,0.20406598,0.79593402
pattern_3,203,0,255,#CB00FF,101,0.20360529,0.79639471
pattern_3,203,65,252,#CB41FC,1,0.20506406,0.79493594
pattern_3,205,0,205,#CD00CD,493,0.20345175,0.79654825
pattern_3,205,0,255,#CD00FF,102,0.19577432,0.80422568
pattern_3,205,54,255,#CD36FF,2,0.19660354,0.80339646
pattern_3,205,58,236,#CD3AEC,1,0.19958234,0.80041766
pattern_3,206,0,206,#CE00CE,3940,0.19938272,0.80061728
pattern_3,206,0,214,#CE00D6,19,0.19815433,0.80184567
pattern_3,206,0,222,#CE00DE,7,0.19692594,0.80307406
pattern_3,206,0,239,#CE00EF,17,0.19431561,0.80568439
pattern_3,206,0,247,#CE00F7,12,0.19308722,0.80691278
pattern_3,206,0,255,#CE00FF,246,0.19185889,0.80814111
pattern_3,206,52,255,#CE34FF,1,0.19265729,0.80734271
pattern_3,206,56,255,#CE38FF,2,0.19271874,0.80728126
pattern_3,206,65,255,#CE41FF,1,0.19285691,0.80714309
pattern_3,206,69,255,#CE45FF,1,0.19291836,0.80708164
pattern_3,206,73,255,#CE49FF,6,0.19297975,0.80702025
pattern_3,208,0,208,#D000D0,327,0.19124466,0.80875534
pattern_3,208,0,222,#D000DE,9,0.18909496,0.81090504
pattern_3,208,0,239,#D000EF,9,0.18648463,0.81351537
pattern_3,208,0,241,#D000F1,4,0.18617755,0.81382245
pattern_3,208,0,244,#D000F4,3,0.18571693,0.81428307
pattern_3,208,0,249,#D000F9,2,0.18494916,0.81505084
pattern_3,208,0,255,#D000FF,75,0.18402791,0.81597209
pattern_3,208,79,249,#D04FF9,1,0.18616223,0.81383777
pattern_3,209,0,209,#D100D1,741,0.18717563,0.81282437
pattern_3,209,0,255,#D100FF,1,0.18011242,0.81988758
pattern_3,210,0,255,#D200FF,8,0.17619693,0.82380307
pattern_3,210,62,226,#D23EE2,1,0.18160182,0.81839818
pattern_3,211,0,211,#D300D3,1657,0.17903757,0.82096243
pattern_3,211,0,241,#D300F1,4,0.17443109,0.82556891
pattern_3,211,0,249,#D300F9,7,0.17320269,0.82679731
pattern_3,211,0,255,#D300FF,134,0.17228144,0.82771856
pattern_3,211,69,252,#D345FC,1,0.17380154,0.82619846
pattern_3,214,0,214,#D600D6,6241,0.16683048,0.83316952
pattern_3,214,0,220,#D600DC,8,0.16590917,0.83409083
pattern_3,214,0,222,#D600DE,97,0.16560209,0.83439791
pattern_3,214,0,230,#D600E6,3,0.1643737,0.8356263
pattern_3,214,0,231,#D600E7,14,0.16422015,0.83577985
pattern_3,214,0,239,#D600EF,30,0.16299176,0.83700824
pattern_3,214,0,247,#D600F7,39,0.16176337,0.83823663
pattern_3,214,0,249,#D600F9,1,0.16145623,0.83854377
pattern_3,214,0,252,#D600FC,1,0.1609956,0.8390044
pattern_3,214,0,255,#D600FF,1013,0.16053498,0.83946502
pattern_3,216,0,216,#D800D8,36,0.15869236,0.84130764
pattern_3,216,0,249,#D800F9,12,0.15362531,0.84637469
pattern_3,216,0,255,#D800FF,134,0.152704,0.847296
pattern_3,216,48,255,#D830FF,2,0.15344101,0.84655899
pattern_3,216,75,216,#D84BD8,2,0.15984398,0.84015602
pattern_3,216,78,252,#D84EFC,1,0.15436232,0.84563768
pattern_3,216,82,249,#D852F9,3,0.1548844,0.8451156
pattern_3,217,0,217,#D900D9,1650,0.15462333,0.84537667
pattern_3,217,0,249,#D900F9,1,0.14970982,0.85029018
pattern_3,217,0,255,#D900FF,54,0.14878851,0.85121149
pattern_3,218,0,255,#DA00FF,29,0.14487302,0.85512698
pattern_3,219,0,219,#DB00DB,1237,0.14648527,0.85351473
pattern_3,219,0,233,#DB00E9,3,0.14433557,0.85566443
pattern_3,219,0,236,#DB00EC,6,0.14387494,0.85612506
pattern_3,219,0,244,#DB00F4,3,0.14264655,0.85735345
pattern_3,219,0,247,#DB00F7,1,0.14218593,0.85781407
pattern_3,219,0,249,#DB00F9,3,0.14187884,0.85812116
pattern_3,219,0,255,#DB00FF,41,0.14095753,0.85904247
pattern_3,219,51,252,#DB33FC,2,0.14220124,0.85779876
pattern_3,219,77,219,#DB4DDB,1,0.14766759,0.85233241
pattern_3,219,81,219,#DB51DB,1,0.14772904,0.85227096
pattern_3,220,0,220,#DC00DC,867,0.14241624,0.85758376
pattern_3,222,0,198,#DE00C6,5,0.13796335,0.86203665
pattern_3,222,0,214,#DE00D6,48,0.13550657,0.86449343
pattern_3,222,0,222,#DE00DE,10128,0.13427818,0.86572182
pattern_3,222,0,227,#DE00E3,1,0.13351041,0.86648959
pattern_3,222,0,230,#DE00E6,7,0.13304979,0.86695021
pattern_3,222,0,231,#DE00E7,164,0.13289624,0.86710376
pattern_3,222,0,239,#DE00EF,51,0.13166785,0.86833215
pattern_3,222,0,244,#DE00F4,4,0.13090008,0.86909992
pattern_3,222,0,247,#DE00F7,76,0.13043946,0.86956054
pattern_3,222,0,249,#DE00F9,12,0.13013238,0.86986762
pattern_3,222,0,255,#DE00FF,928,0.12921107,0.87078893
pattern_3,222,24,255,#DE18FF,9,0.1295796,0.8704204
pattern_3,222,69,255,#DE45FF,3,0.13027054,0.86972946
pattern_3,222,74,252,#DE4AFC,1,0.130808,0.869192
pattern_3,222,77,222,#DE4DDE,4,0.1354605,0.8645395
pattern_3,225,0,225,#E100E1,4174,0.12207109,0.87792891
pattern_3,225,0,230,#E100E6,6,0.12130332,0.87869668
pattern_3,225,0,241,#E100F1,4,0.1196143,0.8803857
pattern_3,225,0,247,#E100F7,47,0.11869299,0.88130701
pattern_3,225,0,249,#E100F9,4,0.11838591,0.88161409
pattern_3,225,0,255,#E100FF,110,0.1174646,0.8825354
pattern_3,225,33,255,#E121FF,1,0.1179713,0.8820287
pattern_3,225,70,252,#E146FC,4,0.11900008,0.88099992
pattern_3,225,71,225,#E147E1,2,0.12316126,0.87683874
pattern_3,226,0,226,#E200E2,15,0.118002,0.881998
pattern_3,226,0,255,#E200FF,61,0.11354911,0.88645089
pattern_3,227,0,227,#E300E3,884,0.11393297,0.88606703
pattern_3,227,0,255,#E300FF,415,0.10963362,0.89036638
pattern_3,227,40,236,#E328EC,1,0.11316526,0.88683474
pattern_3,227,70,252,#E346FC,1,0.1111691,0.8888309
pattern_3,227,71,227,#E347E3,1,0.1150232,0.8849768
pattern_3,228,0,228,#E400E4,1580,0.10986394,0.89013606
pattern_3,228,0,255,#E400FF,74,0.10571814,0.89428186
pattern_3,230,0,230,#E600E6,5081,0.10172588,0.89827412
pattern_3,230,0,238,#E600EE,3,0.10049748,0.89950252
pattern_3,230,0,241,#E600F1,2,0.10003686,0.89996314
pattern_3,230,0,244,#E600F4,6,0.09957623,0.90042377
pattern_3,230,0,255,#E600FF,68,0.09788716,0.90211284
pattern_3,230,27,255,#E61BFF,2,0.09830177,0.90169823
pattern_3,230,70,230,#E646E6,2,0.10280073,0.89719927
pattern_3,231,0,189,#E700BD,3,0.10410589,0.89589411
pattern_3,231,0,198,#E700C6,1,0.10272396,0.89727604
pattern_3,231,0,222,#E700DE,5,0.09903878,0.90096122
pattern_3,231,0,231,#E700E7,11803,0.09765685,0.90234315
pattern_3,231,0,239,#E700EF,292,0.09642845,0.90357155
pattern_3,231,0,247,#E700F7,120,0.09520006,0.90479994
pattern_3,231,0,255,#E700FF,1263,0.09397167,0.90602833
pattern_3,231,8,255,#E708FF,7,0.09409451,0.90590549
pattern_3,231,16,255,#E710FF,5,0.09421736,0.90578264
pattern_3,231,60,255,#E73CFF,3,0.09489298,0.90510702
pattern_3,233,0,170,#E900AA,6,0.09919232,0.90080768
pattern_3,233,0,233,#E900E9,4067,0.08951879,0.91048121
pattern_3,233,0,249,#E900F9,12,0.087062,0.912938
pattern_3,233,0,255,#E900FF,275,0.08614069,0.91385931
pattern_3,233,66,252,#E942FC,1,0.08761477,0.91238523
pattern_3,233,82,252,#E952FC,1,0.08786047,0.91213953
pattern_3,234,0,255,#EA00FF,46,0.0822252,0.9177748
pattern_3,234,69,255,#EA45FF,2,0.08328474,0.91671526
pattern_3,235,0,235,#EB00EB,12,0.08138072,0.91861928
pattern_3,236,0,236,#EC00EC,8387,0.07731169,0.92268831
pattern_3,236,0,244,#EC00F4,5,0.0760833,0.9239167
pattern_3,236,0,249,#EC00F9,48,0.07531554,0.92468446
pattern_3,236,0,252,#EC00FC,3,0.07485491,0.92514509
pattern_3,236,0,255,#EC00FF,46,0.07439423,0.92560577
pattern_3,236,60,252,#EC3CFC,1,0.07577616,0.92422384
pattern_3,236,63,236,#EC3FEC,1,0.07827902,0.92172098
pattern_3,236,69,236,#EC45EC,1,0.07837117,0.92162883
pattern_3,238,0,238,#EE00EE,5195,0.06917357,0.93082643
pattern_3,238,0,241,#EE00F1,4,0.06871295,0.93128705
pattern_3,238,0,244,#EE00F4,11,0.06825233,0.93174767
pattern_3,238,0,255,#EE00FF,15,0.06656325,0.93343675
pattern_3,239,0,222,#EF00DE,9,0.06771487,0.93228513
pattern_3,239,0,231,#EF00E7,92,0.06633294,0.93366706
pattern_3,239,0,239,#EF00EF,24170,0.06510454,0.93489546
pattern_3,239,0,247,#EF00F7,544,0.06387615,0.93612385
pattern_3,239,0,255,#EF00FF,1439,0.06264782,0.93735218
pattern_3,239,4,255,#EF04FF,12,0.06270921,0.93729079
pattern_3,239,8,255,#EF08FF,18,0.06277061,0.93722939
pattern_3,239,20,239,#EF14EF,7,0.06541169,0.93458831
pattern_3,239,24,239,#EF18EF,8,0.06547308,0.93452692
pattern_3,239,24,255,#EF18FF,2,0.0630163,0.9369837
pattern_3,239,48,255,#EF30FF,12,0.06338483,0.93661517
pattern_3,239,69,255,#EF45FF,13,0.06370729,0.93629271
pattern_3,239,77,239,#EF4DEF,10,0.06628686,0.93371314
pattern_3,239,80,239,#EF50EF,1,0.06633294,0.93366706
pattern_3,239,85,239,#EF55EF,8,0.06640971,0.93359029
pattern_3,241,0,241,#F100F1,8562,0.05696648,0.94303352
pattern_3,241,0,255,#F100FF,63,0.05481684,0.94518316
pattern_3,241,63,252,#F13FFC,1,0.05624479,0.94375521
pattern_3,243,0,243,#F300F3,25,0.04882842,0.95117158
pattern_3,243,0,255,#F300FF,1,0.04698586,0.95301414
pattern_3,244,0,244,#F400F4,13404,0.04475939,0.95524061
pattern_3,244,0,255,#F400FF,77,0.04307038,0.95692962
pattern_3,244,50,244,#F432F4,1,0.04552716,0.95447284
pattern_3,244,55,244,#F437F4,2,0.04560393,0.95439607
pattern_3,244,70,255,#F446FF,1,0.04414517,0.95585483
pattern_3,247,0,231,#F700E7,4,0.03500909,0.96499091
pattern_3,247,0,239,#F700EF,84,0.03378069,0.96621931
pattern_3,247,0,247,#F700F7,61212,0.0325523,0.9674477
pattern_3,247,0,255,#F700FF,6533,0.03132391,0.96867609
pattern_3,247,4,247,#F704F7,23,0.03261369,0.96738631
pattern_3,247,4,255,#F704FF,7,0.0313853,0.9686147
pattern_3,247,8,247,#F708F7,11,0.03267515,0.96732485
pattern_3,247,8,255,#F708FF,11,0.03144675,0.96855325
pattern_3,247,16,255,#F710FF,19,0.0315696,0.9684304
pattern_3,247,20,255,#F714FF,12,0.03163099,0.96836901
pattern_3,247,24,255,#F718FF,13,0.03169239,0.96830761
pattern_3,247,28,255,#F71CFF,15,0.03175384,0.96824616
pattern_3,247,32,255,#F720FF,16,0.03181523,0.96818477
pattern_3,247,36,247,#F724F7,24,0.03310508,0.96689492
pattern_3,247,36,255,#F724FF,24,0.03187668,0.96812332
pattern_3,247,44,255,#F72CFF,9,0.03199953,0.96800047
pattern_3,247,48,247,#F730F7,8,0.03328931,0.96671069
pattern_3,247,48,255,#F730FF,7,0.03206092,0.96793908
pattern_3,247,52,255,#F734FF,1,0.03212237,0.96787763
pattern_3,247,58,247,#F73AF7,1,0.03344285,0.96655715
pattern_3,247,65,247,#F741F7,12,0.03355032,0.96644968
pattern_3,247,65,255,#F741FF,2,0.03232199,0.96767801
pattern_3,247,73,247,#F749F7,8,0.03367317,0.96632683
pattern_3,247,85,247,#F755F7,2,0.03385746,0.96614254
pattern_3,247,85,255,#F755FF,18,0.03262907,0.96737093
pattern_3,249,0,249,#F900F9,35072,0.02441424,0.97558576
pattern_3,249,0,255,#F900FF,21,0.02349293,0.97650707
pattern_3,249,56,255,#F938FF,28,0.02435279,0.97564721
pattern_3,251,0,251,#FB00FB,1356,0.01627612,0.98372388
pattern_3,251,48,251,#FB30FB,2,0.01701319,0.98298681
pattern_3,252,0,252,#FC00FC,56416,0.01220709,0.98779291
pattern_3,252,0,255,#FC00FF,16,0.01174647,0.98825353
pattern_3,255,0,167,#FF00A7,67,0.01351225,0.98648775
pattern_3,255,0,168,#FF00A8,1,0.01335871,0.98664129
pattern_3,255,0,170,#FF00AA,1975,0.01305163,0.98694837
pattern_3,255,0,172,#FF00AC,385,0.01274455,0.98725545
pattern_3,255,0,173,#FF00AD,148,0.012591,0.987409
pattern_3,255,0,175,#FF00AF,108,0.01228386,0.98771614
pattern_3,255,0,178,#FF00B2,67,0.01182324,0.98817676
pattern_3,255,0,181,#FF00B5,167,0.01136261,0.98863739
pattern_3,255,0,183,#FF00B7,31,0.01105547,0.98894453
pattern_3,255,0,184,#FF00B8,3,0.01090193,0.98909807
pattern_3,255,0,186,#FF00BA,4,0.01059484,0.98940516
pattern_3,255,0,189,#FF00BD,281,0.01013422,0.98986578
pattern_3,255,0,192,#FF00C0,36,0.00967354,0.99032646
pattern_3,255,0,193,#FF00C1,12,0.00951999,0.99048001
pattern_3,255,0,194,#FF00C2,2,0.00936645,0.99063355
pattern_3,255,0,195,#FF00C3,64,0.00921291,0.99078709
pattern_3,255,0,197,#FF00C5,7,0.00890583,0.99109417
pattern_3,255,0,198,#FF00C6,320,0.00875229,0.99124771
pattern_3,255,0,200,#FF00C8,173,0.00844514,0.99155486
pattern_3,255,0,201,#FF00C9,5,0.0082916,0.9917084
pattern_3,255,0,203,#FF00CB,68,0.00798452,0.99201548
pattern_3,255,0,205,#FF00CD,18,0.00767744,0.99232256
pattern_3,255,0,206,#FF00CE,460,0.00752389,0.99247611
pattern_3,255,0,208,#FF00D0,35,0.00721675,0.99278325
pattern_3,255,0,210,#FF00D2,4,0.00690967,0.99309033
pattern_3,255,0,211,#FF00D3,39,0.00675613,0.99324387
pattern_3,255,0,214,#FF00D6,463,0.0062955,0.9937045
pattern_3,255,0,216,#FF00D8,13,0.00598842,0.99401158
pattern_3,255,0,217,#FF00D9,17,0.00583482,0.99416518
pattern_3,255,0,218,#FF00DA,10,0.00568128,0.99431872
pattern_3,255,0,219,#FF00DB,95,0.00552773,0.99447227
pattern_3,255,0,222,#FF00DE,713,0.00506711,0.99493289
pattern_3,255,0,225,#FF00E1,58,0.00460643,0.99539357
pattern_3,255,0,226,#FF00E2,72,0.00445288,0.99554712
pattern_3,255,0,227,#FF00E3,104,0.00429934,0.99570066
pattern_3,255,0,230,#FF00E6,18,0.00383872,0.99616128
pattern_3,255,0,231,#FF00E7,967,0.00368518,0.99631482
pattern_3,255,0,233,#FF00E9,78,0.00337809,0.99662191
pattern_3,255,0,234,#FF00EA,17,0.00322449,0.99677551
pattern_3,255,0,236,#FF00EC,22,0.00291741,0.99708259
pattern_3,255,0,238,#FF00EE,50,0.00261033,0.99738967
pattern_3,255,0,239,#FF00EF,1892,0.00245678,0.99754322
pattern_3,255,0,241,#FF00F1,43,0.0021497,0.9978503
pattern_3,255,0,244,#FF00F4,131,0.00168902,0.99831098
pattern_3,255,0,247,#FF00F7,6686,0.00122839,0.99877161
pattern_3,255,0,249,#FF00F9,162,0.00092131,0.99907869
pattern_3,255,0,252,#FF00FC,285,0.00046062,0.99953938
pattern_3,255,1,214,#FF01D6,3,0.00631082,0.99368918
pattern_3,255,2,173,#FF02AD,5,0.0126217,0.9873783
pattern_3,255,4,247,#FF04F7,26,0.00128978,0.99871022
pattern_3,255,4,255,#FF04FF,4262,6.139e-05,0.99993861
pattern_3,255,8,247,#FF08F7,4,0.00135124,0.99864876
pattern_3,255,8,255,#FF08FF,1064,0.00012285,0.99987715
pattern_3,255,12,255,#FF0CFF,493,0.00018424,0.99981576
pattern_3,255,16,214,#FF10D6,1,0.00654119,0.99345881
pattern_3,255,16,231,#FF10E7,2,0.00393087,0.99606913
pattern_3,255,16,239,#FF10EF,2,0.00270247,0.99729753
pattern_3,255,16,255,#FF10FF,322,0.00024569,0.99975431
pattern_3,255,20,255,#FF14FF,187,0.00030708,0.99969292
pattern_3,255,24,247,#FF18F7,11,0.00159693,0.99840307
pattern_3,255,24,255,#FF18FF,75,0.00036854,0.99963146
pattern_3,255,28,255,#FF1CFF,124,0.00042993,0.99957007
pattern_3,255,32,214,#FF20D6,1,0.00678682,0.99321318
pattern_3,255,32,255,#FF20FF,155,0.00049138,0.99950862
pattern_3,255,34,255,#FF22FF,14,0.00052208,0.99947792
pattern_3,255,36,255,#FF24FF,65,0.00055277,0.99944723
pattern_3,255,40,255,#FF28FF,23,0.00061417,0.99938583
pattern_3,255,44,255,#FF2CFF,49,0.00067562,0.99932438
pattern_3,255,48,255,#FF30FF,4,0.00073701,0.99926299
pattern_3,255,52,255,#FF34FF,44,0.00079846,0.99920154
pattern_3,255,56,255,#FF38FF,26,0.00085986,0.99914014
pattern_3,255,60,255,#FF3CFF,24,0.00092131,0.99907869
pattern_3,255,65,255,#FF41FF,10,0.00099808,0.99900192
pattern_3,255,69,255,#FF45FF,4,0.00105947,0.99894053
pattern_3,255,73,255,#FF49FF,8,0.00112092,0.99887908
pattern_3,255,77,255,#FF4DFF,19,0.00118232,0.99881768
pattern_3,255,81,255,#FF51FF,1,0.00124377,0.99875623
pattern_3,255,85,255,#FF55FF,1,0.00130516,0.99869484
pattern_4_heron,0,0,247,#0000F7,34007,0.99967755,0.00032245
pattern_4_heron,0,0,249,#0000F9,3806,0.99937045,0.00062955
pattern_4_heron,0,0,252,#0000FC,1802,0.99890981,0.00109019
pattern_4_heron,0,0,255,#0000FF,203703,0.99844916,0.00155084
pattern_4_heron,0,1,247,#0001F7,32,0.9996929,0.0003071
pattern_4_heron,0,1,249,#0001F9,50,0.99938581,0.00061419
pattern_4_heron,0,1,252,#0001FC,2042,0.99892516,0.00107484
pattern_4_heron,0,1,255,#0001FF,295087,0.99846451,0.00153549
pattern_4_heron,0,2,249,#0002F9,33,0.99940116,0.00059884
pattern_4_heron,0,2,255,#0002FF,160,0.99847987,0.00152013
pattern_4_heron,0,4,247,#0004F7,2153,0.99973897,0.00026103
pattern_4_heron,0,4,255,#0004FF,22158,0.99851058,0.00148942
pattern_4_heron,0,8,247,#0008F7,1030,0.99980039,0.00019961
pattern_4_heron,0,8,255,#0008FF,2628,0.998572,0.001428
pattern_4_heron,0,12,247,#000CF7,838,0.99986181,0.00013819
pattern_4_heron,0,12,255,#000CFF,2185,0.99863342,0.00136658
pattern_4_heron,0,14,255,#000EFF,7,0.99866413,0.00133587
pattern_4_heron,0,16,247,#0010F7,896,0.99992323,7.677e-05
pattern_4_heron,0,16,255,#0010FF,3123,0.99869484,0.00130516
pattern_4_heron,0,18,255,#0012FF,14,0.99872555,0.00127445
pattern_4_heron,0,20,247,#0014F7,585,0.99998465,1.535e-05
pattern_4_heron,0,20,255,#0014FF,1575,0.99875626,0.00124374
pattern_4_heron,0,21,252,#0015FC,3,0.99923226,0.00076774
pattern_4_heron,0,21,255,#0015FF,1,0.99877161,0.00122839
pattern_4_heron,0,23,255,#0017FF,1,0.99880232,0.00119768
pattern_4_heron,0,24,255,#0018FF,1056,0.99881768,0.00118232
pattern_4_heron,0,26,255,#001AFF,11,0.99884839,0.00115161
pattern_4_heron,0,27,255,#001BFF,1,0.99886374,0.00113626
pattern_4_heron,0,28,255,#001CFF,881,0.9988791,0.0011209
pattern_4_heron,0,29,255,#001DFF,14,0.99889445,0.00110555
pattern_4_heron,0,30,255,#001EFF,10,0.99890981,0.00109019
pattern_4_heron,0,31,252,#001FFC,1,0.99938581,0.00061419
pattern_4_heron,0,32,255,#0020FF,930,0.99894052,0.00105948
pattern_4_heron,0,33,255,#0021FF,1,0.99895587,0.00104413
pattern_4_heron,0,34,251,#0022FB,1,0.99958542,0.00041458
pattern_4_heron,0,34,255,#0022FF,4,0.99897122,0.00102878
pattern_4_heron,0,35,249,#0023F9,2,0.99990787,9.213e-05
pattern_4_heron,0,35,255,#0023FF,2,0.99898658,0.00101342
pattern_4_heron,0,36,249,#0024F9,4,0.99992323,7.677e-05
pattern_4_heron,0,36,255,#0024FF,513,0.99900193,0.00099807
pattern_4_heron,0,37,255,#0025FF,33,0.99901729,0.00098271
pattern_4_heron,0,38,255,#0026FF,41,0.99903264,0.00096736
pattern_4_heron,0,39,255,#0027FF,23,0.999048,0.000952
pattern_4_heron,0,40,249,#0028F9,1,0.99998465,1.535e-05
pattern_4_heron,0,40,251,#0028FB,6,0.99967755,0.00032245
pattern_4_heron,0,40,255,#0028FF,411,0.99906335,0.00093665
pattern_4_heron,0,41,249,#0029F9,5,1.0,0.0
pattern_4_heron,0,41,255,#0029FF,14,0.99907871,0.00092129
pattern_4_heron,0,42,255,#002AFF,25,0.99909406,0.00090594
pattern_4_heron,0,43,252,#002BFC,1,0.99957006,0.00042994
pattern_4_heron,0,43,255,#002BFF,8,0.99910942,0.00089058
pattern_4_heron,0,44,251,#002CFB,1,0.99973897,0.00026103
pattern_4_heron,0,44,252,#002CFC,1,0.99958542,0.00041458
pattern_4_heron,0,44,255,#002CFF,628,0.99912477,0.00087523
pattern_4_heron,0,46,251,#002EFB,17,0.99976968,0.00023032
pattern_4_heron,0,46,255,#002EFF,14,0.99915548,0.00084452
pattern_4_heron,0,47,255,#002FFF,1,0.99917084,0.00082916
pattern_4_heron,0,48,252,#0030FC,1,0.99964684,0.00035316
pattern_4_heron,0,48,255,#0030FF,281,0.99918619,0.00081381
pattern_4_heron,0,50,252,#0032FC,13,0.99967755,0.00032245
pattern_4_heron,0,50,255,#0032FF,35,0.9992169,0.0007831
pattern_4_heron,0,51,255,#0033FF,12,0.99923226,0.00076774
pattern_4_heron,0,52,251,#0034FB,18,0.99986181,0.00013819
pattern_4_heron,0,52,252,#0034FC,10,0.99970826,0.00029174
pattern_4_heron,0,52,255,#0034FF,258,0.99924761,0.00075239
pattern_4_heron,0,54,252,#0036FC,12,0.99973897,0.00026103
pattern_4_heron,0,54,255,#0036FF,4,0.99927832,0.00072168
pattern_4_heron,0,55,252,#0037FC,13,0.99975432,0.00024568
pattern_4_heron,0,56,252,#0038FC,16,0.99976968,0.00023032
pattern_4_heron,0,56,255,#0038FF,288,0.99930903,0.00069097
pattern_4_heron,0,58,252,#003AFC,10,0.99980039,0.00019961
pattern_4_heron,0,58,255,#003AFF,35,0.99933974,0.00066026
pattern_4_heron,0,59,252,#003BFC,34,0.99981574,0.00018426
pattern_4_heron,0,59,255,#003BFF,47,0.9993551,0.0006449
pattern_4_heron,0,60,251,#003CFB,2,0.99998465,1.535e-05
pattern_4_heron,0,60,252,#003CFC,28,0.9998311,0.0001689
pattern_4_heron,0,60,255,#003CFF,298,0.99937045,0.00062955
pattern_4_heron,0,62,252,#003EFC,26,0.99986181,0.00013819
pattern_4_heron,0,62,255,#003EFF,9,0.99940116,0.00059884
pattern_4_heron,0,63,252,#003FFC,65,0.99987716,0.00012284
pattern_4_heron,0,64,255,#0040FF,3,0.99943187,0.00056813
pattern_4_heron,0,65,252,#0041FC,50,0.99990787,9.213e-05
pattern_4_heron,0,65,255,#0041FF,92,0.99944723,0.00055277
pattern_4_heron,0,66,252,#0042FC,47,0.99992323,7.677e-05
pattern_4_heron,0,66,255,#0042FF,4,0.99946258,0.00053742
pattern_4_heron,0,67,252,#0043FC,36,0.99993858,6.142e-05
pattern_4_heron,0,67,255,#0043FF,13,0.99947794,0.00052206
pattern_4_heron,0,68,252,#0044FC,12,0.99995394,4.606e-05
pattern_4_heron,0,69,252,#0045FC,90,0.99996929,3.071e-05
pattern_4_heron,0,69,255,#0045FF,187,0.99950864,0.00049136
pattern_4_heron,0,70,252,#0046FC,73,0.99998465,1.535e-05
pattern_4_heron,0,70,255,#0046FF,2,0.999524,0.000476
pattern_4_heron,0,71,252,#0047FC,76,1.0,0.0
pattern_4_heron,0,72,255,#0048FF,2,0.99955471,0.00044529
pattern_4_heron,0,73,255,#0049FF,116,0.99957006,0.00042994
pattern_4_heron,0,74,255,#004AFF,21,0.99958542,0.00041458
pattern_4_heron,0,75,255,#004BFF,13,0.99960077,0.00039923
pattern_4_heron,0,77,255,#004DFF,231,0.99963148,0.00036852
pattern_4_heron,0,78,255,#004EFF,18,0.99964684,0.00035316
pattern_4_heron,0,80,255,#0050FF,60,0.99967755,0.00032245
pattern_4_heron,0,81,255,#0051FF,183,0.9996929,0.0003071
pattern_4_heron,0,83,255,#0053FF,52,0.99972361,0.00027639
pattern_4_heron,0,85,255,#0055FF,177,0.99975432,0.00024568
pattern_4_heron,0,86,255,#0056FF,8,0.99976968,0.00023032
pattern_4_heron,2,0,195,#0200C3,3,0.9998311,0.0001689
pattern_4_heron,2,0,197,#0200C5,2,0.999524,0.000476
pattern_4_heron,2,0,211,#0200D3,3,0.99737432,0.00262568
pattern_4_heron,2,0,214,#0200D6,3,0.99691367,0.00308633
pattern_4_heron,2,8,203,#0208CB,4,0.99872555,0.00127445
pattern_4_heron,2,29,205,#021DCD,6,0.9987409,0.0012591
pattern_4_heron,2,30,203,#021ECB,9,0.99906335,0.00093665
pattern_4_heron,2,32,203,#0220CB,2,0.99909406,0.00090594
pattern_4_heron,2,56,205,#0238CD,5,0.99915548,0.00084452
pattern_4_heron,2,67,203,#0243CB,1,0.99963148,0.00036852
pattern_4_heron,2,67,205,#0243CD,8,0.99932439,0.00067561
pattern_4_heron,2,67,208,#0243D0,4,0.99886374,0.00113626
pattern_4_heron,2,71,208,#0247D0,1,0.99892516,0.00107484
pattern_4_heron,4,10,165,#040AA5,1,0.99676013,0.00323987
pattern_4_heron,4,14,173,#040EAD,2,0.99559316,0.00440684
pattern_4_heron,4,16,177,#0410B1,2,0.99500967,0.00499033
pattern_4_heron,4,24,173,#0418AD,2,0.99574671,0.00425329
pattern_4_heron,4,48,177,#0430B1,2,0.99550103,0.00449897
pattern_4_heron,4,48,181,#0430B5,2,0.99488683,0.00511317
pattern_4_heron,4,52,173,#0434AD,2,0.99617664,0.00382336
pattern_4_heron,4,54,177,#0436B1,2,0.99559316,0.00440684
pattern_4_heron,5,0,159,#05009F,1,0.99361238,0.00638762
pattern_4_heron,5,0,170,#0500AA,1,0.99192335,0.00807665
pattern_4_heron,5,0,184,#0500B8,3,0.98977367,0.01022633
pattern_4_heron,5,0,187,#0500BB,3,0.98931302,0.01068698
pattern_4_heron,5,0,197,#0500C5,8,0.98777754,0.01222246
pattern_4_heron,5,0,203,#0500CB,3,0.98685625,0.01314375
pattern_4_heron,5,0,216,#0500D8,2,0.98486012,0.01513988
pattern_4_heron,5,0,222,#0500DE,1,0.98393883,0.01606117
pattern_4_heron,5,0,225,#0500E1,5,0.98347818,0.01652182
pattern_4_heron,5,5,170,#0505AA,1,0.99200012,0.00799988
pattern_4_heron,5,5,181,#0505B5,1,0.99031109,0.00968891
pattern_4_heron,5,9,178,#0509B2,1,0.99083315,0.00916685
pattern_4_heron,5,10,187,#050ABB,2,0.98946657,0.01053343
pattern_4_heron,5,12,203,#050CCB,1,0.98704051,0.01295949
pattern_4_heron,5,13,181,#050DB5,2,0.99043393,0.00956607
pattern_4_heron,5,21,192,#0515C0,2,0.98886773,0.01113227
pattern_4_heron,5,24,175,#0518AF,1,0.99152412,0.00847588
pattern_4_heron,5,29,175,#051DAF,2,0.9916009,0.0083991
pattern_4_heron,5,53,203,#0535CB,4,0.98767005,0.01232995
pattern_4_heron,5,59,230,#053BE6,2,0.98361637,0.01638363
pattern_4_heron,5,63,211,#053FD3,1,0.98659522,0.01340478
pattern_4_heron,5,70,208,#0546D0,1,0.98716335,0.01283665
pattern_4_heron,5,75,239,#054BEF,3,0.98248012,0.01751988
pattern_4_heron,5,79,214,#054FD6,1,0.98638025,0.01361975
pattern_4_heron,5,81,219,#0551DB,2,0.98564321,0.01435679
pattern_4_heron,5,82,222,#0552DE,2,0.98519792,0.01480208
pattern_4_heron,5,82,236,#0552EC,1,0.98304825,0.01695175
pattern_4_heron,5,83,233,#0553E9,1,0.98352425,0.01647575
pattern_4_heron,5,86,222,#0556DE,1,0.98525934,0.01474066
pattern_4_heron,8,0,160,#0800A0,1,0.98171237,0.01828763
pattern_4_heron,8,0,162,#0800A2,4,0.98140528,0.01859472
pattern_4_heron,8,0,165,#0800A5,46,0.98094463,0.01905537
pattern_4_heron,8,0,173,#0800AD,113,0.97971624,0.02028376
pattern_4_heron,8,0,181,#0800B5,128,0.97848785,0.02151215
pattern_4_heron,8,0,189,#0800BD,213,0.97725947,0.02274053
pattern_4_heron,8,0,198,#0800C6,419,0.97587753,0.02412247
pattern_4_heron,8,0,200,#0800C8,1,0.97557043,0.02442957
pattern_4_heron,8,0,206,#0800CE,386,0.97464914,0.02535086
pattern_4_heron,8,0,214,#0800D6,452,0.97342075,0.02657925
pattern_4_heron,8,0,222,#0800DE,459,0.97219237,0.02780763
pattern_4_heron,8,0,231,#0800E7,396,0.97081043,0.02918957
pattern_4_heron,8,0,239,#0800EF,369,0.96958204,0.03041796
pattern_4_heron,8,0,247,#0800F7,296,0.96835365,0.03164635
pattern_4_heron,8,0,255,#0800FF,1255,0.96712526,0.03287474
pattern_4_heron,8,4,165,#0804A5,14,0.98100605,0.01899395
pattern_4_heron,8,4,173,#0804AD,6,0.97977766,0.02022234
pattern_4_heron,8,4,189,#0804BD,31,0.97732089,0.02267911
pattern_4_heron,8,4,198,#0804C6,10,0.97593895,0.02406105
pattern_4_heron,8,4,206,#0804CE,48,0.97471056,0.02528944
pattern_4_heron,8,4,214,#0804D6,46,0.97348217,0.02651783
pattern_4_heron,8,4,222,#0804DE,21,0.97225378,0.02774622
pattern_4_heron,8,4,231,#0804E7,24,0.97087185,0.02912815
pattern_4_heron,8,4,239,#0804EF,24,0.96964346,0.03035654
pattern_4_heron,8,4,247,#0804F7,18,0.96841507,0.03158493
pattern_4_heron,8,4,255,#0804FF,27,0.96718669,0.03281331
pattern_4_heron,8,8,165,#0808A5,3,0.98106747,0.01893253
pattern_4_heron,8,8,173,#0808AD,18,0.97983908,0.02016092
pattern_4_heron,8,8,181,#0808B5,13,0.97861069,0.02138931
pattern_4_heron,8,8,189,#0808BD,14,0.9773823,0.0226177
pattern_4_heron,8,8,198,#0808C6,16,0.97600037,0.02399963
pattern_4_heron,8,8,206,#0808CE,9,0.97477198,0.02522802
pattern_4_heron,8,8,214,#0808D6,14,0.97354359,0.02645641
pattern_4_heron,8,8,222,#0808DE,3,0.97231521,0.02768479
pattern_4_heron,8,8,255,#0808FF,17,0.9672481,0.0327519
pattern_4_heron,8,12,173,#080CAD,6,0.9799005,0.0200995
pattern_4_heron,8,12,189,#080CBD,16,0.97744372,0.02255628
pattern_4_heron,8,12,198,#080CC6,6,0.97606179,0.02393821
pattern_4_heron,8,12,206,#080CCE,43,0.9748334,0.0251666
pattern_4_heron,8,12,214,#080CD6,10,0.97360501,0.02639499
pattern_4_heron,8,12,231,#080CE7,3,0.97099469,0.02900531
pattern_4_heron,8,12,239,#080CEF,5,0.9697663,0.0302337
pattern_4_heron,8,12,247,#080CF7,10,0.96853791,0.03146209
pattern_4_heron,8,12,255,#080CFF,56,0.96730952,0.03269048
pattern_4_heron,8,13,249,#080DF9,6,0.96824617,0.03175383
pattern_4_heron,8,16,165,#0810A5,1,0.98119031,0.01880969
pattern_4_heron,8,16,189,#0810BD,8,0.97750514,0.02249486
pattern_4_heron,8,16,198,#0810C6,8,0.97612321,0.02387679
pattern_4_heron,8,16,206,#0810CE,6,0.97489482,0.02510518
pattern_4_heron,8,16,214,#0810D6,11,0.97366643,0.02633357
pattern_4_heron,8,16,222,#0810DE,19,0.97243804,0.02756196
pattern_4_heron,8,16,231,#0810E7,5,0.97105611,0.02894389
pattern_4_heron,8,16,239,#0810EF,8,0.96982772,0.03017228
pattern_4_heron,8,16,247,#0810F7,41,0.96859933,0.03140067
pattern_4_heron,8,16,255,#0810FF,25,0.96737094,0.03262906
pattern_4_heron,8,20,173,#0814AD,4,0.98002334,0.01997666
pattern_4_heron,8,20,206,#0814CE,13,0.97495624,0.02504376
pattern_4_heron,8,20,214,#0814D6,24,0.97372785,0.02627215
pattern_4_heron,8,20,222,#0814DE,12,0.97249946,0.02750054
pattern_4_heron,8,20,247,#0814F7,5,0.96866075,0.03133925
pattern_4_heron,8,20,255,#0814FF,17,0.96743236,0.03256764
pattern_4_heron,8,24,165,#0818A5,6,0.98131315,0.01868685
pattern_4_heron,8,24,173,#0818AD,5,0.98008476,0.01991524
pattern_4_heron,8,24,206,#0818CE,9,0.97501766,0.02498234
pattern_4_heron,8,24,239,#0818EF,4,0.96995056,0.03004944
pattern_4_heron,8,24,247,#0818F7,19,0.96872217,0.03127783
pattern_4_heron,8,24,255,#0818FF,52,0.96749378,0.03250622
pattern_4_heron,8,28,165,#081CA5,6,0.98137457,0.01862543
pattern_4_heron,8,28,206,#081CCE,11,0.97507908,0.02492092
pattern_4_heron,8,28,231,#081CE7,2,0.97124036,0.02875964
pattern_4_heron,8,28,247,#081CF7,21,0.96878359,0.03121641
pattern_4_heron,8,28,255,#081CFF,17,0.9675552,0.0324448
pattern_4_heron,8,32,189,#0820BD,7,0.97775082,0.02224918
pattern_4_heron,8,32,206,#0820CE,12,0.9751405,0.0248595
pattern_4_heron,8,32,222,#0820DE,15,0.97268372,0.02731628
pattern_4_heron,8,32,231,#0820E7,7,0.97130178,0.02869822
pattern_4_heron,8,32,239,#0820EF,8,0.9700734,0.0299266
pattern_4_heron,8,32,255,#0820FF,29,0.96761662,0.03238338
pattern_4_heron,8,36,231,#0824E7,18,0.9713632,0.0286368
pattern_4_heron,8,36,239,#0824EF,1,0.97013482,0.02986518
pattern_4_heron,8,36,247,#0824F7,20,0.96890643,0.03109357
pattern_4_heron,8,36,255,#0824FF,12,0.96767804,0.03232196
pattern_4_heron,8,40,181,#0828B5,7,0.97910205,0.02089795
pattern_4_heron,8,40,206,#0828CE,4,0.97526333,0.02473667
pattern_4_heron,8,40,214,#0828D6,28,0.97403495,0.02596505
pattern_4_heron,8,40,231,#0828E7,4,0.97142462,0.02857538
pattern_4_heron,8,40,255,#0828FF,27,0.96773946,0.03226054
pattern_4_heron,8,44,173,#082CAD,12,0.98039186,0.01960814
pattern_4_heron,8,44,181,#082CB5,9,0.97916347,0.02083653
pattern_4_heron,8,44,189,#082CBD,4,0.97793508,0.02206492
pattern_4_heron,8,44,198,#082CC6,4,0.97655314,0.02344686
pattern_4_heron,8,44,222,#082CDE,7,0.97286798,0.02713202
pattern_4_heron,8,44,255,#082CFF,22,0.96780088,0.03219912
pattern_4_heron,8,48,255,#0830FF,4,0.9678623,0.0321377
pattern_4_heron,8,52,189,#0834BD,6,0.97805792,0.02194208
pattern_4_heron,8,52,214,#0834D6,6,0.97421921,0.02578079
pattern_4_heron,8,52,231,#0834E7,3,0.97160888,0.02839112
pattern_4_heron,8,52,255,#0834FF,17,0.96792372,0.03207628
pattern_4_heron,8,56,181,#0838B5,7,0.97934773,0.02065227
pattern_4_heron,8,56,255,#0838FF,14,0.96798514,0.03201486
pattern_4_heron,8,60,222,#083CDE,9,0.97311366,0.02688634
pattern_4_heron,8,60,231,#083CE7,6,0.97173172,0.02826828
pattern_4_heron,8,60,255,#083CFF,11,0.96804656,0.03195344
pattern_4_heron,8,65,214,#0841D6,15,0.97441882,0.02558118
pattern_4_heron,8,65,222,#0841DE,10,0.97319043,0.02680957
pattern_4_heron,8,65,247,#0841F7,10,0.96935172,0.03064828
pattern_4_heron,8,65,255,#0841FF,18,0.96812333,0.03187667
pattern_4_heron,8,69,214,#0845D6,40,0.97448024,0.02551976
pattern_4_heron,8,69,255,#0845FF,4,0.96818475,0.03181525
pattern_4_heron,8,73,206,#0849CE,1,0.97577005,0.02422995
pattern_4_heron,8,73,214,#0849D6,9,0.97454166,0.02545834
pattern_4_heron,8,73,222,#0849DE,19,0.97331327,0.02668673
pattern_4_heron,8,73,255,#0849FF,5,0.96824617,0.03175383
pattern_4_heron,8,77,206,#084DCE,10,0.97583147,0.02416853
pattern_4_heron,8,77,214,#084DD6,8,0.97460308,0.02539692
pattern_4_heron,8,77,220,#084DDC,1,0.97368179,0.02631821
pattern_4_heron,8,77,255,#084DFF,2,0.96830759,0.03169241
pattern_4_heron,8,78,228,#084EE4,1,0.97246875,0.02753125
pattern_4_heron,8,81,231,#0851E7,3,0.97205417,0.02794583
pattern_4_heron,8,81,239,#0851EF,1,0.97082578,0.02917422
pattern_4_heron,8,81,247,#0851F7,6,0.9695974,0.0304026
pattern_4_heron,8,81,255,#0851FF,3,0.96836901,0.03163099
pattern_4_heron,8,83,252,#0853FC,3,0.96886036,0.03113964
pattern_4_heron,8,85,231,#0855E7,19,0.97211559,0.02788441
pattern_4_heron,10,0,164,#0A00A4,2,0.97326721,0.02673279
pattern_4_heron,10,0,197,#0A00C5,2,0.96820011,0.03179989
pattern_4_heron,10,0,219,#0A00DB,4,0.96482204,0.03517796
pattern_4_heron,10,0,222,#0A00DE,5,0.96436139,0.03563861
pattern_4_heron,10,54,192,#0A36C0,1,0.96979701,0.03020299
pattern_4_heron,10,73,198,#0A49C6,2,0.96916746,0.03083254
pattern_4_heron,10,83,239,#0A53EF,1,0.96302552,0.03697448
pattern_4_heron,11,0,197,#0B00C5,5,0.96428462,0.03571538
pattern_4_heron,11,0,206,#0B00CE,5,0.96290268,0.03709732
pattern_4_heron,11,0,211,#0B00D3,6,0.96213494,0.03786506
pattern_4_heron,11,0,255,#0B00FF,4,0.9553788,0.0446212
pattern_4_heron,11,10,200,#0B0AC8,8,0.96397752,0.03602248
pattern_4_heron,12,73,251,#0C49FB,1,0.95319841,0.04680159
pattern_4_heron,13,0,172,#0D00AC,1,0.96029236,0.03970764
pattern_4_heron,13,65,208,#0D41D0,1,0.95576268,0.04423732
pattern_4_heron,13,69,203,#0D45CB,1,0.95659184,0.04340816
pattern_4_heron,13,74,252,#0D4AFC,3,0.94914474,0.05085526
pattern_4_heron,13,79,219,#0D4FDB,2,0.95428861,0.04571139
pattern_4_heron,16,0,165,#1000A5,11,0.94962073,0.05037927
pattern_4_heron,16,0,173,#1000AD,14,0.94839235,0.05160765
pattern_4_heron,16,0,181,#1000B5,38,0.94716396,0.05283604
pattern_4_heron,16,0,189,#1000BD,15,0.94593557,0.05406443
pattern_4_heron,16,0,197,#1000C5,9,0.94470718,0.05529282
pattern_4_heron,16,0,198,#1000C6,72,0.94455364,0.05544636
pattern_4_heron,16,0,206,#1000CE,86,0.94332525,0.05667475
pattern_4_heron,16,0,208,#1000D0,1,0.94301815,0.05698185
pattern_4_heron,16,0,214,#1000D6,144,0.94209686,0.05790314
pattern_4_heron,16,0,216,#1000D8,16,0.94178976,0.05821024
pattern_4_heron,16,0,219,#1000DB,3,0.94132911,0.05867089
pattern_4_heron,16,0,222,#1000DE,152,0.94086847,0.05913153
pattern_4_heron,16,0,231,#1000E7,103,0.93948653,0.06051347
pattern_4_heron,16,0,239,#1000EF,130,0.93825815,0.06174185
pattern_4_heron,16,0,247,#1000F7,120,0.93702976,0.06297024
pattern_4_heron,16,0,255,#1000FF,551,0.93580137,0.06419863
pattern_4_heron,16,4,198,#1004C6,7,0.94461505,0.05538495
pattern_4_heron,16,4,214,#1004D6,2,0.94215828,0.05784172
pattern_4_heron,16,4,231,#1004E7,18,0.93954795,0.06045205
pattern_4_heron,16,4,239,#1004EF,12,0.93831956,0.06168044
pattern_4_heron,16,4,255,#1004FF,24,0.93586279,0.06413721
pattern_4_heron,16,8,189,#1008BD,2,0.94605841,0.05394159
pattern_4_heron,16,8,222,#1008DE,13,0.94099131,0.05900869
pattern_4_heron,16,8,255,#1008FF,2,0.93592421,0.06407579
pattern_4_heron,16,12,214,#100CD6,13,0.94228112,0.05771888
pattern_4_heron,16,12,222,#100CDE,11,0.94105273,0.05894727
pattern_4_heron,16,12,231,#100CE7,13,0.93967079,0.06032921
pattern_4_heron,16,16,198,#1010C6,12,0.94479931,0.05520069
pattern_4_heron,16,20,173,#1014AD,2,0.94869944,0.05130056
pattern_4_heron,16,20,206,#1014CE,4,0.94363234,0.05636766
pattern_4_heron,16,20,255,#1014FF,22,0.93610847,0.06389153
pattern_4_heron,16,24,222,#1018DE,10,0.94123699,0.05876301
pattern_4_heron,16,28,222,#101CDE,6,0.94129841,0.05870159
pattern_4_heron,16,28,247,#101CF7,1,0.93745969,0.06254031
pattern_4_heron,16,28,255,#101CFF,6,0.93623131,0.06376869
pattern_4_heron,16,31,216,#101FD8,1,0.94226576,0.05773424
pattern_4_heron,16,32,206,#1020CE,16,0.9438166,0.0561834
pattern_4_heron,16,36,198,#1024C6,5,0.94510641,0.05489359
pattern_4_heron,16,36,222,#1024DE,9,0.94142124,0.05857876
pattern_4_heron,16,36,247,#1024F7,8,0.93758253,0.06241747
pattern_4_heron,16,36,255,#1024FF,6,0.93635415,0.06364585
pattern_4_heron,16,40,239,#1028EF,4,0.93887234,0.06112766
pattern_4_heron,16,44,222,#102CDE,4,0.94154408,0.05845592
pattern_4_heron,16,47,216,#102FD8,4,0.94251144,0.05748856
pattern_4_heron,16,48,222,#1030DE,2,0.9416055,0.0583945
pattern_4_heron,16,51,197,#1033C5,5,0.94549028,0.05450972
pattern_4_heron,16,56,186,#1038BA,1,0.94725609,0.05274391
pattern_4_heron,16,56,255,#1038FF,5,0.93666124,0.06333876
pattern_4_heron,16,60,181,#103CB5,7,0.94808525,0.05191475
pattern_4_heron,16,60,206,#103CCE,8,0.94424654,0.05575346
pattern_4_heron,16,60,255,#103CFF,2,0.93672266,0.06327734
pattern_4_heron,16,65,206,#1041CE,3,0.94432331,0.05567669
pattern_4_heron,16,69,231,#1045E7,7,0.94054602,0.05945398
pattern_4_heron,16,73,222,#1049DE,9,0.94198937,0.05801063
pattern_4_heron,16,78,241,#104EF1,1,0.93914873,0.06085127
pattern_4_heron,16,81,236,#1051EC,1,0.93996253,0.06003747
pattern_4_heron,18,78,211,#124ED3,1,0.93592421,0.06407579
pattern_4_heron,18,83,219,#1253DB,6,0.9347726,0.0652274
pattern_4_heron,18,86,249,#1256F9,1,0.93021221,0.06978779
pattern_4_heron,18,87,249,#1257F9,1,0.93022756,0.06977244
pattern_4_heron,19,0,192,#1300C0,3,0.93372846,0.06627154
pattern_4_heron,19,0,233,#1300E9,2,0.92743298,0.07256702
pattern_4_heron,19,0,255,#1300FF,2,0.92405491,0.07594509
pattern_4_heron,20,0,230,#1400E6,4,0.92397813,0.07602187
pattern_4_heron,21,0,172,#1500AC,2,0.92896846,0.07103154
pattern_4_heron,21,0,175,#1500AF,4,0.92850781,0.07149219
pattern_4_heron,21,0,178,#1500B2,1,0.92804717,0.07195283
pattern_4_heron,22,0,172,#1600AC,1,0.92505297,0.07494703
pattern_4_heron,22,0,255,#1600FF,5,0.91230845,0.08769155
pattern_4_heron,22,65,211,#1641D3,1,0.92006265,0.07993735
pattern_4_heron,22,69,198,#1645C6,1,0.9221202,0.0778798
pattern_4_heron,22,87,249,#1657F9,1,0.91456561,0.08543439
pattern_4_heron,24,0,160,#1800A0,1,0.91906458,0.08093542
pattern_4_heron,24,0,161,#1800A1,2,0.91891103,0.08108897
pattern_4_heron,24,0,165,#1800A5,8,0.91829684,0.08170316
pattern_4_heron,24,0,173,#1800AD,16,0.91706845,0.08293155
pattern_4_heron,24,0,181,#1800B5,4,0.91584007,0.08415993
pattern_4_heron,24,0,187,#1800BB,3,0.91491877,0.08508123
pattern_4_heron,24,0,189,#1800BD,74,0.91461167,0.08538833
pattern_4_heron,24,0,198,#1800C6,56,0.91322974,0.08677026
pattern_4_heron,24,0,200,#1800C8,11,0.91292264,0.08707736
pattern_4_heron,24,0,206,#1800CE,41,0.91200135,0.08799865
pattern_4_heron,24,0,214,#1800D6,65,0.91077296,0.08922704
pattern_4_heron,24,0,222,#1800DE,78,0.90954457,0.09045543
pattern_4_heron,24,0,231,#1800E7,80,0.90816264,0.09183736
pattern_4_heron,24,0,239,#1800EF,72,0.90693425,0.09306575
pattern_4_heron,24,0,247,#1800F7,79,0.90570586,0.09429414
pattern_4_heron,24,0,249,#1800F9,3,0.90539876,0.09460124
pattern_4_heron,24,0,255,#1800FF,546,0.90447748,0.09552252
pattern_4_heron,24,4,189,#1804BD,5,0.9146731,0.0853269
pattern_4_heron,24,4,198,#1804C6,12,0.91329116,0.08670884
pattern_4_heron,24,4,206,#1804CE,4,0.91206277,0.08793723
pattern_4_heron,24,4,214,#1804D6,4,0.91083438,0.08916562
pattern_4_heron,24,4,247,#1804F7,10,0.90576728,0.09423272
pattern_4_heron,24,4,255,#1804FF,18,0.90453889,0.09546111
pattern_4_heron,24,8,173,#1808AD,6,0.91719129,0.08280871
pattern_4_heron,24,8,206,#1808CE,6,0.91212419,0.08787581
pattern_4_heron,24,8,239,#1808EF,9,0.90705709,0.09294291
pattern_4_heron,24,12,181,#180CB5,1,0.91602432,0.08397568
pattern_4_heron,24,12,206,#180CCE,8,0.91218561,0.08781439
pattern_4_heron,24,12,247,#180CF7,6,0.90589012,0.09410988
pattern_4_heron,24,14,238,#180EEE,1,0.90730277,0.09269723
pattern_4_heron,24,16,206,#1810CE,5,0.91224703,0.08775297
pattern_4_heron,24,16,255,#1810FF,1,0.90472315,0.09527685
pattern_4_heron,24,20,255,#1814FF,12,0.90478458,0.09521542
pattern_4_heron,24,24,173,#1818AD,8,0.91743696,0.08256304
pattern_4_heron,24,32,222,#1820DE,5,0.91003593,0.08996407
pattern_4_heron,24,48,255,#1830FF,6,0.90521451,0.09478549
pattern_4_heron,24,65,255,#1841FF,8,0.90547554,0.09452446
pattern_4_heron,24,69,198,#1845C6,5,0.91428922,0.08571078
pattern_4_heron,24,73,198,#1849C6,2,0.91435064,0.08564936
pattern_4_heron,24,77,231,#184DE7,2,0.90934496,0.09065504
pattern_4_heron,24,78,228,#184EE4,1,0.90982096,0.09017904
pattern_4_heron,24,81,219,#1851DB,2,0.91124897,0.08875103
pattern_4_heron,24,85,247,#1855F7,15,0.90701102,0.09298898
pattern_4_heron,27,0,178,#1B00B2,3,0.90455425,0.09544575
pattern_4_heron,27,0,203,#1B00CB,1,0.90071554,0.09928446
pattern_4_heron,27,0,214,#1B00D6,5,0.89902651,0.10097349
pattern_4_heron,27,1,255,#1B01FF,16,0.89274637,0.10725363
pattern_4_heron,27,23,220,#1B17DC,8,0.89845838,0.10154162
pattern_4_heron,27,67,205,#1B43CD,1,0.90143722,0.09856278
pattern_4_heron,27,70,208,#1B46D0,1,0.90102264,0.09897736
pattern_4_heron,27,70,236,#1B46EC,1,0.89672328,0.10327672
pattern_4_heron,27,85,244,#1B55F4,1,0.89572521,0.10427479
pattern_4_heron,28,0,255,#1C00FF,15,0.88881553,0.11118447
pattern_4_heron,29,23,252,#1D17FC,2,0.88571385,0.11428615
pattern_4_heron,30,0,162,#1E00A2,1,0.89526457,0.10473543
pattern_4_heron,30,0,178,#1E00B2,5,0.89280779,0.10719221
pattern_4_heron,30,0,203,#1E00CB,6,0.88896908,0.11103092
pattern_4_heron,30,0,222,#1E00DE,1,0.88605165,0.11394835
pattern_4_heron,30,0,225,#1E00E1,3,0.88559101,0.11440899
pattern_4_heron,30,0,244,#1E00F4,3,0.88267358,0.11732642
pattern_4_heron,30,0,249,#1E00F9,2,0.88190585,0.11809415
pattern_4_heron,30,56,183,#1E38B7,1,0.89289992,0.10710008
pattern_4_heron,30,67,214,#1E43D6,1,0.88830882,0.11169118
pattern_4_heron,30,70,200,#1E46C8,1,0.89050456,0.10949544
pattern_4_heron,30,82,252,#1E52FC,1,0.8827043,0.1172957
pattern_4_heron,32,0,161,#2000A1,1,0.88758714,0.11241286
pattern_4_heron,32,0,170,#2000AA,1,0.8862052,0.1137948
pattern_4_heron,32,0,175,#2000AF,4,0.88543746,0.11456254
pattern_4_heron,32,0,211,#2000D3,31,0.87990972,0.12009028
pattern_4_heron,32,13,178,#200DB2,1,0.88517643,0.11482357
pattern_4_heron,32,81,222,#2051DE,1,0.87946443,0.12053557
pattern_4_heron,32,83,249,#2053F9,1,0.87534932,0.12465068
pattern_4_heron,33,0,165,#2100A5,21,0.88305746,0.11694254
pattern_4_heron,33,0,167,#2100A7,4,0.88275036,0.11724964
pattern_4_heron,33,0,173,#2100AD,1,0.88182907,0.11817093
pattern_4_heron,33,0,181,#2100B5,33,0.88060068,0.11939932
pattern_4_heron,33,0,189,#2100BD,24,0.87937229,0.12062771
pattern_4_heron,33,0,198,#2100C6,30,0.87799036,0.12200964
pattern_4_heron,33,0,206,#2100CE,2,0.87676197,0.12323803
pattern_4_heron,33,0,214,#2100D6,81,0.87553358,0.12446642
pattern_4_heron,33,0,222,#2100DE,18,0.87430519,0.12569481
pattern_4_heron,33,0,231,#2100E7,7,0.87292325,0.12707675
pattern_4_heron,33,0,238,#2100EE,1,0.87184842,0.12815158
pattern_4_heron,33,0,239,#2100EF,37,0.87169486,0.12830514
pattern_4_heron,33,0,244,#2100F4,3,0.87092713,0.12907287
pattern_4_heron,33,0,247,#2100F7,27,0.87046649,0.12953351
pattern_4_heron,33,0,251,#2100FB,1,0.86985229,0.13014771
pattern_4_heron,33,0,255,#2100FF,331,0.86923809,0.13076191
pattern_4_heron,33,1,194,#2101C2,2,0.87861991,0.12138009
pattern_4_heron,33,4,181,#2104B5,5,0.8806621,0.1193379
pattern_4_heron,33,4,198,#2104C6,18,0.87805178,0.12194822
pattern_4_heron,33,4,206,#2104CE,6,0.87682339,0.12317661
pattern_4_heron,33,4,214,#2104D6,13,0.875595,0.124405
pattern_4_heron,33,4,231,#2104E7,2,0.87298468,0.12701532
pattern_4_heron,33,4,247,#2104F7,24,0.87052789,0.12947211
pattern_4_heron,33,4,255,#2104FF,14,0.86929952,0.13070048
pattern_4_heron,33,12,255,#210CFF,7,0.86942235,0.13057765
pattern_4_heron,33,16,231,#2110E7,4,0.87316893,0.12683107
pattern_4_heron,33,20,198,#2114C6,4,0.87829746,0.12170254
pattern_4_heron,33,28,247,#211CF7,6,0.87089641,0.12910359
pattern_4_heron,33,32,178,#2120B2,3,0.88155268,0.11844732
pattern_4_heron,33,32,247,#2120F7,1,0.87095784,0.12904216
pattern_4_heron,33,36,255,#2124FF,4,0.86979087,0.13020913
pattern_4_heron,33,44,173,#212CAD,1,0.88250469,0.11749531
pattern_4_heron,33,48,255,#2130FF,2,0.86997512,0.13002488
pattern_4_heron,33,60,214,#213CD6,9,0.87645487,0.12354513
pattern_4_heron,33,66,203,#2142CB,2,0.87823603,0.12176397
pattern_4_heron,33,81,247,#2151F7,1,0.87171023,0.12828977
pattern_4_heron,35,0,164,#2300A4,3,0.87538003,0.12461997
pattern_4_heron,35,0,173,#2300AD,4,0.87399809,0.12600191
pattern_4_heron,35,0,178,#2300B2,3,0.87323035,0.12676965
pattern_4_heron,35,0,181,#2300B5,11,0.87276971,0.12723029
pattern_4_heron,35,0,189,#2300BD,31,0.87154132,0.12845868
pattern_4_heron,35,0,241,#2300F1,5,0.8635568,0.1364432
pattern_4_heron,35,0,255,#2300FF,2,0.86140712,0.13859288
pattern_4_heron,35,2,167,#2302A7,5,0.8749501,0.1250499
pattern_4_heron,35,14,173,#230EAD,1,0.87421307,0.12578693
pattern_4_heron,35,32,164,#2320A4,2,0.87587139,0.12412861
pattern_4_heron,35,32,178,#2320B2,3,0.8737217,0.1262783
pattern_4_heron,37,0,222,#2500DE,1,0.85864325,0.14135675
pattern_4_heron,38,0,159,#26009F,3,0.86440131,0.13559869
pattern_4_heron,38,0,164,#2600A4,9,0.86363357,0.13636643
pattern_4_heron,38,0,165,#2600A5,27,0.86348002,0.13651998
pattern_4_heron,38,0,170,#2600AA,8,0.86271228,0.13728772
pattern_4_heron,38,0,173,#2600AD,1,0.86225164,0.13774836
pattern_4_heron,38,0,181,#2600B5,3,0.86102325,0.13897675
pattern_4_heron,38,0,186,#2600BA,36,0.86025551,0.13974449
pattern_4_heron,38,0,187,#2600BB,1,0.86010195,0.13989805
pattern_4_heron,38,0,189,#2600BD,15,0.85979486,0.14020514
pattern_4_heron,38,0,214,#2600D6,9,0.85595615,0.14404385
pattern_4_heron,38,0,222,#2600DE,2,0.85472776,0.14527224
pattern_4_heron,38,0,225,#2600E1,1,0.85426712,0.14573288
pattern_4_heron,38,0,241,#2600F1,11,0.85181034,0.14818966
pattern_4_heron,38,0,244,#2600F4,2,0.8513497,0.1486503
pattern_4_heron,38,0,252,#2600FC,2,0.8501213,0.1498787
pattern_4_heron,38,0,255,#2600FF,11,0.84966066,0.15033934
pattern_4_heron,38,2,175,#2602AF,3,0.86197525,0.13802475
pattern_4_heron,38,2,208,#2602D0,2,0.85690814,0.14309186
pattern_4_heron,38,6,205,#2606CD,1,0.85743022,0.14256978
pattern_4_heron,38,14,170,#260EAA,3,0.86292724,0.13707276
pattern_4_heron,38,27,225,#261BE1,5,0.8546817,0.1453183
pattern_4_heron,38,70,238,#2646EE,2,0.85334583,0.14665417
pattern_4_heron,38,73,225,#2649E1,1,0.85538802,0.14461198
pattern_4_heron,38,74,225,#264AE1,1,0.85540338,0.14459662
pattern_4_heron,38,79,252,#264FFC,2,0.85133433,0.14866567
pattern_4_heron,41,0,159,#29009F,8,0.85265486,0.14734514
pattern_4_heron,41,0,161,#2900A1,4,0.85234776,0.14765224
pattern_4_heron,41,0,167,#2900A7,18,0.85142647,0.14857353
pattern_4_heron,41,0,170,#2900AA,5,0.85096581,0.14903419
pattern_4_heron,41,0,173,#2900AD,24,0.85050517,0.14949483
pattern_4_heron,41,0,178,#2900B2,1,0.84973744,0.15026256
pattern_4_heron,41,0,181,#2900B5,24,0.84927678,0.15072322
pattern_4_heron,41,0,183,#2900B7,5,0.84896968,0.15103032
pattern_4_heron,41,0,189,#2900BD,6,0.8480484,0.1519516
pattern_4_heron,41,0,192,#2900C0,2,0.84758775,0.15241225
pattern_4_heron,41,0,197,#2900C5,3,0.84682001,0.15317999
pattern_4_heron,41,0,198,#2900C6,5,0.84666646,0.15333354
pattern_4_heron,41,0,206,#2900CE,22,0.84543808,0.15456192
pattern_4_heron,41,0,208,#2900D0,1,0.84513098,0.15486902
pattern_4_heron,41,0,214,#2900D6,45,0.84420969,0.15579031
pattern_4_heron,41,0,222,#2900DE,24,0.84298129,0.15701871
pattern_4_heron,41,0,228,#2900E4,1,0.84206,0.15794
pattern_4_heron,41,0,231,#2900E7,20,0.84159936,0.15840064
pattern_4_heron,41,0,239,#2900EF,10,0.84037097,0.15962903
pattern_4_heron,41,0,247,#2900F7,84,0.83914259,0.16085741
pattern_4_heron,41,0,252,#2900FC,2,0.83837484,0.16162516
pattern_4_heron,41,0,255,#2900FF,124,0.8379142,0.1620858
pattern_4_heron,41,4,165,#2904A5,4,0.85179499,0.14820501
pattern_4_heron,41,4,173,#2904AD,7,0.8505666,0.1494334
pattern_4_heron,41,4,181,#2904B5,20,0.8493382,0.1506618
pattern_4_heron,41,4,255,#2904FF,14,0.83797562,0.16202438
pattern_4_heron,41,8,181,#2908B5,4,0.84939963,0.15060037
pattern_4_heron,41,8,255,#2908FF,13,0.83803703,0.16196297
pattern_4_heron,41,12,173,#290CAD,6,0.85068943,0.14931057
pattern_4_heron,41,16,161,#2910A1,3,0.85259344,0.14740656
pattern_4_heron,41,16,206,#2910CE,2,0.84568375,0.15431625
pattern_4_heron,41,32,247,#2920F7,3,0.83963394,0.16036606
pattern_4_heron,41,32,255,#2920FF,1,0.83840555,0.16159445
pattern_4_heron,41,36,239,#2924EF,2,0.84092374,0.15907626
pattern_4_heron,41,43,205,#292BCD,1,0.84625188,0.15374812
pattern_4_heron,41,44,255,#292CFF,3,0.83858982,0.16141018
pattern_4_heron,41,60,214,#293CD6,1,0.84513098,0.15486902
pattern_4_heron,41,60,255,#293CFF,3,0.83883549,0.16116451
pattern_4_heron,41,69,255,#2945FF,2,0.83897369,0.16102631
pattern_4_heron,43,0,170,#2B00AA,13,0.84313485,0.15686515
pattern_4_heron,43,0,175,#2B00AF,6,0.8423671,0.1576329
pattern_4_heron,43,0,186,#2B00BA,4,0.84067807,0.15932193
pattern_4_heron,43,0,203,#2B00CB,1,0.83806774,0.16193226
pattern_4_heron,43,46,249,#2B2EF9,2,0.83171083,0.16828917
pattern_4_heron,43,56,187,#2B38BB,2,0.8413844,0.1586156
pattern_4_heron,44,0,159,#2C009F,2,0.84090839,0.15909161
pattern_4_heron,44,0,164,#2C00A4,1,0.84014066,0.15985934
pattern_4_heron,44,0,170,#2C00AA,16,0.83921936,0.16078064
pattern_4_heron,44,0,178,#2C00B2,2,0.83799097,0.16200903
pattern_4_heron,44,0,181,#2C00B5,5,0.83753033,0.16246967
pattern_4_heron,44,0,216,#2C00D8,1,0.83215612,0.16784388
pattern_4_heron,44,0,225,#2C00E1,1,0.83077419,0.16922581
pattern_4_heron,44,0,238,#2C00EE,1,0.82877806,0.17122194
pattern_4_heron,44,0,247,#2C00F7,7,0.82739612,0.17260388
pattern_4_heron,44,5,192,#2C05C0,1,0.83591807,0.16408193
pattern_4_heron,44,5,233,#2C05E9,2,0.82962258,0.17037742
pattern_4_heron,44,16,206,#2C10CE,1,0.83393729,0.16606271
pattern_4_heron,45,0,235,#2D00EB,3,0.82532322,0.17467678
pattern_4_heron,45,0,251,#2D00FB,2,0.82286644,0.17713356
pattern_4_heron,46,0,161,#2E00A1,6,0.83277032,0.16722968
pattern_4_heron,46,0,165,#2E00A5,1,0.83215612,0.16784388
pattern_4_heron,46,0,167,#2E00A7,8,0.83184902,0.16815098
pattern_4_heron,46,0,172,#2E00AC,15,0.83108129,0.16891871
pattern_4_heron,46,0,173,#2E00AD,1,0.83092774,0.16907226
pattern_4_heron,46,0,175,#2E00AF,1,0.83062065,0.16937935
pattern_4_heron,46,0,178,#2E00B2,32,0.83015999,0.16984001
pattern_4_heron,46,0,181,#2E00B5,7,0.82969935,0.17030065
pattern_4_heron,46,0,184,#2E00B8,20,0.82923871,0.17076129
pattern_4_heron,46,0,186,#2E00BA,4,0.82893161,0.17106839
pattern_4_heron,46,0,189,#2E00BD,3,0.82847096,0.17152904
pattern_4_heron,46,0,194,#2E00C2,1,0.82770322,0.17229678
pattern_4_heron,46,0,195,#2E00C3,2,0.82754967,0.17245033
pattern_4_heron,46,0,203,#2E00CB,2,0.82632129,0.17367871
pattern_4_heron,46,0,216,#2E00D8,1,0.82432516,0.17567484
pattern_4_heron,46,0,230,#2E00E6,1,0.82217547,0.17782453
pattern_4_heron,46,0,255,#2E00FF,1,0.81833677,0.18166323
pattern_4_heron,46,6,200,#2E06C8,3,0.82687406,0.17312594
pattern_4_heron,46,8,161,#2E08A1,3,0.83289316,0.16710684
pattern_4_heron,46,10,195,#2E0AC3,1,0.82770322,0.17229678
pattern_4_heron,46,10,236,#2E0AEC,2,0.82140774,0.17859226
pattern_4_heron,46,13,186,#2E0DBA,2,0.82913122,0.17086878
pattern_4_heron,46,16,186,#2E10BA,2,0.82917729,0.17082271
pattern_4_heron,46,48,200,#2E30C8,3,0.82751897,0.17248103
pattern_4_heron,46,48,214,#2E30D6,2,0.82536928,0.17463072
pattern_4_heron,46,70,211,#2E46D3,2,0.82616773,0.17383227
pattern_4_heron,49,0,159,#31009F,6,0.82133096,0.17866904
pattern_4_heron,49,0,164,#3100A4,10,0.82056321,0.17943679
pattern_4_heron,49,0,165,#3100A5,3,0.82040967,0.17959033
pattern_4_heron,49,0,167,#3100A7,4,0.82010257,0.17989743
pattern_4_heron,49,0,173,#3100AD,18,0.81918128,0.18081872
pattern_4_heron,49,0,175,#3100AF,11,0.81887418,0.18112582
pattern_4_heron,49,0,176,#3100B0,8,0.81872064,0.18127936
pattern_4_heron,49,0,178,#3100B2,3,0.81841354,0.18158646
pattern_4_heron,49,0,181,#3100B5,52,0.81795289,0.18204711
pattern_4_heron,49,0,186,#3100BA,69,0.81718515,0.18281485
pattern_4_heron,49,0,189,#3100BD,63,0.81672451,0.18327549
pattern_4_heron,49,0,192,#3100C0,69,0.81626385,0.18373615
pattern_4_heron,49,0,194,#3100C2,39,0.81595676,0.18404324
pattern_4_heron,49,0,195,#3100C3,1,0.81580321,0.18419679
pattern_4_heron,49,0,197,#3100C5,3,0.81549612,0.18450388
pattern_4_heron,49,0,198,#3100C6,4,0.81534256,0.18465744
pattern_4_heron,49,0,206,#3100CE,11,0.81411418,0.18588582
pattern_4_heron,49,0,208,#3100D0,7,0.81380709,0.18619291
pattern_4_heron,49,0,211,#3100D3,3,0.81334643,0.18665357
pattern_4_heron,49,0,214,#3100D6,19,0.81288579,0.18711421
pattern_4_heron,49,0,219,#3100DB,1,0.81211805,0.18788195
pattern_4_heron,49,0,222,#3100DE,22,0.8116574,0.1883426
pattern_4_heron,49,0,231,#3100E7,15,0.81027547,0.18972453
pattern_4_heron,49,0,239,#3100EF,9,0.80904707,0.19095293
pattern_4_heron,49,0,247,#3100F7,30,0.8078187,0.1921813
pattern_4_heron,49,0,252,#3100FC,10,0.80705094,0.19294906
pattern_4_heron,49,0,255,#3100FF,141,0.8065903,0.1934097
pattern_4_heron,49,4,189,#3104BD,11,0.81678592,0.18321408
pattern_4_heron,49,4,198,#3104C6,4,0.81540398,0.18459602
pattern_4_heron,49,4,222,#3104DE,20,0.81171882,0.18828118
pattern_4_heron,49,4,231,#3104E7,21,0.81033689,0.18966311
pattern_4_heron,49,5,203,#3105CB,2,0.81465159,0.18534841
pattern_4_heron,49,10,172,#310AAC,1,0.81948838,0.18051162
pattern_4_heron,49,10,176,#310AB0,3,0.81887418,0.18112582
pattern_4_heron,49,10,186,#310ABA,3,0.81733869,0.18266131
pattern_4_heron,49,13,192,#310DC0,2,0.81646347,0.18353653
pattern_4_heron,49,13,194,#310DC2,2,0.81615637,0.18384363
pattern_4_heron,49,17,175,#3111AF,1,0.81913522,0.18086478
pattern_4_heron,49,24,170,#3118AA,1,0.82001044,0.17998956
pattern_4_heron,49,24,186,#3118BA,1,0.81755367,0.18244633
pattern_4_heron,49,24,197,#3118C5,1,0.81586464,0.18413536
pattern_4_heron,49,24,198,#3118C6,7,0.81571108,0.18428892
pattern_4_heron,49,24,222,#3118DE,4,0.81202592,0.18797408
pattern_4_heron,49,32,205,#3120CD,4,0.81475908,0.18524092
pattern_4_heron,49,36,167,#3124A7,6,0.82065535,0.17934465
pattern_4_heron,49,37,170,#3125AA,2,0.82021005,0.17978995
pattern_4_heron,49,40,192,#3128C0,2,0.81687805,0.18312195
pattern_4_heron,49,40,194,#3128C2,2,0.81657095,0.18342905
pattern_4_heron,49,40,255,#3128FF,14,0.8072045,0.1927955
pattern_4_heron,49,48,173,#3130AD,1,0.81991832,0.18008168
pattern_4_heron,49,48,185,#3130B9,6,0.81807573,0.18192427
pattern_4_heron,49,48,255,#3130FF,5,0.80732733,0.19267267
pattern_4_heron,49,56,247,#3138F7,1,0.80867857,0.19132143
pattern_4_heron,49,73,247,#3149F7,3,0.80893959,0.19106041
pattern_4_heron,49,85,247,#3155F7,6,0.80912386,0.19087614
pattern_4_heron,51,0,183,#3300B7,4,0.80981483,0.19018517
pattern_4_heron,51,0,189,#3300BD,2,0.80889353,0.19110647
pattern_4_heron,51,4,197,#3304C5,2,0.80772656,0.19227344
pattern_4_heron,51,79,211,#334FD3,3,0.8067285,0.1932715
pattern_4_heron,51,85,233,#3355E9,3,0.80344255,0.19655745
pattern_4_heron,52,0,162,#3400A2,4,0.80912386,0.19087614
pattern_4_heron,52,0,167,#3400A7,1,0.80835611,0.19164389
pattern_4_heron,52,0,178,#3400B2,11,0.80666707,0.19333293
pattern_4_heron,52,0,189,#3400BD,51,0.80497804,0.19502196
pattern_4_heron,52,0,192,#3400C0,5,0.8045174,0.1954826
pattern_4_heron,52,0,194,#3400C2,46,0.80421031,0.19578969
pattern_4_heron,52,0,197,#3400C5,35,0.80374965,0.19625035
pattern_4_heron,52,0,200,#3400C8,48,0.80328901,0.19671099
pattern_4_heron,52,0,203,#3400CB,5,0.80282836,0.19717164
pattern_4_heron,52,0,205,#3400CD,2,0.80252127,0.19747873
pattern_4_heron,52,0,206,#3400CE,8,0.80236772,0.19763228
pattern_4_heron,52,0,209,#3400D1,3,0.80190708,0.19809292
pattern_4_heron,52,0,214,#3400D6,4,0.80113932,0.19886068
pattern_4_heron,52,0,222,#3400DE,2,0.79991095,0.20008905
pattern_4_heron,52,0,225,#3400E1,1,0.79945029,0.20054971
pattern_4_heron,52,0,241,#3400F1,4,0.79699352,0.20300648
pattern_4_heron,52,0,247,#3400F7,5,0.79607223,0.20392777
pattern_4_heron,52,1,211,#3401D3,16,0.80161533,0.19838467
pattern_4_heron,52,2,178,#3402B2,1,0.80669779,0.19330221
pattern_4_heron,52,2,225,#3402E1,1,0.799481,0.200519
pattern_4_heron,52,4,217,#3404D9,1,0.80074011,0.19925989
pattern_4_heron,52,8,162,#3408A2,1,0.80924669,0.19075331
pattern_4_heron,52,9,205,#3409CD,1,0.80265947,0.19734053
pattern_4_heron,52,16,206,#3410CE,2,0.80261339,0.19738661
pattern_4_heron,52,21,184,#3415B8,2,0.80606824,0.19393176
pattern_4_heron,52,21,194,#3415C2,2,0.80453275,0.19546725
pattern_4_heron,52,22,194,#3416C2,1,0.8045481,0.1954519
pattern_4_heron,52,23,217,#3417D9,1,0.80103184,0.19896816
pattern_4_heron,52,67,209,#3443D1,2,0.80293585,0.19706415
pattern_4_heron,52,74,203,#344ACB,1,0.80396463,0.19603537
pattern_4_heron,53,0,160,#3500A0,3,0.80551547,0.19448453
pattern_4_heron,53,0,210,#3500D2,1,0.79783803,0.20216197
pattern_4_heron,53,14,181,#350EB5,3,0.80250591,0.19749409
pattern_4_heron,53,50,247,#3532F7,2,0.79292448,0.20707552
pattern_4_heron,53,60,189,#353CBD,5,0.80198385,0.19801615
pattern_4_heron,54,0,164,#3600A4,11,0.80098578,0.19901422
pattern_4_heron,54,0,167,#3600A7,16,0.80052513,0.19947487
pattern_4_heron,54,0,186,#3600BA,2,0.79760772,0.20239228
pattern_4_heron,54,0,192,#3600C0,26,0.79668643,0.20331357
pattern_4_heron,54,0,197,#3600C5,4,0.79591867,0.20408133
pattern_4_heron,54,0,231,#3600E7,1,0.79069804,0.20930196
pattern_4_heron,54,0,249,#3600F9,3,0.78793415,0.21206585
pattern_4_heron,54,29,178,#361DB2,1,0.79928139,0.20071861
pattern_4_heron,55,0,165,#3700A5,2,0.79691675,0.20308325
pattern_4_heron,55,0,167,#3700A7,12,0.79660966,0.20339034
pattern_4_heron,55,0,187,#3700BB,14,0.79353867,0.20646133
pattern_4_heron,55,0,194,#3700C2,2,0.79246384,0.20753616
pattern_4_heron,55,0,195,#3700C3,2,0.7923103,0.2076897
pattern_4_heron,55,0,197,#3700C5,6,0.7920032,0.2079968
pattern_4_heron,55,0,200,#3700C8,3,0.79154254,0.20845746
pattern_4_heron,55,0,203,#3700CB,10,0.79108191,0.20891809
pattern_4_heron,55,0,205,#3700CD,17,0.79077481,0.20922519
pattern_4_heron,55,0,209,#3700D1,1,0.79016061,0.20983939
pattern_4_heron,55,0,219,#3700DB,2,0.78862512,0.21137488
pattern_4_heron,55,0,222,#3700DE,3,0.78816448,0.21183552
pattern_4_heron,55,0,231,#3700E7,2,0.78678255,0.21321745
pattern_4_heron,55,0,241,#3700F1,5,0.78524706,0.21475294
pattern_4_heron,55,8,170,#3708AA,4,0.79627185,0.20372815
pattern_4_heron,55,16,194,#3710C2,2,0.79270951,0.20729049
pattern_4_heron,55,16,195,#3710C3,4,0.79255597,0.20744403
pattern_4_heron,55,24,175,#3718AF,2,0.79574978,0.20425022
pattern_4_heron,55,24,211,#3718D3,2,0.79022203,0.20977797
pattern_4_heron,55,26,170,#371AAA,4,0.79654823,0.20345177
pattern_4_heron,55,26,200,#371AC8,1,0.79194178,0.20805822
pattern_4_heron,57,0,161,#3900A1,5,0.78969997,0.21030003
pattern_4_heron,57,0,165,#3900A5,1,0.78908578,0.21091422
pattern_4_heron,57,0,170,#3900AA,15,0.78831802,0.21168198
pattern_4_heron,57,0,173,#3900AD,22,0.78785738,0.21214262
pattern_4_heron,57,0,181,#3900B5,2,0.78662899,0.21337101
pattern_4_heron,57,0,183,#3900B7,1,0.78632189,0.21367811
pattern_4_heron,57,0,184,#3900B8,18,0.78616835,0.21383165
pattern_4_heron,57,0,189,#3900BD,31,0.78540061,0.21459939
pattern_4_heron,57,0,192,#3900C0,1,0.78493996,0.21506004
pattern_4_heron,57,0,194,#3900C2,32,0.78463286,0.21536714
pattern_4_heron,57,0,195,#3900C3,14,0.78447932,0.21552068
pattern_4_heron,57,0,197,#3900C5,19,0.78417222,0.21582778
pattern_4_heron,57,0,198,#3900C6,3,0.78401867,0.21598133
pattern_4_heron,57,0,200,#3900C8,8,0.78371157,0.21628843
pattern_4_heron,57,0,203,#3900CB,23,0.78325093,0.21674907
pattern_4_heron,57,0,205,#3900CD,6,0.78294383,0.21705617
pattern_4_heron,57,0,206,#3900CE,8,0.78279029,0.21720971
pattern_4_heron,57,0,211,#3900D3,9,0.78202254,0.21797746
pattern_4_heron,57,0,214,#3900D6,5,0.7815619,0.2184381
pattern_4_heron,57,0,217,#3900D9,16,0.78110126,0.21889874
pattern_4_heron,57,0,219,#3900DB,10,0.78079416,0.21920584
pattern_4_heron,57,0,222,#3900DE,23,0.7803335,0.2196665
pattern_4_heron,57,0,228,#3900E4,5,0.77941221,0.22058779
pattern_4_heron,57,0,231,#3900E7,30,0.77895157,0.22104843
pattern_4_heron,57,0,234,#3900EA,1,0.77849093,0.22150907
pattern_4_heron,57,0,238,#3900EE,3,0.77787673,0.22212327
pattern_4_heron,57,0,239,#3900EF,12,0.77772318,0.22227682
pattern_4_heron,57,0,247,#3900F7,27,0.7764948,0.2235052
pattern_4_heron,57,0,255,#3900FF,112,0.77526641,0.22473359
pattern_4_heron,57,4,173,#3904AD,10,0.78791881,0.21208119
pattern_4_heron,57,4,189,#3904BD,10,0.78546202,0.21453798
pattern_4_heron,57,4,222,#3904DE,1,0.78039493,0.21960507
pattern_4_heron,57,4,239,#3904EF,8,0.7777846,0.2222154
pattern_4_heron,57,5,197,#3905C5,2,0.78424899,0.21575101
pattern_4_heron,57,5,206,#3905CE,3,0.78286706,0.21713294
pattern_4_heron,57,8,165,#3908A5,2,0.78920861,0.21079139
pattern_4_heron,57,8,195,#3908C3,2,0.78460215,0.21539785
pattern_4_heron,57,8,198,#3908C6,2,0.78414151,0.21585849
pattern_4_heron,57,10,200,#390AC8,1,0.78386512,0.21613488
pattern_4_heron,57,10,214,#390AD6,2,0.78171544,0.21828456
pattern_4_heron,57,12,189,#390CBD,6,0.78558487,0.21441513
pattern_4_heron,57,12,214,#390CD6,12,0.78174615,0.21825385
pattern_4_heron,57,16,192,#3910C0,2,0.78518564,0.21481436
pattern_4_heron,57,18,214,#3912D6,1,0.78183828,0.21816172
pattern_4_heron,57,24,214,#3918D6,1,0.78193042,0.21806958
pattern_4_heron,57,24,255,#3918FF,3,0.77563493,0.22436507
pattern_4_heron,57,32,194,#3920C2,2,0.78512423,0.21487577
pattern_4_heron,57,65,247,#3941F7,2,0.77749287,0.22250713
pattern_4_heron,57,67,230,#3943E6,7,0.78013389,0.21986611
pattern_4_heron,57,67,247,#3943F7,23,0.77752356,0.22247644
pattern_4_heron,57,69,247,#3945F7,5,0.77755427,0.22244573
pattern_4_heron,57,85,255,#3955FF,1,0.77657157,0.22342843
pattern_4_heron,60,0,161,#3C00A1,4,0.77795351,0.22204649
pattern_4_heron,60,0,164,#3C00A4,1,0.77749287,0.22250713
pattern_4_heron,60,0,165,#3C00A5,1,0.77733931,0.22266069
pattern_4_heron,60,0,167,#3C00A7,3,0.77703221,0.22296779
pattern_4_heron,60,0,176,#3C00B0,2,0.77565028,0.22434972
pattern_4_heron,60,0,178,#3C00B2,4,0.77534318,0.22465682
pattern_4_heron,60,0,186,#3C00BA,2,0.77411479,0.22588521
pattern_4_heron,60,0,187,#3C00BB,3,0.77396125,0.22603875
pattern_4_heron,60,0,192,#3C00C0,17,0.77319351,0.22680649
pattern_4_heron,60,0,197,#3C00C5,1,0.77242576,0.22757424
pattern_4_heron,60,0,200,#3C00C8,31,0.77196512,0.22803488
pattern_4_heron,60,0,203,#3C00CB,5,0.77150446,0.22849554
pattern_4_heron,60,0,205,#3C00CD,11,0.77119738,0.22880262
pattern_4_heron,60,0,208,#3C00D0,20,0.77073672,0.22926328
pattern_4_heron,60,0,211,#3C00D3,7,0.77027608,0.22972392
pattern_4_heron,60,0,214,#3C00D6,11,0.76981543,0.23018457
pattern_4_heron,60,0,217,#3C00D9,7,0.76935479,0.23064521
pattern_4_heron,60,0,219,#3C00DB,2,0.76904769,0.23095231
pattern_4_heron,60,0,220,#3C00DC,4,0.76889415,0.23110585
pattern_4_heron,60,0,225,#3C00E1,15,0.7681264,0.2318736
pattern_4_heron,60,0,228,#3C00E4,2,0.76766576,0.23233424
pattern_4_heron,60,0,230,#3C00E6,2,0.76735866,0.23264134
pattern_4_heron,60,0,233,#3C00E9,3,0.76689801,0.23310199
pattern_4_heron,60,0,249,#3C00F9,4,0.76444124,0.23555876
pattern_4_heron,60,0,252,#3C00FC,6,0.7639806,0.2360194
pattern_4_heron,60,0,255,#3C00FF,1,0.76351994,0.23648006
pattern_4_heron,60,2,214,#3C02D6,7,0.76984614,0.23015386
pattern_4_heron,60,8,205,#3C08CD,4,0.77132021,0.22867979
pattern_4_heron,60,13,175,#3C0DAF,2,0.77600344,0.22399656
pattern_4_heron,60,13,197,#3C0DC5,1,0.77262537,0.22737463
pattern_4_heron,60,13,233,#3C0DE9,1,0.76709762,0.23290238
pattern_4_heron,60,16,186,#3C10BA,3,0.77436046,0.22563954
pattern_4_heron,60,21,183,#3C15B7,1,0.77489789,0.22510211
pattern_4_heron,60,21,214,#3C15D6,1,0.77013789,0.22986211
pattern_4_heron,60,25,230,#3C19E6,1,0.76774253,0.23225747
pattern_4_heron,60,30,205,#3C1ECD,1,0.77165802,0.22834198
pattern_4_heron,60,35,236,#3C23EC,1,0.76697479,0.23302521
pattern_4_heron,60,40,189,#3C28BD,6,0.77426834,0.22573166
pattern_4_heron,60,52,184,#3C34B8,5,0.77522035,0.22477965
pattern_4_heron,60,52,244,#3C34F4,4,0.76600744,0.23399256
pattern_4_heron,60,75,211,#3C4BD3,2,0.77142769,0.22857231
pattern_4_heron,61,0,164,#3D00A4,2,0.77357738,0.22642262
pattern_4_heron,61,0,169,#3D00A9,1,0.77280962,0.22719038
pattern_4_heron,61,0,222,#3D00DE,2,0.76467156,0.23532844
pattern_4_heron,61,6,168,#3D06A8,2,0.77305532,0.22694468
pattern_4_heron,61,60,247,#3D3CF7,12,0.76175414,0.23824586
pattern_4_heron,62,0,167,#3E00A7,2,0.76920123,0.23079877
pattern_4_heron,62,0,170,#3E00AA,7,0.76874059,0.23125941
pattern_4_heron,62,0,172,#3E00AC,18,0.7684335,0.2315665
pattern_4_heron,62,0,178,#3E00B2,3,0.7675122,0.2324878
pattern_4_heron,62,0,184,#3E00B8,4,0.76659092,0.23340908
pattern_4_heron,62,0,189,#3E00BD,1,0.76582317,0.23417683
pattern_4_heron,62,0,206,#3E00CE,3,0.76321284,0.23678716
pattern_4_heron,62,0,211,#3E00D3,1,0.76244511,0.23755489
pattern_4_heron,63,0,170,#3F00AA,11,0.76482511,0.23517489
pattern_4_heron,63,0,172,#3F00AC,7,0.76451801,0.23548199
pattern_4_heron,63,0,183,#3F00B7,8,0.76282898,0.23717102
pattern_4_heron,63,0,189,#3F00BD,5,0.76190768,0.23809232
pattern_4_heron,63,0,192,#3F00C0,2,0.76144704,0.23855296
pattern_4_heron,63,0,194,#3F00C2,2,0.76113994,0.23886006
pattern_4_heron,63,0,195,#3F00C3,8,0.7609864,0.2390136
pattern_4_heron,63,0,197,#3F00C5,4,0.7606793,0.2393207
pattern_4_heron,63,0,200,#3F00C8,10,0.76021865,0.23978135
pattern_4_heron,63,0,203,#3F00CB,8,0.75975801,0.24024199
pattern_4_heron,63,0,205,#3F00CD,8,0.75945091,0.24054909
pattern_4_heron,63,0,211,#3F00D3,19,0.75852962,0.24147038
pattern_4_heron,63,0,214,#3F00D6,4,0.75806898,0.24193102
pattern_4_heron,63,0,217,#3F00D9,3,0.75760832,0.24239168
pattern_4_heron,63,0,219,#3F00DB,2,0.75730123,0.24269877
pattern_4_heron,63,0,222,#3F00DE,3,0.75684059,0.24315941
pattern_4_heron,63,0,227,#3F00E3,5,0.75607285,0.24392715
pattern_4_heron,63,0,233,#3F00E9,16,0.75515155,0.24484845
pattern_4_heron,63,0,236,#3F00EC,1,0.7546909,0.2453091
pattern_4_heron,63,0,238,#3F00EE,5,0.7543838,0.2456162
pattern_4_heron,63,0,241,#3F00F1,4,0.75392316,0.24607684
pattern_4_heron,63,0,247,#3F00F7,8,0.75300187,0.24699813
pattern_4_heron,63,1,165,#3F01A5,1,0.76560821,0.23439179
pattern_4_heron,63,1,233,#3F01E9,48,0.7551669,0.2448331
pattern_4_heron,63,5,255,#3F05FF,3,0.75185026,0.24814974
pattern_4_heron,63,9,214,#3F09D6,3,0.75820717,0.24179283
pattern_4_heron,63,10,162,#3F0AA2,1,0.76620704,0.23379296
pattern_4_heron,63,13,217,#3F0DD9,1,0.75780794,0.24219206
pattern_4_heron,63,13,230,#3F0DE6,3,0.75581181,0.24418819
pattern_4_heron,63,16,220,#3F10DC,3,0.75739336,0.24260664
pattern_4_heron,63,20,222,#3F14DE,1,0.75714768,0.24285232
pattern_4_heron,63,24,192,#3F18C0,5,0.76181556,0.23818444
pattern_4_heron,63,25,211,#3F19D3,3,0.75891349,0.24108651
pattern_4_heron,63,82,222,#3F52DE,3,0.75809969,0.24190031
pattern_4_heron,63,83,241,#3F53F1,7,0.75519761,0.24480239
pattern_4_heron,65,0,172,#4100AC,6,0.75668703,0.24331297
pattern_4_heron,65,0,192,#4100C0,1,0.75361606,0.24638394
pattern_4_heron,65,0,193,#4100C1,3,0.75346252,0.24653748
pattern_4_heron,65,0,195,#4100C3,3,0.75315543,0.24684457
pattern_4_heron,65,0,197,#4100C5,3,0.75284833,0.24715167
pattern_4_heron,65,0,203,#4100CB,3,0.75192703,0.24807297
pattern_4_heron,65,0,208,#4100D0,2,0.7511593,0.2488407
pattern_4_heron,65,0,214,#4100D6,3,0.750238,0.249762
pattern_4_heron,65,0,225,#4100E1,6,0.74854895,0.25145105
pattern_4_heron,65,0,236,#4100EC,1,0.74685994,0.25314006
pattern_4_heron,65,0,249,#4100F9,24,0.74486381,0.25513619
pattern_4_heron,65,0,252,#4100FC,6,0.74440315,0.25559685
pattern_4_heron,65,26,197,#411AC5,2,0.75324754,0.24675246
pattern_4_heron,65,77,219,#414DDB,1,0.75065258,0.24934742
pattern_4_heron,66,0,165,#4200A5,19,0.75384639,0.24615361
pattern_4_heron,66,0,170,#4200AA,1,0.75307865,0.24692135
pattern_4_heron,66,0,173,#4200AD,31,0.752618,0.247382
pattern_4_heron,66,0,176,#4200B0,2,0.75215736,0.24784264
pattern_4_heron,66,0,181,#4200B5,2,0.75138961,0.24861039
pattern_4_heron,66,0,183,#4200B7,1,0.75108251,0.24891749
pattern_4_heron,66,0,186,#4200BA,4,0.75062187,0.24937813
pattern_4_heron,66,0,187,#4200BB,2,0.75046833,0.24953167
pattern_4_heron,66,0,189,#4200BD,1,0.75016123,0.24983877
pattern_4_heron,66,0,197,#4200C5,3,0.74893284,0.25106716
pattern_4_heron,66,0,198,#4200C6,8,0.7487793,0.2512207
pattern_4_heron,66,0,201,#4200C9,1,0.74831864,0.25168136
pattern_4_heron,66,0,203,#4200CB,7,0.74801156,0.25198844
pattern_4_heron,66,0,205,#4200CD,1,0.74770445,0.25229555
pattern_4_heron,66,0,206,#4200CE,14,0.7475509,0.2524491
pattern_4_heron,66,0,208,#4200D0,12,0.74724379,0.25275621
pattern_4_heron,66,0,214,#4200D6,15,0.74632251,0.25367749
pattern_4_heron,66,0,222,#4200DE,5,0.74509412,0.25490588
pattern_4_heron,66,0,225,#4200E1,8,0.74463347,0.25536653
pattern_4_heron,66,0,227,#4200E3,1,0.74432638,0.25567362
pattern_4_heron,66,0,230,#4200E6,3,0.74386573,0.25613427
pattern_4_heron,66,0,231,#4200E7,15,0.74371219,0.25628781
pattern_4_heron,66,0,233,#4200E9,9,0.7434051,0.2565949
pattern_4_heron,66,0,236,#4200EC,17,0.74294445,0.25705555
pattern_4_heron,66,0,238,#4200EE,3,0.74263734,0.25736266
pattern_4_heron,66,0,239,#4200EF,13,0.74248379,0.25751621
pattern_4_heron,66,0,247,#4200F7,56,0.7412554,0.2587446
pattern_4_heron,66,0,249,#4200F9,3,0.74094832,0.25905168
pattern_4_heron,66,0,255,#4200FF,68,0.74002701,0.25997299
pattern_4_heron,66,1,206,#4201CE,9,0.74756625,0.25243375
pattern_4_heron,66,4,165,#4204A5,3,0.75390781,0.24609219
pattern_4_heron,66,4,173,#4204AD,9,0.75267942,0.24732058
pattern_4_heron,66,4,239,#4204EF,1,0.74254522,0.25745478
pattern_4_heron,66,4,255,#4204FF,4,0.74008843,0.25991157
pattern_4_heron,66,8,173,#4208AD,7,0.75274085,0.24725915
pattern_4_heron,66,10,178,#420AB2,2,0.7520038,0.2479962
pattern_4_heron,66,12,255,#420CFF,8,0.74021128,0.25978872
pattern_4_heron,66,16,255,#4210FF,8,0.7402727,0.2597273
pattern_4_heron,66,18,222,#4212DE,2,0.74537051,0.25462949
pattern_4_heron,66,20,189,#4214BD,3,0.75046833,0.24953167
pattern_4_heron,66,20,206,#4214CE,2,0.74785799,0.25214201
pattern_4_heron,66,26,192,#421AC0,1,0.75009981,0.24990019
pattern_4_heron,66,26,206,#421ACE,1,0.74795014,0.25204986
pattern_4_heron,66,32,194,#4220C2,2,0.74988484,0.25011516
pattern_4_heron,66,36,239,#4224EF,1,0.74303657,0.25696343
pattern_4_heron,66,52,206,#4234CE,13,0.74834934,0.25165066
pattern_4_heron,66,60,255,#423CFF,2,0.74094832,0.25905168
pattern_4_heron,66,73,206,#4249CE,23,0.7486718,0.2513282
pattern_4_heron,66,75,205,#424BCD,5,0.74885607,0.25114393
pattern_4_heron,66,83,244,#4253F4,5,0.74299052,0.25700948
pattern_4_heron,68,0,165,#4400A5,4,0.74601543,0.25398457
pattern_4_heron,68,0,167,#4400A7,5,0.74570832,0.25429168
pattern_4_heron,68,0,178,#4400B2,3,0.7440193,0.2559807
pattern_4_heron,68,0,183,#4400B7,4,0.74325153,0.25674847
pattern_4_heron,68,0,184,#4400B8,4,0.74309799,0.25690201
pattern_4_heron,68,0,194,#4400C2,11,0.74156252,0.25843748
pattern_4_heron,68,0,195,#4400C3,5,0.74140897,0.25859103
pattern_4_heron,68,0,200,#4400C8,4,0.74064121,0.25935879
pattern_4_heron,68,0,206,#4400CE,42,0.73971993,0.26028007
pattern_4_heron,68,0,211,#4400D3,1,0.73895219,0.26104781
pattern_4_heron,68,0,214,#4400D6,3,0.73849154,0.26150846
pattern_4_heron,68,0,216,#4400D8,6,0.73818445,0.26181555
pattern_4_heron,68,0,217,#4400D9,1,0.73803088,0.26196912
pattern_4_heron,68,0,219,#4400DB,3,0.7377238,0.2622762
pattern_4_heron,68,0,222,#4400DE,14,0.73726314,0.26273686
pattern_4_heron,68,0,225,#4400E1,7,0.73680252,0.26319748
pattern_4_heron,68,0,227,#4400E3,5,0.73649541,0.26350459
pattern_4_heron,68,0,228,#4400E4,5,0.73634186,0.26365814
pattern_4_heron,68,0,233,#4400E9,3,0.73557413,0.26442587
pattern_4_heron,68,0,238,#4400EE,4,0.73480639,0.26519361
pattern_4_heron,68,0,241,#4400F1,9,0.73434573,0.26565427
pattern_4_heron,68,8,219,#4408DB,2,0.73784664,0.26215336
pattern_4_heron,68,8,228,#4408E4,1,0.73646471,0.26353529
pattern_4_heron,68,10,206,#440ACE,2,0.73987347,0.26012653
pattern_4_heron,68,13,219,#440DDB,2,0.73792341,0.26207659
pattern_4_heron,68,26,170,#441AAA,1,0.74564689,0.25435311
pattern_4_heron,68,30,170,#441EAA,2,0.74570832,0.25429168
pattern_4_heron,68,46,184,#442EB8,1,0.74380431,0.25619569
pattern_4_heron,68,46,238,#442EEE,2,0.7355127,0.2644873
pattern_4_heron,68,67,211,#4443D3,6,0.73998097,0.26001903
pattern_4_heron,68,67,219,#4443DB,4,0.73875257,0.26124743
pattern_4_heron,70,0,177,#4600B1,1,0.73634186,0.26365814
pattern_4_heron,70,0,210,#4600D2,2,0.73127475,0.26872525
pattern_4_heron,70,30,177,#461EB1,1,0.73680252,0.26319748
pattern_4_heron,70,56,185,#4638B9,1,0.73597336,0.26402664
pattern_4_heron,71,0,162,#4700A2,4,0.73472959,0.26527041
pattern_4_heron,71,0,164,#4700A4,2,0.7344225,0.2655775
pattern_4_heron,71,0,167,#4700A7,7,0.73396185,0.26603815
pattern_4_heron,71,0,170,#4700AA,5,0.73350123,0.26649877
pattern_4_heron,71,0,175,#4700AF,5,0.73273346,0.26726654
pattern_4_heron,71,0,178,#4700B2,1,0.73227283,0.26772717
pattern_4_heron,71,0,197,#4700C5,5,0.72935539,0.27064461
pattern_4_heron,71,0,209,#4700D1,3,0.72751281,0.27248719
pattern_4_heron,71,0,211,#4700D3,1,0.72720572,0.27279428
pattern_4_heron,71,0,214,#4700D6,4,0.72674507,0.27325493
pattern_4_heron,71,0,216,#4700D8,4,0.72643799,0.27356201
pattern_4_heron,71,0,219,#4700DB,15,0.72597733,0.27402267
pattern_4_heron,71,0,222,#4700DE,1,0.72551668,0.27448332
pattern_4_heron,71,0,225,#4700E1,17,0.72505605,0.27494395
pattern_4_heron,71,0,228,#4700E4,6,0.7245954,0.2754046
pattern_4_heron,71,0,230,#4700E6,18,0.72428831,0.27571169
pattern_4_heron,71,0,236,#4700EC,6,0.72336701,0.27663299
pattern_4_heron,71,0,238,#4700EE,2,0.72305992,0.27694008
pattern_4_heron,71,0,241,#4700F1,1,0.72259927,0.27740073
pattern_4_heron,71,0,244,#4700F4,8,0.72213861,0.27786139
pattern_4_heron,71,2,184,#4702B8,1,0.73138225,0.26861775
pattern_4_heron,71,5,208,#4705D0,1,0.72774315,0.27225685
pattern_4_heron,71,5,238,#4705EE,1,0.72313669,0.27686331
pattern_4_heron,71,8,228,#4708E4,1,0.72471824,0.27528176
pattern_4_heron,71,10,206,#470ACE,1,0.728127,0.271873
pattern_4_heron,71,10,222,#470ADE,1,0.72567025,0.27432975
pattern_4_heron,71,10,225,#470AE1,1,0.72520959,0.27479041
pattern_4_heron,71,13,183,#470DB7,3,0.73170468,0.26829532
pattern_4_heron,71,16,233,#4710E9,1,0.72407332,0.27592668
pattern_4_heron,71,18,227,#4712E3,1,0.72502533,0.27497467
pattern_4_heron,71,22,186,#4716BA,1,0.73138225,0.26861775
pattern_4_heron,71,29,198,#471DC6,1,0.72964716,0.27035284
pattern_4_heron,71,34,236,#4722EC,2,0.72388908,0.27611092
pattern_4_heron,71,52,186,#4734BA,5,0.73184288,0.26815712
pattern_4_heron,71,52,192,#4734C0,11,0.7309216,0.2690784
pattern_4_heron,71,58,192,#473AC0,2,0.73101372,0.26898628
pattern_4_heron,73,0,205,#4900CD,3,0.72029606,0.27970394
pattern_4_heron,73,0,208,#4900D0,7,0.7198354,0.2801646
pattern_4_heron,73,0,217,#4900D9,1,0.71845347,0.28154653
pattern_4_heron,73,0,227,#4900E3,6,0.71691796,0.28308204
pattern_4_heron,73,45,186,#492DBA,2,0.72390443,0.27609557
pattern_4_heron,74,0,164,#4A00A4,2,0.72267604,0.27732396
pattern_4_heron,74,0,165,#4A00A5,31,0.7225225,0.2774775
pattern_4_heron,74,0,167,#4A00A7,3,0.72221538,0.27778462
pattern_4_heron,74,0,173,#4A00AD,10,0.72129411,0.27870589
pattern_4_heron,74,0,177,#4A00B1,22,0.72067991,0.27932009
pattern_4_heron,74,0,178,#4A00B2,1,0.72052637,0.27947363
pattern_4_heron,74,0,181,#4A00B5,3,0.72006571,0.27993429
pattern_4_heron,74,0,189,#4A00BD,7,0.71883732,0.28116268
pattern_4_heron,74,0,192,#4A00C0,4,0.7183767,0.2816233
pattern_4_heron,74,0,198,#4A00C6,9,0.71745539,0.28254461
pattern_4_heron,74,0,206,#4A00CE,6,0.71622699,0.28377301
pattern_4_heron,74,0,214,#4A00D6,22,0.71499863,0.28500137
pattern_4_heron,74,0,216,#4A00D8,5,0.71469152,0.28530848
pattern_4_heron,74,0,219,#4A00DB,8,0.71423087,0.28576913
pattern_4_heron,74,0,222,#4A00DE,22,0.71377024,0.28622976
pattern_4_heron,74,0,225,#4A00E1,1,0.71330959,0.28669041
pattern_4_heron,74,0,226,#4A00E2,1,0.71315604,0.28684396
pattern_4_heron,74,0,227,#4A00E3,2,0.71300247,0.28699753
pattern_4_heron,74,0,228,#4A00E4,16,0.71284893,0.28715107
pattern_4_heron,74,0,231,#4A00E7,1,0.71238831,0.28761169
pattern_4_heron,74,0,233,#4A00E9,9,0.71208119,0.28791881
pattern_4_heron,74,0,235,#4A00EB,2,0.71177411,0.28822589
pattern_4_heron,74,0,236,#4A00EC,19,0.71162054,0.28837946
pattern_4_heron,74,0,239,#4A00EF,2,0.71115991,0.28884009
pattern_4_heron,74,0,241,#4A00F1,4,0.7108528,0.2891472
pattern_4_heron,74,0,247,#4A00F7,71,0.70993152,0.29006848
pattern_4_heron,74,0,252,#4A00FC,1,0.70916378,0.29083622
pattern_4_heron,74,0,255,#4A00FF,36,0.70870313,0.29129687
pattern_4_heron,74,4,214,#4A04D6,33,0.71506003,0.28493997
pattern_4_heron,74,4,222,#4A04DE,7,0.71383166,0.28616834
pattern_4_heron,74,4,231,#4A04E7,6,0.7124497,0.2875503
pattern_4_heron,74,4,244,#4A04F4,1,0.71045357,0.28954643
pattern_4_heron,74,6,228,#4A06E4,1,0.71294108,0.28705892
pattern_4_heron,74,8,206,#4A08CE,7,0.71634984,0.28365016
pattern_4_heron,74,8,239,#4A08EF,6,0.71128273,0.28871727
pattern_4_heron,74,10,177,#4A0AB1,2,0.72083345,0.27916655
pattern_4_heron,74,10,233,#4A0AE9,3,0.71223474,0.28776526
pattern_4_heron,74,12,198,#4A0CC6,1,0.71763965,0.28236035
pattern_4_heron,74,14,177,#4A0EB1,1,0.72089487,0.27910513
pattern_4_heron,74,16,185,#4A10B9,2,0.71969721,0.28030279
pattern_4_heron,74,16,189,#4A10BD,11,0.71908301,0.28091699
pattern_4_heron,74,17,230,#4A11E6,1,0.71280289,0.28719711
pattern_4_heron,74,20,181,#4A14B5,2,0.72037283,0.27962717
pattern_4_heron,74,22,177,#4A16B1,1,0.72101772,0.27898228
pattern_4_heron,74,27,189,#4A1BBD,14,0.7192519,0.2807481
pattern_4_heron,74,28,173,#4A1CAD,9,0.72172403,0.27827597
pattern_4_heron,74,29,252,#4A1DFC,1,0.70960906,0.29039094
pattern_4_heron,74,39,192,#4A27C0,1,0.71897551,0.28102449
pattern_4_heron,74,40,206,#4A28CE,8,0.71684119,0.28315881
pattern_4_heron,74,40,222,#4A28DE,2,0.71438444,0.28561556
pattern_4_heron,74,60,193,#4A3CC1,4,0.71914443,0.28085557
pattern_4_heron,74,67,193,#4A43C1,5,0.7192519,0.2807481
pattern_4_heron,76,0,164,#4C00A4,1,0.71484506,0.28515494
pattern_4_heron,76,0,170,#4C00AA,3,0.71392378,0.28607622
pattern_4_heron,76,0,175,#4C00AF,6,0.71315604,0.28684396
pattern_4_heron,76,0,178,#4C00B2,1,0.71269539,0.28730461
pattern_4_heron,76,0,181,#4C00B5,5,0.71223474,0.28776526
pattern_4_heron,76,0,186,#4C00BA,1,0.711467,0.288533
pattern_4_heron,76,0,189,#4C00BD,1,0.71100634,0.28899366
pattern_4_heron,76,0,197,#4C00C5,1,0.70977798,0.29022202
pattern_4_heron,76,0,203,#4C00CB,1,0.70885667,0.29114333
pattern_4_heron,76,0,208,#4C00D0,1,0.70808893,0.29191107
pattern_4_heron,76,0,211,#4C00D3,1,0.70762828,0.29237172
pattern_4_heron,76,0,214,#4C00D6,1,0.70716766,0.29283234
pattern_4_heron,76,0,216,#4C00D8,6,0.70686054,0.29313946
pattern_4_heron,76,0,219,#4C00DB,4,0.70639989,0.29360011
pattern_4_heron,76,0,222,#4C00DE,26,0.70593926,0.29406074
pattern_4_heron,76,0,228,#4C00E4,1,0.70501795,0.29498205
pattern_4_heron,76,0,241,#4C00F1,2,0.70302182,0.29697818
pattern_4_heron,76,0,249,#4C00F9,1,0.70179343,0.29820657
pattern_4_heron,76,5,197,#4C05C5,1,0.70985475,0.29014525
pattern_4_heron,76,40,189,#4C28BD,1,0.71162054,0.28837946
pattern_4_heron,77,0,170,#4D00AA,2,0.71000829,0.28999171
pattern_4_heron,77,0,181,#4D00B5,13,0.70831925,0.29168075
pattern_4_heron,77,0,192,#4D00C0,4,0.70663023,0.29336977
pattern_4_heron,77,0,209,#4D00D1,3,0.7040199,0.2959801
pattern_4_heron,77,0,219,#4D00DB,2,0.70248443,0.29751557
pattern_4_heron,77,0,227,#4D00E3,1,0.70125604,0.29874396
pattern_4_heron,77,0,231,#4D00E7,27,0.70064184,0.29935816
pattern_4_heron,77,0,238,#4D00EE,17,0.69956699,0.30043301
pattern_4_heron,77,0,241,#4D00F1,8,0.69910634,0.30089366
pattern_4_heron,77,0,247,#4D00F7,25,0.69818506,0.30181494
pattern_4_heron,77,0,249,#4D00F9,6,0.69787797,0.30212203
pattern_4_heron,77,0,255,#4D00FF,1,0.69695666,0.30304334
pattern_4_heron,77,10,233,#4D0AE9,2,0.7004883,0.2995117
pattern_4_heron,77,10,236,#4D0AEC,1,0.70002764,0.29997236
pattern_4_heron,77,46,236,#4D2EEC,1,0.70058042,0.29941958
pattern_4_heron,78,0,160,#4E00A0,2,0.70762828,0.29237172
pattern_4_heron,78,0,172,#4E00AC,1,0.70578572,0.29421428
pattern_4_heron,78,0,177,#4E00B1,3,0.70501795,0.29498205
pattern_4_heron,78,0,181,#4E00B5,3,0.70440376,0.29559624
pattern_4_heron,78,0,189,#4E00BD,4,0.7031754,0.2968246
pattern_4_heron,78,0,193,#4E00C1,8,0.7025612,0.2974388
pattern_4_heron,78,0,197,#4E00C5,2,0.701947,0.298053
pattern_4_heron,78,0,205,#4E00CD,3,0.70071861,0.29928139
pattern_4_heron,78,6,197,#4E06C5,1,0.70203912,0.29796088
pattern_4_heron,78,18,169,#4E12A9,2,0.70652273,0.29347727
pattern_4_heron,78,77,222,#4E4DDE,6,0.6992906,0.3007094
pattern_4_heron,78,81,230,#4E51E6,11,0.69812363,0.30187637
pattern_4_heron,79,0,161,#4F00A1,3,0.70355925,0.29644075
pattern_4_heron,79,0,162,#4F00A2,6,0.70340571,0.29659429
pattern_4_heron,79,0,164,#4F00A4,4,0.7030986,0.2969014
pattern_4_heron,79,0,167,#4F00A7,2,0.70263797,0.29736203
pattern_4_heron,79,0,170,#4F00AA,6,0.70217732,0.29782268
pattern_4_heron,79,0,173,#4F00AD,2,0.70171666,0.29828334
pattern_4_heron,79,0,181,#4F00B5,2,0.7004883,0.2995117
pattern_4_heron,79,0,189,#4F00BD,1,0.69925991,0.30074009
pattern_4_heron,79,0,200,#4F00C8,2,0.69757086,0.30242914
pattern_4_heron,79,0,205,#4F00CD,2,0.69680312,0.30319688
pattern_4_heron,79,0,211,#4F00D3,7,0.69588184,0.30411816
pattern_4_heron,79,0,222,#4F00DE,3,0.6941928,0.3058072
pattern_4_heron,79,0,227,#4F00E3,4,0.69342506,0.30657494
pattern_4_heron,79,0,228,#4F00E4,3,0.69327152,0.30672848
pattern_4_heron,79,0,233,#4F00E9,11,0.69250375,0.30749625
pattern_4_heron,79,0,236,#4F00EC,7,0.69204313,0.30795687
pattern_4_heron,79,0,238,#4F00EE,4,0.69173601,0.30826399
pattern_4_heron,79,0,239,#4F00EF,5,0.69158247,0.30841753
pattern_4_heron,79,0,244,#4F00F4,19,0.69081473,0.30918527
pattern_4_heron,79,0,249,#4F00F9,36,0.690047,0.309953
pattern_4_heron,79,0,252,#4F00FC,3,0.68958634,0.31041366
pattern_4_heron,79,0,255,#4F00FF,2,0.68912569,0.31087431
pattern_4_heron,79,2,249,#4F02F9,1,0.69007769,0.30992231
pattern_4_heron,79,4,183,#4F04B7,3,0.70024261,0.29975739
pattern_4_heron,79,5,241,#4F05F1,1,0.69135216,0.30864784
pattern_4_heron,79,10,167,#4F0AA7,3,0.70279151,0.29720849
pattern_4_heron,79,10,216,#4F0AD8,2,0.69526765,0.30473235
pattern_4_heron,79,13,217,#4F0DD9,1,0.69516015,0.30483985
pattern_4_heron,79,18,247,#4F12F7,1,0.69063047,0.30936953
pattern_4_heron,79,24,167,#4F18A7,1,0.70300648,0.29699352
pattern_4_heron,79,24,233,#4F18E9,1,0.69287229,0.30712771
pattern_4_heron,79,24,249,#4F18F9,2,0.6904155,0.3095845
pattern_4_heron,79,29,197,#4F1DC5,2,0.69847679,0.30152321
pattern_4_heron,79,32,255,#4F20FF,1,0.68961704,0.31038296
pattern_4_heron,79,58,189,#4F3ABD,3,0.70015049,0.29984951
pattern_4_heron,79,83,239,#4F53EF,2,0.69285694,0.30714306
pattern_4_heron,82,0,162,#5200A2,2,0.69165924,0.30834076
pattern_4_heron,82,0,164,#5200A4,8,0.69135216,0.30864784
pattern_4_heron,82,0,165,#5200A5,2,0.69119859,0.30880141
pattern_4_heron,82,0,167,#5200A7,5,0.6908915,0.3091085
pattern_4_heron,82,0,172,#5200AC,1,0.69012377,0.30987623
pattern_4_heron,82,0,181,#5200B5,21,0.68874183,0.31125817
pattern_4_heron,82,0,183,#5200B7,7,0.68843472,0.31156528
pattern_4_heron,82,0,185,#5200B9,4,0.68812764,0.31187236
pattern_4_heron,82,0,186,#5200BA,2,0.6879741,0.3120259
pattern_4_heron,82,0,189,#5200BD,13,0.68751344,0.31248656
pattern_4_heron,82,0,198,#5200C6,7,0.68613151,0.31386849
pattern_4_heron,82,0,201,#5200C9,2,0.68567085,0.31432915
pattern_4_heron,82,0,202,#5200CA,1,0.68551731,0.31448269
pattern_4_heron,82,0,203,#5200CB,3,0.68536377,0.31463623
pattern_4_heron,82,0,205,#5200CD,1,0.68505666,0.31494334
pattern_4_heron,82,0,206,#5200CE,1,0.68490312,0.31509688
pattern_4_heron,82,0,208,#5200D0,1,0.684596,0.315404
pattern_4_heron,82,0,214,#5200D6,10,0.68367472,0.31632528
pattern_4_heron,82,0,216,#5200D8,4,0.68336764,0.31663236
pattern_4_heron,82,0,217,#5200D9,1,0.68321407,0.31678593
pattern_4_heron,82,0,222,#5200DE,8,0.68244633,0.31755367
pattern_4_heron,82,0,225,#5200E1,4,0.68198568,0.31801432
pattern_4_heron,82,0,227,#5200E3,2,0.68167859,0.31832141
pattern_4_heron,82,0,231,#5200E7,13,0.6810644,0.3189356
pattern_4_heron,82,0,233,#5200E9,1,0.68075731,0.31924269
pattern_4_heron,82,0,236,#5200EC,1,0.68029666,0.31970334
pattern_4_heron,82,0,239,#5200EF,8,0.679836,0.320164
pattern_4_heron,82,0,241,#5200F1,3,0.67952892,0.32047108
pattern_4_heron,82,0,244,#5200F4,4,0.67906827,0.32093173
pattern_4_heron,82,0,247,#5200F7,58,0.67860761,0.32139239
pattern_4_heron,82,0,249,#5200F9,2,0.67830053,0.32169947
pattern_4_heron,82,0,252,#5200FC,26,0.67783988,0.32216012
pattern_4_heron,82,0,255,#5200FF,66,0.67737922,0.32262078
pattern_4_heron,82,1,241,#5201F1,1,0.67954427,0.32045573
pattern_4_heron,82,4,206,#5204CE,5,0.68496454,0.31503546
pattern_4_heron,82,4,214,#5204D6,9,0.68373615,0.31626385
pattern_4_heron,82,4,255,#5204FF,6,0.67744064,0.32255936
pattern_4_heron,82,6,186,#5206BA,6,0.68806621,0.31193379
pattern_4_heron,82,8,181,#5208B5,6,0.68886465,0.31113535
pattern_4_heron,82,8,185,#5208B9,2,0.68825048,0.31174952
pattern_4_heron,82,12,206,#520CCE,2,0.68508738,0.31491262
pattern_4_heron,82,13,192,#520DC0,5,0.6872524,0.3127476
pattern_4_heron,82,16,222,#5210DE,4,0.68269202,0.31730798
pattern_4_heron,82,16,255,#5210FF,1,0.67762491,0.32237509
pattern_4_heron,82,21,252,#5215FC,2,0.67816234,0.32183766
pattern_4_heron,82,24,247,#5218F7,3,0.67897615,0.32102385
pattern_4_heron,82,26,247,#521AF7,1,0.67900684,0.32099316
pattern_4_heron,82,32,249,#5220F9,1,0.67879188,0.32120812
pattern_4_heron,82,46,255,#522EFF,3,0.67808557,0.32191443
pattern_4_heron,82,48,189,#5230BD,5,0.68825048,0.31174952
pattern_4_heron,82,58,203,#523ACB,6,0.68625435,0.31374565
pattern_4_heron,82,58,206,#523ACE,5,0.6857937,0.3142063
pattern_4_heron,82,58,238,#523AEE,5,0.68088013,0.31911987
pattern_4_heron,82,65,206,#5241CE,23,0.68590117,0.31409883
pattern_4_heron,82,70,222,#5246DE,2,0.68352118,0.31647882
pattern_4_heron,82,70,238,#5246EE,4,0.6810644,0.3189356
pattern_4_heron,82,77,210,#524DD2,6,0.68547124,0.31452876
pattern_4_heron,82,82,233,#5252E9,2,0.6820164,0.3179836
pattern_4_heron,82,87,247,#5257F7,1,0.6799435,0.3200565
pattern_4_heron,84,0,189,#5400BD,1,0.67968246,0.32031754
pattern_4_heron,84,0,200,#5400C8,2,0.67799342,0.32200658
pattern_4_heron,84,0,211,#5400D3,1,0.6763044,0.3236956
pattern_4_heron,84,0,236,#5400EC,2,0.67246568,0.32753432
pattern_4_heron,84,0,238,#5400EE,2,0.6721586,0.3278414
pattern_4_heron,84,9,216,#5409D8,1,0.67567486,0.32432514
pattern_4_heron,84,17,241,#5411F1,5,0.67195898,0.32804102
pattern_4_heron,84,60,206,#543CCE,2,0.67799342,0.32200658
pattern_4_heron,85,0,162,#5500A2,1,0.67991278,0.32008722
pattern_4_heron,85,0,165,#5500A5,7,0.67945215,0.32054785
pattern_4_heron,85,0,167,#5500A7,7,0.67914504,0.32085496
pattern_4_heron,85,0,170,#5500AA,10,0.67868438,0.32131562
pattern_4_heron,85,0,172,#5500AC,2,0.6783773,0.3216227
pattern_4_heron,85,0,175,#5500AF,10,0.67791665,0.32208335
pattern_4_heron,85,0,178,#5500B2,2,0.67745602,0.32254398
pattern_4_heron,85,0,181,#5500B5,6,0.67699537,0.32300463
pattern_4_heron,85,0,183,#5500B7,2,0.67668825,0.32331175
pattern_4_heron,85,0,184,#5500B8,6,0.67653471,0.32346529
pattern_4_heron,85,0,186,#5500BA,8,0.67622763,0.32377237
pattern_4_heron,85,0,192,#5500C0,6,0.67530632,0.32469368
pattern_4_heron,85,0,195,#5500C3,1,0.6748457,0.3251543
pattern_4_heron,85,0,197,#5500C5,2,0.67453858,0.32546142
pattern_4_heron,85,0,200,#5500C8,5,0.67407793,0.32592207
pattern_4_heron,85,0,203,#5500CB,1,0.6736173,0.3263827
pattern_4_heron,85,0,208,#5500D0,2,0.67284957,0.32715043
pattern_4_heron,85,0,214,#5500D6,2,0.67192826,0.32807174
pattern_4_heron,85,0,222,#5500DE,12,0.67069986,0.32930014
pattern_4_heron,85,0,225,#5500E1,2,0.67023924,0.32976076
pattern_4_heron,85,0,227,#5500E3,1,0.66993213,0.33006787
pattern_4_heron,85,0,233,#5500E9,1,0.66901085,0.33098915
pattern_4_heron,85,0,241,#5500F1,1,0.66778246,0.33221754
pattern_4_heron,85,0,247,#5500F7,6,0.66686115,0.33313885
pattern_4_heron,85,0,255,#5500FF,21,0.66563278,0.33436722
pattern_4_heron,85,13,249,#550DF9,5,0.66675368,0.33324632
pattern_4_heron,86,0,181,#5600B5,1,0.67307988,0.32692012
pattern_4_heron,86,0,185,#5600B9,1,0.67246568,0.32753432
pattern_4_heron,86,0,193,#5600C1,6,0.67123729,0.32876271
pattern_4_heron,86,0,198,#5600C6,5,0.67046955,0.32953045
pattern_4_heron,86,0,206,#5600CE,4,0.66924116,0.33075884
pattern_4_heron,86,0,226,#5600E2,2,0.66617018,0.33382982
pattern_4_heron,86,0,235,#5600EB,1,0.66478825,0.33521175
pattern_4_heron,86,6,197,#5606C5,2,0.67071524,0.32928476
pattern_4_heron,87,0,164,#5700A4,6,0.67177472,0.32822528
pattern_4_heron,87,0,170,#5700AA,4,0.67085344,0.32914656
pattern_4_heron,87,0,172,#5700AC,5,0.67054632,0.32945368
pattern_4_heron,87,0,186,#5700BA,2,0.66839665,0.33160335
pattern_4_heron,87,0,197,#5700C5,1,0.66670761,0.33329239
pattern_4_heron,87,0,225,#5700E1,4,0.66240826,0.33759174
pattern_4_heron,87,0,241,#5700F1,1,0.65995148,0.34004852
pattern_4_heron,87,10,161,#570AA1,2,0.67238891,0.32761109
pattern_4_heron,87,24,175,#5718AF,3,0.6704542,0.3295458
pattern_4_heron,87,48,203,#5730CB,1,0.66652337,0.33347663
pattern_4_heron,88,0,211,#5800D3,4,0.66064245,0.33935755
pattern_4_heron,88,0,239,#5800EF,14,0.6563431,0.3436569
pattern_4_heron,88,0,247,#5800F7,2,0.65511471,0.34488529
pattern_4_heron,88,2,162,#5802A2,1,0.66819704,0.33180296
pattern_4_heron,88,2,178,#5802B2,1,0.66574025,0.33425975
pattern_4_heron,88,2,236,#5802EC,1,0.65683445,0.34316555
pattern_4_heron,88,65,228,#5841E4,6,0.6590302,0.3409698
pattern_4_heron,88,69,241,#5845F1,7,0.65709546,0.34290454
pattern_4_heron,88,70,197,#5846C5,2,0.66386697,0.33613303
pattern_4_heron,88,74,200,#584AC8,5,0.66346774,0.33653226
pattern_4_heron,90,0,162,#5A00A2,3,0.66033536,0.33966464
pattern_4_heron,90,0,164,#5A00A4,4,0.66002825,0.33997175
pattern_4_heron,90,0,165,#5A00A5,2,0.65987471,0.34012529
pattern_4_heron,90,0,167,#5A00A7,5,0.65956759,0.34043241
pattern_4_heron,90,0,170,#5A00AA,12,0.65910697,0.34089303
pattern_4_heron,90,0,172,#5A00AC,43,0.65879986,0.34120014
pattern_4_heron,90,0,173,#5A00AD,15,0.65864632,0.34135368
pattern_4_heron,90,0,175,#5A00AF,18,0.65833923,0.34166077
pattern_4_heron,90,0,178,#5A00B2,7,0.65787858,0.34212142
pattern_4_heron,90,0,181,#5A00B5,8,0.65741792,0.34258208
pattern_4_heron,90,0,183,#5A00B7,3,0.65711084,0.34288916
pattern_4_heron,90,0,186,#5A00BA,14,0.65665019,0.34334981
pattern_4_heron,90,0,189,#5A00BD,33,0.65618953,0.34381047
pattern_4_heron,90,0,193,#5A00C1,1,0.65557534,0.34442466
pattern_4_heron,90,0,197,#5A00C5,10,0.65496114,0.34503886
pattern_4_heron,90,0,198,#5A00C6,12,0.6548076,0.3451924
pattern_4_heron,90,0,200,#5A00C8,2,0.65450051,0.34549949
pattern_4_heron,90,0,206,#5A00CE,17,0.65357921,0.34642079
pattern_4_heron,90,0,208,#5A00D0,6,0.65327212,0.34672788
pattern_4_heron,90,0,214,#5A00D6,1,0.65235081,0.34764919
pattern_4_heron,90,0,216,#5A00D8,3,0.65204373,0.34795627
pattern_4_heron,90,0,218,#5A00DA,5,0.65173665,0.34826335
pattern_4_heron,90,0,222,#5A00DE,9,0.65112245,0.34887755
pattern_4_heron,90,0,225,#5A00E1,2,0.6506618,0.3493382
pattern_4_heron,90,0,231,#5A00E7,10,0.64974052,0.35025948
pattern_4_heron,90,0,233,#5A00E9,2,0.6494334,0.3505666
pattern_4_heron,90,0,239,#5A00EF,4,0.64851213,0.35148787
pattern_4_heron,90,0,247,#5A00F7,24,0.64728373,0.35271627
pattern_4_heron,90,0,255,#5A00FF,59,0.64605534,0.35394466
pattern_4_heron,90,4,181,#5A04B5,11,0.65747935,0.34252065
pattern_4_heron,90,8,230,#5A08E6,2,0.6500169,0.3499831
pattern_4_heron,90,8,231,#5A08E7,4,0.64986333,0.35013667
pattern_4_heron,90,8,255,#5A08FF,3,0.64617819,0.35382181
pattern_4_heron,90,9,172,#5A09AC,5,0.65893805,0.34106195
pattern_4_heron,90,10,178,#5A0AB2,3,0.65803212,0.34196788
pattern_4_heron,90,12,206,#5A0CCE,1,0.65376347,0.34623653
pattern_4_heron,90,13,181,#5A0DB5,1,0.65761754,0.34238246
pattern_4_heron,90,16,178,#5A10B2,3,0.65812424,0.34187576
pattern_4_heron,90,16,198,#5A10C6,7,0.65505329,0.34494671
pattern_4_heron,90,18,189,#5A12BD,1,0.65646592,0.34353408
pattern_4_heron,90,20,198,#5A14C6,1,0.65511471,0.34488529
pattern_4_heron,90,21,175,#5A15AF,1,0.65866166,0.34133834
pattern_4_heron,90,24,214,#5A18D6,2,0.65271935,0.34728065
pattern_4_heron,90,33,183,#5A21B7,6,0.65761754,0.34238246
pattern_4_heron,90,44,222,#5A2CDE,11,0.65179804,0.34820196
pattern_4_heron,90,44,255,#5A2CFF,1,0.64673096,0.35326904
pattern_4_heron,90,47,233,#5A2FE9,2,0.6501551,0.3498449
pattern_4_heron,90,60,231,#5A3CE7,4,0.6506618,0.3493382
pattern_4_heron,90,71,197,#5A47C5,1,0.65605134,0.34394866
pattern_4_heron,90,71,226,#5A47E2,6,0.65159845,0.34840155
pattern_4_heron,90,83,231,#5A53E7,5,0.65101495,0.34898505
pattern_4_heron,93,0,161,#5D00A1,1,0.64874244,0.35125756
pattern_4_heron,93,0,162,#5D00A2,4,0.6485889,0.3514111
pattern_4_heron,93,0,164,#5D00A4,1,0.64828178,0.35171822
pattern_4_heron,93,0,167,#5D00A7,10,0.64782116,0.35217884
pattern_4_heron,93,0,170,#5D00AA,2,0.6473605,0.3526395
pattern_4_heron,93,0,181,#5D00B5,2,0.64567146,0.35432854
pattern_4_heron,93,0,192,#5D00C0,7,0.64398244,0.35601756
pattern_4_heron,93,0,197,#5D00C5,1,0.6432147,0.3567853
pattern_4_heron,93,0,200,#5D00C8,1,0.64275405,0.35724595
pattern_4_heron,93,0,203,#5D00CB,6,0.64229339,0.35770661
pattern_4_heron,93,0,214,#5D00D6,3,0.64060438,0.35939562
pattern_4_heron,93,0,217,#5D00D9,1,0.64014372,0.35985628
pattern_4_heron,93,0,219,#5D00DB,1,0.63983664,0.36016336
pattern_4_heron,93,0,222,#5D00DE,4,0.63937598,0.36062402
pattern_4_heron,93,0,228,#5D00E4,1,0.63845468,0.36154532
pattern_4_heron,93,0,252,#5D00FC,4,0.63476953,0.36523047
pattern_4_heron,93,0,255,#5D00FF,1,0.63430887,0.36569113
pattern_4_heron,93,6,167,#5D06A7,1,0.64791328,0.35208672
pattern_4_heron,93,9,233,#5D09E9,3,0.63782513,0.36217487
pattern_4_heron,93,12,170,#5D0CAA,1,0.64754477,0.35245523
pattern_4_heron,93,13,186,#5D0DBA,3,0.64510334,0.35489666
pattern_4_heron,93,21,167,#5D15A7,3,0.64814359,0.35185641
pattern_4_heron,93,24,178,#5D18B2,1,0.64650062,0.35349938
pattern_4_heron,93,28,173,#5D1CAD,3,0.64732978,0.35267022
pattern_4_heron,93,78,238,#5D4EEE,1,0.63811687,0.36188313
pattern_4_heron,94,0,193,#5E00C1,3,0.63991341,0.36008659
pattern_4_heron,94,0,205,#5E00CD,3,0.63807082,0.36192918
pattern_4_heron,94,0,206,#5E00CE,2,0.63791728,0.36208272
pattern_4_heron,94,0,214,#5E00D6,4,0.63668889,0.36331111
pattern_4_heron,94,0,222,#5E00DE,5,0.6354605,0.3645395
pattern_4_heron,94,4,255,#5E04FF,2,0.63045481,0.36954519
pattern_4_heron,95,0,162,#5F00A2,1,0.64075792,0.35924208
pattern_4_heron,95,0,164,#5F00A4,3,0.64045081,0.35954919
pattern_4_heron,95,0,170,#5F00AA,7,0.63952953,0.36047047
pattern_4_heron,95,0,172,#5F00AC,40,0.63922244,0.36077756
pattern_4_heron,95,0,175,#5F00AF,25,0.63876179,0.36123821
pattern_4_heron,95,0,178,#5F00B2,10,0.63830113,0.36169887
pattern_4_heron,95,0,181,#5F00B5,2,0.63784048,0.36215952
pattern_4_heron,95,0,183,#5F00B7,2,0.6375334,0.3624666
pattern_4_heron,95,0,186,#5F00BA,9,0.63707274,0.36292726
pattern_4_heron,95,0,189,#5F00BD,12,0.63661212,0.36338788
pattern_4_heron,95,0,192,#5F00C0,5,0.63615146,0.36384854
pattern_4_heron,95,0,197,#5F00C5,3,0.63538373,0.36461627
pattern_4_heron,95,0,200,#5F00C8,1,0.63492307,0.36507693
pattern_4_heron,95,0,230,#5F00E6,3,0.63031662,0.36968338
pattern_4_heron,95,0,233,#5F00E9,2,0.62985596,0.37014404
pattern_4_heron,95,0,239,#5F00EF,1,0.62893468,0.37106532
pattern_4_heron,95,0,241,#5F00F1,30,0.6286276,0.3713724
pattern_4_heron,95,18,178,#5F12B2,4,0.63857752,0.36142248
pattern_4_heron,96,0,162,#6000A2,2,0.63684243,0.36315757
pattern_4_heron,96,0,164,#6000A4,2,0.63653532,0.36346468
pattern_4_heron,96,1,244,#6001F4,4,0.6242668,0.3757332
pattern_4_heron,96,2,200,#6002C8,6,0.63103831,0.36896169
pattern_4_heron,98,0,161,#6200A1,5,0.62916499,0.37083501
pattern_4_heron,98,0,162,#6200A2,2,0.62901145,0.37098855
pattern_4_heron,98,0,164,#6200A4,21,0.62870437,0.37129563
pattern_4_heron,98,0,167,#6200A7,69,0.62824371,0.37175629
pattern_4_heron,98,0,170,#6200AA,38,0.62778306,0.37221694
pattern_4_heron,98,0,172,#6200AC,69,0.62747598,0.37252402
pattern_4_heron,98,0,175,#6200AF,33,0.62701532,0.37298468
pattern_4_heron,98,0,176,#6200B0,1,0.62686178,0.37313822
pattern_4_heron,98,0,178,#6200B2,1,0.62655467,0.37344533
pattern_4_heron,98,0,181,#6200B5,2,0.62609404,0.37390596
pattern_4_heron,98,0,184,#6200B8,2,0.62563339,0.37436661
pattern_4_heron,98,0,197,#6200C5,2,0.62363726,0.37636274
pattern_4_heron,98,0,210,#6200D2,2,0.62164113,0.37835887
pattern_4_heron,98,0,244,#6200F4,6,0.61642048,0.38357952
pattern_4_heron,98,2,184,#6202B8,1,0.62566409,0.37433591
pattern_4_heron,98,5,167,#6205A7,3,0.62832049,0.37167951
pattern_4_heron,98,6,175,#6206AF,1,0.62710744,0.37289256
pattern_4_heron,98,12,167,#620CA7,1,0.62842798,0.37157202
pattern_4_heron,98,12,181,#620CB5,4,0.62627828,0.37372172
pattern_4_heron,98,16,167,#6210A7,2,0.62848938,0.37151062
pattern_4_heron,98,18,167,#6212A7,1,0.6285201,0.3714799
pattern_4_heron,98,20,175,#6214AF,4,0.62732244,0.37267756
pattern_4_heron,98,41,181,#6229B5,2,0.62672359,0.37327641
pattern_4_heron,98,65,197,#6241C5,3,0.62463531,0.37536469
pattern_4_heron,98,67,217,#6243D9,6,0.62159505,0.37840495
pattern_4_heron,98,70,214,#6246D6,8,0.62210178,0.37789822
pattern_4_heron,98,70,219,#6246DB,5,0.62133402,0.37866598
pattern_4_heron,98,70,239,#6246EF,4,0.61826307,0.38173693
pattern_4_heron,98,79,249,#624FF9,3,0.61686575,0.38313425
pattern_4_heron,99,0,165,#6300A5,9,0.62463531,0.37536469
pattern_4_heron,99,0,173,#6300AD,3,0.62340695,0.37659305
pattern_4_heron,99,0,181,#6300B5,2,0.62217855,0.37782145
pattern_4_heron,99,0,186,#6300BA,1,0.62141082,0.37858918
pattern_4_heron,99,0,189,#6300BD,8,0.62095016,0.37904984
pattern_4_heron,99,0,198,#6300C6,2,0.61956823,0.38043177
pattern_4_heron,99,0,206,#6300CE,5,0.61833984,0.38166016
pattern_4_heron,99,0,210,#6300D2,2,0.61772564,0.38227436
pattern_4_heron,99,0,219,#6300DB,3,0.61634371,0.38365629
pattern_4_heron,99,0,222,#6300DE,13,0.61588305,0.38411695
pattern_4_heron,99,0,226,#6300E2,2,0.61526886,0.38473114
pattern_4_heron,99,0,230,#6300E6,19,0.61465466,0.38534534
pattern_4_heron,99,0,231,#6300E7,5,0.61450112,0.38549888
pattern_4_heron,99,0,239,#6300EF,3,0.61327273,0.38672727
pattern_4_heron,99,0,243,#6300F3,1,0.61265853,0.38734147
pattern_4_heron,99,0,247,#6300F7,4,0.61204433,0.38795567
pattern_4_heron,99,0,255,#6300FF,12,0.61081594,0.38918406
pattern_4_heron,99,4,206,#6304CE,8,0.61840126,0.38159874
pattern_4_heron,99,8,165,#6308A5,10,0.62475815,0.37524185
pattern_4_heron,99,8,206,#6308CE,7,0.61846268,0.38153732
pattern_4_heron,99,10,218,#630ADA,2,0.61665079,0.38334921
pattern_4_heron,99,12,222,#630CDE,3,0.61606732,0.38393268
pattern_4_heron,99,12,247,#630CF7,3,0.6122286,0.3877714
pattern_4_heron,99,20,173,#6314AD,5,0.62371403,0.37628597
pattern_4_heron,99,40,214,#6328D6,1,0.61772564,0.38227436
pattern_4_heron,99,56,206,#6338CE,1,0.61919969,0.38080031
pattern_4_heron,99,65,189,#6341BD,1,0.62194821,0.37805179
pattern_4_heron,99,69,206,#6345CE,1,0.61939931,0.38060069
pattern_4_heron,99,71,197,#6347C5,1,0.62081197,0.37918803
pattern_4_heron,99,83,239,#6353EF,4,0.61454719,0.38545281
pattern_4_heron,101,0,162,#6500A2,2,0.61726499,0.38273501
pattern_4_heron,101,0,164,#6500A4,1,0.6169579,0.3830421
pattern_4_heron,101,0,167,#6500A7,3,0.61649725,0.38350275
pattern_4_heron,101,0,170,#6500AA,54,0.61603659,0.38396341
pattern_4_heron,101,0,172,#6500AC,50,0.61572951,0.38427049
pattern_4_heron,101,0,175,#6500AF,25,0.61526886,0.38473114
pattern_4_heron,101,0,178,#6500B2,10,0.61480823,0.38519177
pattern_4_heron,101,0,181,#6500B5,2,0.61434758,0.38565242
pattern_4_heron,101,0,183,#6500B7,1,0.61404046,0.38595954
pattern_4_heron,101,0,186,#6500BA,7,0.61357984,0.38642016
pattern_4_heron,101,0,189,#6500BD,13,0.61311918,0.38688082
pattern_4_heron,101,0,192,#6500C0,3,0.61265853,0.38734147
pattern_4_heron,101,0,195,#6500C3,1,0.61219791,0.38780209
pattern_4_heron,101,0,228,#6500E4,1,0.6071308,0.3928692
pattern_4_heron,101,1,236,#6501EC,16,0.60591775,0.39408225
pattern_4_heron,101,5,170,#6505AA,1,0.61611339,0.38388661
pattern_4_heron,101,13,170,#650DAA,2,0.61623621,0.38376379
pattern_4_heron,101,14,175,#650EAF,3,0.61548382,0.38451618
pattern_4_heron,101,32,170,#6520AA,2,0.61652797,0.38347203
pattern_4_heron,101,56,249,#6538F9,2,0.60476616,0.39523384
pattern_4_heron,103,0,206,#6700CE,12,0.60267788,0.39732212
pattern_4_heron,103,0,214,#6700D6,5,0.60144949,0.39855051
pattern_4_heron,103,0,218,#6700DA,9,0.60083529,0.39916471
pattern_4_heron,103,0,230,#6700E6,5,0.59899274,0.40100726
pattern_4_heron,103,0,234,#6700EA,1,0.59837854,0.40162146
pattern_4_heron,103,16,210,#6710D2,1,0.60230938,0.39769062
pattern_4_heron,103,18,202,#6712CA,2,0.60356846,0.39643154
pattern_4_heron,103,22,206,#6716CE,2,0.60301569,0.39698431
pattern_4_heron,104,0,161,#6800A1,1,0.60567209,0.39432791
pattern_4_heron,104,0,167,#6800A7,4,0.60475078,0.39524922
pattern_4_heron,104,0,170,#6800AA,1,0.60429016,0.39570984
pattern_4_heron,104,0,172,#6800AC,50,0.60398304,0.39601696
pattern_4_heron,104,0,175,#6800AF,35,0.60352239,0.39647761
pattern_4_heron,104,0,178,#6800B2,46,0.60306177,0.39693823
pattern_4_heron,104,0,181,#6800B5,30,0.60260111,0.39739889
pattern_4_heron,104,0,184,#6800B8,8,0.60214046,0.39785954
pattern_4_heron,104,0,187,#6800BB,4,0.60167983,0.39832017
pattern_4_heron,104,0,189,#6800BD,5,0.60137272,0.39862728
pattern_4_heron,104,0,194,#6800C2,3,0.60060498,0.39939502
pattern_4_heron,104,0,195,#6800C3,1,0.60045144,0.39954856
pattern_4_heron,104,0,206,#6800CE,9,0.59876239,0.40123761
pattern_4_heron,104,0,208,#6800D0,1,0.59845531,0.40154469
pattern_4_heron,104,0,209,#6800D1,1,0.59830177,0.40169823
pattern_4_heron,104,0,227,#6800E3,1,0.59553787,0.40446213
pattern_4_heron,104,0,231,#6800E7,2,0.59492368,0.40507632
pattern_4_heron,104,0,244,#6800F4,2,0.59292755,0.40707245
pattern_4_heron,104,0,247,#6800F7,3,0.59246692,0.40753308
pattern_4_heron,104,2,192,#6802C0,2,0.60094279,0.39905721
pattern_4_heron,104,4,175,#6804AF,2,0.60358381,0.39641619
pattern_4_heron,104,6,162,#6806A2,2,0.60561067,0.39438933
pattern_4_heron,104,10,175,#680AAF,2,0.60367596,0.39632404
pattern_4_heron,104,14,189,#680EBD,1,0.60158768,0.39841232
pattern_4_heron,104,14,192,#680EC0,3,0.60112706,0.39887294
pattern_4_heron,104,33,187,#6821BB,1,0.60218653,0.39781347
pattern_4_heron,104,40,170,#6828AA,1,0.60490435,0.39509565
pattern_4_heron,104,62,200,#683EC8,6,0.60063568,0.39936432
pattern_4_heron,104,70,200,#6846C8,2,0.60075852,0.39924148
pattern_4_heron,104,74,209,#684AD1,3,0.59943801,0.40056199
pattern_4_heron,106,0,164,#6A00A4,1,0.59738046,0.40261954
pattern_4_heron,106,0,170,#6A00AA,7,0.59645918,0.40354082
pattern_4_heron,106,0,172,#6A00AC,11,0.59615207,0.40384793
pattern_4_heron,106,0,175,#6A00AF,29,0.59569144,0.40430856
pattern_4_heron,106,0,178,#6A00B2,1,0.59523079,0.40476921
pattern_4_heron,106,0,181,#6A00B5,5,0.59477013,0.40522987
pattern_4_heron,106,0,184,#6A00B8,8,0.59430948,0.40569052
pattern_4_heron,106,0,194,#6A00C2,1,0.592774,0.407226
pattern_4_heron,106,0,236,#6A00EC,14,0.58632496,0.41367504
pattern_4_heron,106,5,186,#6A05BA,2,0.59407917,0.40592083
pattern_4_heron,106,52,194,#6A34C2,1,0.59357247,0.40642753
pattern_4_heron,106,86,239,#6A56EF,10,0.58718485,0.41281515
pattern_4_heron,107,0,165,#6B00A5,10,0.59331143,0.40668857
pattern_4_heron,107,0,170,#6B00AA,29,0.59254369,0.40745631
pattern_4_heron,107,0,172,#6B00AC,17,0.59223658,0.40776342
pattern_4_heron,107,0,173,#6B00AD,9,0.59208304,0.40791696
pattern_4_heron,107,0,178,#6B00B2,7,0.5913153,0.4086847
pattern_4_heron,107,0,181,#6B00B5,13,0.59085464,0.40914536
pattern_4_heron,107,0,183,#6B00B7,12,0.59054756,0.40945244
pattern_4_heron,107,0,186,#6B00BA,10,0.59008691,0.40991309
pattern_4_heron,107,0,189,#6B00BD,13,0.58962625,0.41037375
pattern_4_heron,107,0,193,#6B00C1,1,0.58901206,0.41098794
pattern_4_heron,107,0,198,#6B00C6,8,0.58824432,0.41175568
pattern_4_heron,107,0,200,#6B00C8,8,0.58793724,0.41206276
pattern_4_heron,107,0,202,#6B00CA,2,0.58763012,0.41236988
pattern_4_heron,107,0,206,#6B00CE,10,0.58701593,0.41298407
pattern_4_heron,107,0,210,#6B00D2,9,0.58640173,0.41359827
pattern_4_heron,107,0,214,#6B00D6,5,0.58578756,0.41421244
pattern_4_heron,107,0,218,#6B00DA,4,0.58517337,0.41482663
pattern_4_heron,107,0,222,#6B00DE,48,0.58455917,0.41544083
pattern_4_heron,107,0,230,#6B00E6,1,0.58333078,0.41666922
pattern_4_heron,107,0,231,#6B00E7,41,0.58317724,0.41682276
pattern_4_heron,107,0,239,#6B00EF,37,0.58194885,0.41805115
pattern_4_heron,107,0,255,#6B00FF,49,0.57949206,0.42050794
pattern_4_heron,107,4,231,#6B04E7,7,0.58323863,0.41676137
pattern_4_heron,107,8,198,#6B08C6,7,0.58836716,0.41163284
pattern_4_heron,107,12,206,#6B0CCE,2,0.58720019,0.41279981
pattern_4_heron,107,40,222,#6B28DE,2,0.58517337,0.41482663
pattern_4_heron,109,0,164,#6D00A4,1,0.58563399,0.41436601
pattern_4_heron,109,0,167,#6D00A7,1,0.58517337,0.41482663
pattern_4_heron,109,0,170,#6D00AA,1,0.58471271,0.41528729
pattern_4_heron,109,0,172,#6D00AC,3,0.5844056,0.4155944
pattern_4_heron,109,0,175,#6D00AF,5,0.58394498,0.41605502
pattern_4_heron,109,0,181,#6D00B5,1,0.58302367,0.41697633
pattern_4_heron,109,0,183,#6D00B7,2,0.58271658,0.41728342
pattern_4_heron,109,0,186,#6D00BA,2,0.58225593,0.41774407
pattern_4_heron,109,0,189,#6D00BD,2,0.58179528,0.41820472
pattern_4_heron,109,0,203,#6D00CB,2,0.5796456,0.4203544
pattern_4_heron,109,0,219,#6D00DB,1,0.57718882,0.42281118
pattern_4_heron,109,0,252,#6D00FC,1,0.57212174,0.42787826
pattern_4_heron,110,0,161,#6E00A1,1,0.58217916,0.41782084
pattern_4_heron,110,0,165,#6E00A5,3,0.58156496,0.41843504
pattern_4_heron,110,0,167,#6E00A7,1,0.58125788,0.41874212
pattern_4_heron,110,0,175,#6E00AF,4,0.58002949,0.41997051
pattern_4_heron,110,0,176,#6E00B0,12,0.57987595,0.42012405
pattern_4_heron,110,0,181,#6E00B5,2,0.57910818,0.42089182
pattern_4_heron,110,0,184,#6E00B8,15,0.57864755,0.42135245
pattern_4_heron,110,0,186,#6E00BA,2,0.57834044,0.42165956
pattern_4_heron,110,0,187,#6E00BB,5,0.5781869,0.4218131
pattern_4_heron,110,0,189,#6E00BD,14,0.57787982,0.42212018
pattern_4_heron,110,0,192,#6E00C0,1,0.57741916,0.42258084
pattern_4_heron,110,0,197,#6E00C5,2,0.57665142,0.42334858
pattern_4_heron,110,0,219,#6E00DB,3,0.57327336,0.42672664
pattern_4_heron,110,0,227,#6E00E3,9,0.57204497,0.42795503
pattern_4_heron,110,0,231,#6E00E7,3,0.57143077,0.42856923
pattern_4_heron,110,2,197,#6E02C5,2,0.57668212,0.42331788
pattern_4_heron,110,4,167,#6E04A7,2,0.5813193,0.4186807
pattern_4_heron,110,12,175,#6E0CAF,2,0.58021373,0.41978627
pattern_4_heron,110,12,178,#6E0CB2,3,0.5797531,0.4202469
pattern_4_heron,110,12,192,#6E0CC0,1,0.57760343,0.42239657
pattern_4_heron,110,13,167,#6E0DA7,2,0.5814575,0.4185425
pattern_4_heron,110,14,216,#6E0ED8,4,0.57394895,0.42605105
pattern_4_heron,110,16,181,#6E10B5,1,0.57935387,0.42064613
pattern_4_heron,110,55,205,#6E37CD,2,0.57626754,0.42373246
pattern_4_heron,110,62,192,#6E3EC0,1,0.57837117,0.42162883
pattern_4_heron,110,70,197,#6E46C5,3,0.57772624,0.42227376
pattern_4_heron,110,80,227,#6E50E3,9,0.57327336,0.42672664
pattern_4_heron,110,82,231,#6E52E7,2,0.57268986,0.42731014
pattern_4_heron,111,0,164,#6F00A4,10,0.57780302,0.42219698
pattern_4_heron,111,0,173,#6F00AD,5,0.57642108,0.42357892
pattern_4_heron,111,0,210,#6F00D2,1,0.57073981,0.42926019
pattern_4_heron,111,0,226,#6F00E2,1,0.56828302,0.43171698
pattern_4_heron,111,0,230,#6F00E6,5,0.56766883,0.43233117
pattern_4_heron,111,0,231,#6F00E7,1,0.56751528,0.43248472
pattern_4_heron,111,0,234,#6F00EA,3,0.56705463,0.43294537
pattern_4_heron,111,6,247,#6F06F7,1,0.56515062,0.43484938
pattern_4_heron,111,20,234,#6F14EA,1,0.56736174,0.43263826
pattern_4_heron,111,28,230,#6F1CE6,1,0.56809875,0.43190125
pattern_4_heron,112,0,161,#7000A1,1,0.57434818,0.42565182
pattern_4_heron,112,0,162,#7000A2,5,0.57419464,0.42580536
pattern_4_heron,112,0,165,#7000A5,4,0.57373399,0.42626601
pattern_4_heron,112,0,170,#7000AA,6,0.57296625,0.42703375
pattern_4_heron,112,0,172,#7000AC,13,0.57265916,0.42734084
pattern_4_heron,112,0,175,#7000AF,13,0.57219851,0.42780149
pattern_4_heron,112,0,176,#7000B0,4,0.57204497,0.42795503
pattern_4_heron,112,0,178,#7000B2,2,0.57173786,0.42826214
pattern_4_heron,112,0,181,#7000B5,8,0.57127723,0.42872277
pattern_4_heron,112,0,183,#7000B7,2,0.57097012,0.42902988
pattern_4_heron,112,0,184,#7000B8,3,0.57081658,0.42918342
pattern_4_heron,112,0,189,#7000BD,3,0.57004884,0.42995116
pattern_4_heron,112,0,192,#7000C0,5,0.56958818,0.43041182
pattern_4_heron,112,0,195,#7000C3,8,0.56912753,0.43087247
pattern_4_heron,112,6,181,#7006B5,1,0.57136935,0.42863065
pattern_4_heron,112,20,164,#7014A4,1,0.57419464,0.42580536
pattern_4_heron,112,21,172,#7015AC,3,0.5729816,0.4270184
pattern_4_heron,112,23,170,#7017AA,1,0.57331941,0.42668059
pattern_4_heron,115,0,165,#7300A5,14,0.56198752,0.43801248
pattern_4_heron,115,0,170,#7300AA,7,0.56121978,0.43878022
pattern_4_heron,115,0,173,#7300AD,3,0.56075916,0.43924084
pattern_4_heron,115,0,175,#7300AF,3,0.56045204,0.43954796
pattern_4_heron,115,0,181,#7300B5,14,0.55953076,0.44046924
pattern_4_heron,115,0,184,#7300B8,13,0.55907011,0.44092989
pattern_4_heron,115,0,186,#7300BA,15,0.55876303,0.44123697
pattern_4_heron,115,0,189,#7300BD,33,0.55830237,0.44169763
pattern_4_heron,115,0,192,#7300C0,26,0.55784172,0.44215828
pattern_4_heron,115,0,195,#7300C3,9,0.55738106,0.44261894
pattern_4_heron,115,0,198,#7300C6,7,0.55692044,0.44307956
pattern_4_heron,115,0,200,#7300C8,6,0.55661333,0.44338667
pattern_4_heron,115,0,203,#7300CB,7,0.5561527,0.4438473
pattern_4_heron,115,0,206,#7300CE,24,0.55569205,0.44430795
pattern_4_heron,115,0,214,#7300D6,2,0.55446365,0.44553635
pattern_4_heron,115,0,217,#7300D9,2,0.554003,0.445997
pattern_4_heron,115,0,222,#7300DE,54,0.55323526,0.44676474
pattern_4_heron,115,0,225,#7300E1,1,0.55277461,0.44722539
pattern_4_heron,115,0,226,#7300E2,1,0.55262107,0.44737893
pattern_4_heron,115,0,230,#7300E6,1,0.55200687,0.44799313
pattern_4_heron,115,0,231,#7300E7,9,0.55185333,0.44814667
pattern_4_heron,115,0,234,#7300EA,3,0.55139267,0.44860733
pattern_4_heron,115,0,239,#7300EF,15,0.55062494,0.44937506
pattern_4_heron,115,0,243,#7300F3,8,0.55001074,0.44998926
pattern_4_heron,115,0,247,#7300F7,5,0.54939654,0.45060346
pattern_4_heron,115,0,255,#7300FF,30,0.54816815,0.45183185
pattern_4_heron,115,2,181,#7302B5,1,0.55956146,0.44043854
pattern_4_heron,115,4,184,#7304B8,1,0.55913153,0.44086847
pattern_4_heron,115,4,189,#7304BD,2,0.5583638,0.4416362
pattern_4_heron,115,8,181,#7308B5,6,0.55965358,0.44034642
pattern_4_heron,115,8,186,#7308BA,3,0.55888584,0.44111416
pattern_4_heron,115,12,251,#730CFB,2,0.54896662,0.45103338
pattern_4_heron,115,13,206,#730DCE,2,0.55589166,0.44410834
pattern_4_heron,115,16,181,#7310B5,2,0.55977643,0.44022357
pattern_4_heron,115,28,189,#731CBD,2,0.5587323,0.4412677
pattern_4_heron,115,32,183,#7320B7,1,0.559715,0.440285
pattern_4_heron,115,33,214,#7321D6,2,0.55497035,0.44502965
pattern_4_heron,115,37,192,#7325C0,1,0.55840984,0.44159016
pattern_4_heron,115,40,255,#7328FF,1,0.54878235,0.45121765
pattern_4_heron,115,44,173,#732CAD,2,0.56143475,0.43856525
pattern_4_heron,115,44,198,#732CC6,1,0.55759606,0.44240394
pattern_4_heron,115,52,222,#7334DE,3,0.55403373,0.44596627
pattern_4_heron,115,52,231,#7334E7,1,0.55265179,0.44734821
pattern_4_heron,115,59,238,#733BEE,1,0.55168444,0.44831556
pattern_4_heron,115,70,205,#7346CD,2,0.55692044,0.44307956
pattern_4_heron,115,74,203,#734ACB,2,0.55728894,0.44271106
pattern_4_heron,117,0,170,#7500AA,11,0.5533888,0.4466112
pattern_4_heron,117,0,172,#7500AC,22,0.55308172,0.44691828
pattern_4_heron,117,0,183,#7500B7,1,0.55139267,0.44860733
pattern_4_heron,117,0,200,#7500C8,1,0.54878235,0.45121765
pattern_4_heron,118,0,165,#7600A5,1,0.55024108,0.44975892
pattern_4_heron,118,0,167,#7600A7,3,0.54993397,0.45006603
pattern_4_heron,118,0,181,#7600B5,5,0.5477843,0.4522157
pattern_4_heron,118,0,187,#7600BB,1,0.54686299,0.45313701
pattern_4_heron,118,0,189,#7600BD,3,0.54655591,0.45344409
pattern_4_heron,118,0,192,#7600C0,11,0.54609525,0.45390475
pattern_4_heron,118,0,195,#7600C3,9,0.54563463,0.45436537
pattern_4_heron,118,0,200,#7600C8,3,0.54486686,0.45513314
pattern_4_heron,118,0,222,#7600DE,2,0.5414888,0.4585112
pattern_4_heron,118,0,227,#7600E3,2,0.54072106,0.45927894
pattern_4_heron,118,2,165,#7602A5,4,0.55027178,0.44972822
pattern_4_heron,118,14,192,#760EC0,1,0.54631022,0.45368978
pattern_4_heron,118,69,219,#7645DB,4,0.54300892,0.45699108
pattern_4_heron,119,0,193,#7700C1,3,0.54202622,0.45797378
pattern_4_heron,119,0,218,#7700DA,2,0.5381875,0.4618125
pattern_4_heron,119,0,222,#7700DE,1,0.53757331,0.46242669
pattern_4_heron,119,0,226,#7700E2,1,0.53695911,0.46304089
pattern_4_heron,119,0,230,#7700E6,2,0.53634495,0.46365505
pattern_4_heron,119,0,235,#7700EB,8,0.53557718,0.46442282
pattern_4_heron,119,0,239,#7700EF,2,0.53496298,0.46503702
pattern_4_heron,119,0,243,#7700F3,10,0.53434882,0.46565118
pattern_4_heron,119,0,247,#7700F7,9,0.53373462,0.46626538
pattern_4_heron,119,0,251,#7700FB,11,0.53312042,0.46687958
pattern_4_heron,119,10,230,#770AE6,2,0.53649849,0.46350151
pattern_4_heron,120,0,175,#7800AF,2,0.5408746,0.4591254
pattern_4_heron,120,0,178,#7800B2,1,0.54041398,0.45958602
pattern_4_heron,120,0,183,#7800B7,1,0.53964624,0.46035376
pattern_4_heron,120,0,186,#7800BA,18,0.53918558,0.46081442
pattern_4_heron,120,0,187,#7800BB,6,0.53903204,0.46096796
pattern_4_heron,120,0,189,#7800BD,4,0.53872493,0.46127507
pattern_4_heron,120,0,194,#7800C2,25,0.53795719,0.46204281
pattern_4_heron,120,0,197,#7800C5,7,0.53749654,0.46250346
pattern_4_heron,120,0,200,#7800C8,8,0.53703591,0.46296409
pattern_4_heron,120,0,203,#7800CB,9,0.53657526,0.46342474
pattern_4_heron,120,0,205,#7800CD,1,0.53626814,0.46373186
pattern_4_heron,120,0,206,#7800CE,1,0.5361146,0.4638854
pattern_4_heron,120,0,208,#7800D0,6,0.53580752,0.46419248
pattern_4_heron,120,0,209,#7800D1,3,0.53565395,0.46434605
pattern_4_heron,120,0,211,#7800D3,5,0.53534687,0.46465313
pattern_4_heron,120,0,219,#7800DB,1,0.53411847,0.46588153
pattern_4_heron,120,0,222,#7800DE,1,0.53365782,0.46634218
pattern_4_heron,120,1,197,#7801C5,1,0.53751189,0.46248811
pattern_4_heron,120,4,197,#7804C5,2,0.53755796,0.46244204
pattern_4_heron,120,5,184,#7805B8,2,0.53956944,0.46043056
pattern_4_heron,120,6,170,#7806AA,2,0.54173449,0.45826551
pattern_4_heron,120,6,200,#7806C8,1,0.53712803,0.46287197
pattern_4_heron,120,9,194,#7809C2,2,0.53809538,0.46190462
pattern_4_heron,120,10,206,#780ACE,1,0.53626814,0.46373186
pattern_4_heron,120,12,194,#780CC2,3,0.53814146,0.46185854
pattern_4_heron,120,26,186,#781ABA,3,0.53958482,0.46041518
pattern_4_heron,120,26,205,#781ACD,1,0.53666738,0.46333262
pattern_4_heron,120,37,192,#7825C0,3,0.53883243,0.46116757
pattern_4_heron,120,37,200,#7825C8,1,0.53760403,0.46239597
pattern_4_heron,120,46,178,#782EB2,2,0.54112029,0.45887971
pattern_4_heron,120,54,249,#7836F9,12,0.53034118,0.46965882
pattern_4_heron,120,74,228,#784AE4,3,0.53387281,0.46612719
pattern_4_heron,120,78,222,#784EDE,2,0.53485551,0.46514449
pattern_4_heron,121,0,187,#7900BB,1,0.53511655,0.46488345
pattern_4_heron,121,0,192,#7900C0,2,0.53434882,0.46565118
pattern_4_heron,123,0,165,#7B00A5,2,0.53066364,0.46933636
pattern_4_heron,123,0,167,#7B00A7,4,0.53035653,0.46964347
pattern_4_heron,123,0,170,#7B00AA,3,0.5298959,0.4701041
pattern_4_heron,123,0,172,#7B00AC,32,0.52958879,0.47041121
pattern_4_heron,123,0,173,#7B00AD,11,0.52943525,0.47056475
pattern_4_heron,123,0,178,#7B00B2,3,0.52866751,0.47133249
pattern_4_heron,123,0,181,#7B00B5,13,0.52820686,0.47179314
pattern_4_heron,123,0,184,#7B00B8,2,0.5277462,0.4722538
pattern_4_heron,123,0,189,#7B00BD,10,0.52697846,0.47302154
pattern_4_heron,123,0,192,#7B00C0,1,0.52651784,0.47348216
pattern_4_heron,123,0,195,#7B00C3,2,0.52605718,0.47394282
pattern_4_heron,123,0,197,#7B00C5,7,0.52575007,0.47424993
pattern_4_heron,123,0,198,#7B00C6,7,0.52559653,0.47440347
pattern_4_heron,123,0,203,#7B00CB,4,0.52482879,0.47517121
pattern_4_heron,123,0,206,#7B00CE,8,0.52436814,0.47563186
pattern_4_heron,123,0,211,#7B00D3,4,0.5236004,0.4763996
pattern_4_heron,123,0,214,#7B00D6,5,0.52313974,0.47686026
pattern_4_heron,123,0,217,#7B00D9,1,0.52267912,0.47732088
pattern_4_heron,123,0,222,#7B00DE,21,0.52191138,0.47808862
pattern_4_heron,123,0,230,#7B00E6,3,0.52068299,0.47931701
pattern_4_heron,123,0,231,#7B00E7,25,0.52052945,0.47947055
pattern_4_heron,123,0,234,#7B00EA,1,0.52006879,0.47993121
pattern_4_heron,123,0,239,#7B00EF,9,0.51930106,0.48069894
pattern_4_heron,123,0,247,#7B00F7,12,0.51807266,0.48192734
pattern_4_heron,123,0,255,#7B00FF,17,0.51684427,0.48315573
pattern_4_heron,123,4,214,#7B04D6,2,0.52320117,0.47679883
pattern_4_heron,123,13,189,#7B0DBD,1,0.52717808,0.47282192
pattern_4_heron,123,16,222,#7B10DE,7,0.52215704,0.47784296
pattern_4_heron,123,36,239,#7B24EF,2,0.51985383,0.48014617
pattern_4_heron,123,40,214,#7B28D6,1,0.52375394,0.47624606
pattern_4_heron,123,44,181,#7B2CB5,2,0.52888247,0.47111753
pattern_4_heron,123,44,189,#7B2CBD,1,0.52765408,0.47234592
pattern_4_heron,123,46,251,#7B2EFB,3,0.51816478,0.48183522
pattern_4_heron,123,65,255,#7B41FF,2,0.51784232,0.48215768
pattern_4_heron,123,77,247,#7B4DF7,5,0.51925498,0.48074502
pattern_4_heron,126,0,167,#7E00A7,1,0.51861009,0.48138991
pattern_4_heron,126,0,175,#7E00AF,10,0.5173817,0.4826183
pattern_4_heron,126,0,186,#7E00BA,6,0.51569265,0.48430735
pattern_4_heron,126,0,187,#7E00BB,1,0.51553911,0.48446089
pattern_4_heron,126,0,189,#7E00BD,1,0.51523203,0.48476797
pattern_4_heron,126,0,192,#7E00C0,12,0.51477137,0.48522863
pattern_4_heron,126,0,194,#7E00C2,12,0.51446426,0.48553574
pattern_4_heron,126,0,197,#7E00C5,14,0.51400363,0.48599637
pattern_4_heron,126,0,200,#7E00C8,15,0.51354298,0.48645702
pattern_4_heron,126,0,203,#7E00CB,7,0.51308233,0.48691767
pattern_4_heron,126,0,205,#7E00CD,10,0.51277524,0.48722476
pattern_4_heron,126,0,206,#7E00CE,3,0.5126217,0.4873783
pattern_4_heron,126,0,208,#7E00D0,1,0.51231459,0.48768541
pattern_4_heron,126,0,211,#7E00D3,15,0.51185393,0.48814607
pattern_4_heron,126,0,216,#7E00D8,2,0.5110862,0.4889138
pattern_4_heron,126,0,222,#7E00DE,1,0.51016492,0.48983508
pattern_4_heron,126,0,225,#7E00E1,3,0.50970426,0.49029574
pattern_4_heron,126,0,227,#7E00E3,2,0.50939718,0.49060282
pattern_4_heron,126,2,255,#7E02FF,1,0.50512853,0.49487147
pattern_4_heron,126,6,203,#7E06CB,1,0.51317447,0.48682553
pattern_4_heron,126,6,206,#7E06CE,2,0.51271382,0.48728618
pattern_4_heron,126,8,209,#7E08D1,2,0.51228389,0.48771611
pattern_4_heron,126,10,183,#7E0AB7,2,0.51630685,0.48369315
pattern_4_heron,126,40,214,#7E28D6,1,0.5120075,0.4879925
pattern_4_heron,126,41,244,#7E29F4,2,0.5074164,0.4925836
pattern_4_heron,126,47,176,#7E2FB0,1,0.51794982,0.48205018
pattern_4_heron,126,65,203,#7E41CB,2,0.51408041,0.48591959
pattern_4_heron,126,69,197,#7E45C5,1,0.51506311,0.48493689
pattern_4_heron,126,69,203,#7E45CB,2,0.51414183,0.48585817
pattern_4_heron,126,75,216,#7E4BD8,1,0.51223782,0.48776218
pattern_4_heron,126,82,222,#7E52DE,1,0.51142401,0.48857599
pattern_4_heron,126,83,225,#7E53E1,2,0.51097873,0.48902127
pattern_4_heron,127,0,222,#7F00DE,2,0.50624943,0.49375057
pattern_4_heron,127,0,230,#7F00E6,3,0.50502104,0.49497896
pattern_4_heron,127,0,247,#7F00F7,2,0.50241071,0.49758929
pattern_4_heron,127,0,251,#7F00FB,6,0.50179651,0.49820349
pattern_4_heron,127,0,255,#7F00FF,3,0.50118232,0.49881768
pattern_4_heron,127,28,247,#7F1CF7,2,0.50284064,0.49715936
pattern_4_heron,127,42,247,#7F2AF7,2,0.5030556,0.4969444
pattern_4_heron,127,48,251,#7F30FB,1,0.50253356,0.49746644
pattern_4_heron,128,0,164,#8000A4,1,0.51123974,0.48876026
pattern_4_heron,128,0,167,#8000A7,16,0.51077911,0.48922089
pattern_4_heron,128,0,183,#8000B7,1,0.50832233,0.49167767
pattern_4_heron,128,0,203,#8000CB,4,0.50525135,0.49474865
pattern_4_heron,128,0,205,#8000CD,3,0.50494426,0.49505574
pattern_4_heron,128,0,214,#8000D6,1,0.50356233,0.49643767
pattern_4_heron,128,6,183,#8006B7,2,0.50841445,0.49158555
pattern_4_heron,128,54,183,#8036B7,1,0.50915149,0.49084851
pattern_4_heron,129,0,164,#8100A4,1,0.50732428,0.49267572
pattern_4_heron,129,0,170,#8100AA,19,0.50640297,0.49359703
pattern_4_heron,129,0,172,#8100AC,10,0.50609589,0.49390411
pattern_4_heron,129,0,175,#8100AF,5,0.50563523,0.49436477
pattern_4_heron,129,0,178,#8100B2,3,0.50517458,0.49482542
pattern_4_heron,129,0,184,#8100B8,1,0.5042533,0.4957467
pattern_4_heron,129,0,214,#8100D6,7,0.49964684,0.50035316
pattern_4_heron,131,0,165,#8300A5,13,0.49933976,0.50066024
pattern_4_heron,131,0,175,#8300AF,1,0.49780428,0.50219572
pattern_4_heron,131,0,178,#8300B2,1,0.4973436,0.5026564
pattern_4_heron,131,0,189,#8300BD,2,0.49565458,0.50434542
pattern_4_heron,131,0,192,#8300C0,1,0.49519396,0.50480604
pattern_4_heron,131,0,194,#8300C2,9,0.49488682,0.50511318
pattern_4_heron,131,0,203,#8300CB,1,0.49350488,0.50649512
pattern_4_heron,131,0,208,#8300D0,1,0.49273717,0.50726283
pattern_4_heron,131,0,211,#8300D3,1,0.49227649,0.50772351
pattern_4_heron,131,0,222,#8300DE,10,0.49058747,0.50941253
pattern_4_heron,131,0,255,#8300FF,2,0.48552036,0.51447964
pattern_4_heron,131,2,183,#8302B7,9,0.49660659,0.50339341
pattern_4_heron,131,30,192,#831EC0,4,0.49565458,0.50434542
pattern_4_heron,132,0,165,#8400A5,1,0.49542427,0.50457573
pattern_4_heron,132,0,173,#8400AD,12,0.49419588,0.50580412
pattern_4_heron,132,0,181,#8400B5,4,0.49296749,0.50703251
pattern_4_heron,132,0,183,#8400B7,3,0.4926604,0.5073396
pattern_4_heron,132,0,186,#8400BA,3,0.49219972,0.50780028
pattern_4_heron,132,0,189,#8400BD,18,0.49173909,0.50826091
pattern_4_heron,132,0,198,#8400C6,5,0.49035716,0.50964284
pattern_4_heron,132,0,200,#8400C8,6,0.49005008,0.50994992
pattern_4_heron,132,0,203,#8400CB,24,0.48958939,0.51041061
pattern_4_heron,132,0,205,#8400CD,4,0.48928231,0.51071769
pattern_4_heron,132,0,206,#8400CE,12,0.48912877,0.51087123
pattern_4_heron,132,0,211,#8400D3,9,0.488361,0.511639
pattern_4_heron,132,0,214,#8400D6,9,0.48790038,0.51209962
pattern_4_heron,132,0,217,#8400D9,8,0.48743975,0.51256025
pattern_4_heron,132,0,219,#8400DB,9,0.48713261,0.51286739
pattern_4_heron,132,0,222,#8400DE,12,0.48667198,0.51332802
pattern_4_heron,132,0,231,#8400E7,97,0.48529005,0.51470995
pattern_4_heron,132,0,236,#8400EC,1,0.48452228,0.51547772
pattern_4_heron,132,0,239,#8400EF,20,0.48406166,0.51593834
pattern_4_heron,132,0,247,#8400F7,6,0.48283327,0.51716673
pattern_4_heron,132,0,249,#8400F9,1,0.48252618,0.51747382
pattern_4_heron,132,0,255,#8400FF,17,0.48160487,0.51839513
pattern_4_heron,132,2,206,#8402CE,6,0.48915946,0.51084054
pattern_4_heron,132,4,181,#8404B5,2,0.49302888,0.50697112
pattern_4_heron,132,5,175,#8405AF,2,0.49396557,0.50603443
pattern_4_heron,132,9,222,#8409DE,2,0.48681021,0.51318979
pattern_4_heron,132,13,195,#840DC3,1,0.4910174,0.5089826
pattern_4_heron,132,16,200,#8410C8,1,0.49029571,0.50970429
pattern_4_heron,132,16,214,#8410D6,3,0.48814607,0.51185393
pattern_4_heron,132,20,189,#8414BD,2,0.49204618,0.50795382
pattern_4_heron,132,37,222,#8425DE,3,0.48724014,0.51275986
pattern_4_heron,132,41,197,#8429C5,4,0.49114025,0.50885975
pattern_4_heron,132,43,211,#842BD3,2,0.4890213,0.5109787
pattern_4_heron,132,48,206,#8430CE,1,0.48986578,0.51013422
pattern_4_heron,132,60,189,#843CBD,1,0.4926604,0.5073396
pattern_4_heron,132,65,194,#8441C2,5,0.49196941,0.50803059
pattern_4_heron,132,70,233,#8446E9,4,0.48605782,0.51394218
pattern_4_heron,132,74,249,#844AF9,4,0.48366243,0.51633757
pattern_4_heron,132,79,227,#844FE3,2,0.48711729,0.51288271
pattern_4_heron,134,0,164,#8600A4,2,0.48774683,0.51225317
pattern_4_heron,134,0,165,#8600A5,3,0.48759329,0.51240671
pattern_4_heron,134,0,167,#8600A7,1,0.48728621,0.51271379
pattern_4_heron,134,0,170,#8600AA,7,0.48682553,0.51317447
pattern_4_heron,134,0,189,#8600BD,1,0.48390812,0.51609188
pattern_4_heron,134,0,197,#8600C5,3,0.48267972,0.51732028
pattern_4_heron,134,0,217,#8600D9,9,0.47960877,0.52039123
pattern_4_heron,134,0,227,#8600E3,36,0.4780733,0.5219267
pattern_4_heron,134,1,203,#8601CB,2,0.48177379,0.51822621
pattern_4_heron,134,4,206,#8604CE,2,0.48135918,0.51864082
pattern_4_heron,134,14,198,#860EC6,3,0.48274118,0.51725882
pattern_4_heron,134,32,208,#8620D0,2,0.48148203,0.51851797
pattern_4_heron,134,65,203,#8641CB,3,0.4827565,0.5172435
pattern_4_heron,135,16,230,#8710E6,5,0.47394282,0.52605718
pattern_4_heron,137,0,164,#8900A4,1,0.47600037,0.52399963
pattern_4_heron,137,0,170,#8900AA,8,0.47507906,0.52492094
pattern_4_heron,137,0,178,#8900B2,1,0.47385067,0.52614933
pattern_4_heron,137,0,183,#8900B7,1,0.47308296,0.52691704
pattern_4_heron,137,0,187,#8900BB,1,0.47246873,0.52753127
pattern_4_heron,137,0,192,#8900C0,3,0.47170103,0.52829897
pattern_4_heron,137,0,195,#8900C3,1,0.47124034,0.52875966
pattern_4_heron,137,0,198,#8900C6,2,0.47077972,0.52922028
pattern_4_heron,137,0,200,#8900C8,2,0.47047263,0.52952737
pattern_4_heron,137,0,203,#8900CB,4,0.47001195,0.52998805
pattern_4_heron,137,0,206,#8900CE,26,0.46955132,0.53044868
pattern_4_heron,137,0,211,#8900D3,8,0.46878362,0.53121638
pattern_4_heron,137,0,214,#8900D6,17,0.46832293,0.53167707
pattern_4_heron,137,0,216,#8900D8,25,0.46801585,0.53198415
pattern_4_heron,137,0,217,#8900D9,10,0.46786231,0.53213769
pattern_4_heron,137,0,219,#8900DB,3,0.46755522,0.53244478
pattern_4_heron,137,0,222,#8900DE,2,0.46709454,0.53290546
pattern_4_heron,137,0,227,#8900E3,13,0.46632683,0.53367317
pattern_4_heron,137,0,230,#8900E6,2,0.46586615,0.53413385
pattern_4_heron,137,0,236,#8900EC,2,0.4649449,0.5350551
pattern_4_heron,137,0,244,#8900F4,1,0.46371651,0.53628349
pattern_4_heron,137,4,216,#8904D8,3,0.46807724,0.53192276
pattern_4_heron,137,5,206,#8905CE,1,0.4696281,0.5303719
pattern_4_heron,137,6,225,#8906E1,3,0.46672606,0.53327394
pattern_4_heron,137,21,167,#8915A7,3,0.47586215,0.52413785
pattern_4_heron,137,33,216,#8921D8,2,0.46852255,0.53147745
pattern_4_heron,137,41,222,#8929DE,1,0.46772408,0.53227592
pattern_4_heron,137,52,222,#8934DE,2,0.467893,0.532107
pattern_4_heron,137,56,192,#8938C0,1,0.47256088,0.52743912
pattern_4_heron,137,64,192,#8940C0,8,0.47268373,0.52731627
pattern_4_heron,137,71,198,#8947C6,1,0.47186989,0.52813011
pattern_4_heron,137,80,239,#8950EF,1,0.46571261,0.53428739
pattern_4_heron,139,0,170,#8B00AA,14,0.46724808,0.53275192
pattern_4_heron,139,0,175,#8B00AF,1,0.46648037,0.53351963
pattern_4_heron,139,0,186,#8B00BA,3,0.4647913,0.5352087
pattern_4_heron,140,0,164,#8C00A4,2,0.4642539,0.5357461
pattern_4_heron,140,0,165,#8C00A5,27,0.46410036,0.53589964
pattern_4_heron,140,0,168,#8C00A8,2,0.46363974,0.53636026
pattern_4_heron,140,0,172,#8C00AC,6,0.46302551,0.53697449
pattern_4_heron,140,0,173,#8C00AD,7,0.46287197,0.53712803
pattern_4_heron,140,0,181,#8C00B5,3,0.46164358,0.53835642
pattern_4_heron,140,0,197,#8C00C5,1,0.45918679,0.54081321
pattern_4_heron,140,0,198,#8C00C6,1,0.45903325,0.54096675
pattern_4_heron,140,0,206,#8C00CE,2,0.45780486,0.54219514
pattern_4_heron,140,0,214,#8C00D6,27,0.45657647,0.54342353
pattern_4_heron,140,0,222,#8C00DE,3,0.45534807,0.54465193
pattern_4_heron,140,0,231,#8C00E7,6,0.45396614,0.54603386
pattern_4_heron,140,0,236,#8C00EC,2,0.45319843,0.54680157
pattern_4_heron,140,0,239,#8C00EF,1,0.45273775,0.54726225
pattern_4_heron,140,0,255,#8C00FF,4,0.45028096,0.54971904
pattern_4_heron,140,8,165,#8C08A5,1,0.46422321,0.53577679
pattern_4_heron,140,8,231,#8C08E7,3,0.45408899,0.54591101
pattern_4_heron,140,20,173,#8C14AD,1,0.46317905,0.53682095
pattern_4_heron,140,36,255,#8C24FF,1,0.4508338,0.5491662
pattern_4_heron,140,44,247,#8C2CF7,2,0.45218498,0.54781502
pattern_4_heron,140,52,255,#8C34FF,1,0.45107943,0.54892057
pattern_4_heron,140,62,195,#8C3EC3,2,0.46044588,0.53955412
pattern_4_heron,140,69,195,#8C45C3,3,0.46055341,0.53944659
pattern_4_heron,140,70,208,#8C46D0,1,0.45857263,0.54142737
pattern_4_heron,140,81,255,#8C51FF,1,0.45152473,0.54847527
pattern_4_heron,142,0,167,#8E00A7,2,0.4559623,0.5440377
pattern_4_heron,142,0,178,#8E00B2,4,0.45427328,0.54572672
pattern_4_heron,142,0,186,#8E00BA,1,0.45304489,0.54695511
pattern_4_heron,142,0,208,#8E00D0,18,0.4496668,0.5503332
pattern_4_heron,142,0,211,#8E00D3,1,0.44920617,0.55079383
pattern_4_heron,142,0,214,#8E00D6,2,0.44874549,0.55125451
pattern_4_heron,142,0,216,#8E00D8,8,0.44843841,0.55156159
pattern_4_heron,142,0,219,#8E00DB,23,0.44797778,0.55202222
pattern_4_heron,142,0,222,#8E00DE,17,0.4475171,0.5524829
pattern_4_heron,142,0,225,#8E00E1,3,0.44705647,0.55294353
pattern_4_heron,142,0,227,#8E00E3,1,0.44674939,0.55325061
pattern_4_heron,142,0,228,#8E00E4,1,0.44659585,0.55340415
pattern_4_heron,142,0,230,#8E00E6,2,0.4462887,0.5537113
pattern_4_heron,142,0,233,#8E00E9,6,0.44582808,0.55417192
pattern_4_heron,142,0,239,#8E00EF,7,0.44490677,0.55509323
pattern_4_heron,142,4,228,#8E04E4,5,0.44665724,0.55334276
pattern_4_heron,142,5,214,#8E05D6,3,0.44882226,0.55117774
pattern_4_heron,142,5,219,#8E05DB,1,0.44805455,0.55194545
pattern_4_heron,142,6,211,#8E06D3,5,0.44929826,0.55070174
pattern_4_heron,142,9,233,#8E09E9,1,0.4459663,0.5540337
pattern_4_heron,142,13,219,#8E0DDB,2,0.4481774,0.5518226
pattern_4_heron,142,25,208,#8E19D0,2,0.45005065,0.54994935
pattern_4_heron,142,37,225,#8E25E1,1,0.44762462,0.55237538
pattern_4_heron,142,50,233,#8E32E9,1,0.44659585,0.55340415
pattern_4_heron,142,55,225,#8E37E1,1,0.44790101,0.55209899
pattern_4_heron,142,58,197,#8E3AC5,1,0.45224643,0.54775357
pattern_4_heron,142,73,203,#8E49CB,2,0.45155543,0.54844457
pattern_4_heron,143,0,167,#8F00A7,2,0.45204681,0.54795319
pattern_4_heron,143,0,200,#8F00C8,1,0.4469797,0.5530203
pattern_4_heron,143,27,170,#8F1BAA,1,0.45200074,0.54799926
pattern_4_heron,143,59,186,#8F3BBA,2,0.45003533,0.54996467
pattern_4_heron,143,59,195,#8F3BC3,3,0.4486534,0.5513466
pattern_4_heron,144,0,243,#9000F3,11,0.43646163,0.56353837
pattern_4_heron,144,68,247,#9044F7,2,0.43689156,0.56310844
pattern_4_heron,145,0,164,#9100A4,3,0.44467646,0.55532354
pattern_4_heron,145,0,170,#9100AA,8,0.44375521,0.55624479
pattern_4_heron,145,0,172,#9100AC,5,0.44344807,0.55655193
pattern_4_heron,145,0,175,#9100AF,3,0.44298744,0.55701256
pattern_4_heron,145,0,183,#9100B7,5,0.44175905,0.55824095
pattern_4_heron,145,0,189,#9100BD,1,0.44083774,0.55916226
pattern_4_heron,145,0,192,#9100C0,2,0.44037712,0.55962288
pattern_4_heron,145,0,200,#9100C8,2,0.43914872,0.56085128
pattern_4_heron,145,0,208,#9100D0,2,0.43792033,0.56207967
pattern_4_heron,145,0,214,#9100D6,4,0.43699902,0.56300098
pattern_4_heron,145,0,216,#9100D8,2,0.43669194,0.56330806
pattern_4_heron,145,0,219,#9100DB,2,0.43623132,0.56376868
pattern_4_heron,145,0,222,#9100DE,3,0.43577063,0.56422937
pattern_4_heron,145,0,233,#9100E9,1,0.43408161,0.56591839
pattern_4_heron,145,0,255,#9100FF,1,0.43070358,0.56929642
pattern_4_heron,145,6,181,#9106B5,5,0.44215828,0.55784172
pattern_4_heron,145,34,236,#9122EC,2,0.43414307,0.56585693
pattern_4_heron,145,40,181,#9128B5,2,0.44268036,0.55731964
pattern_4_heron,145,55,192,#9137C0,2,0.44122165,0.55877835
pattern_4_heron,145,73,208,#9149D0,2,0.43904126,0.56095874
pattern_4_heron,145,75,206,#914BCE,1,0.43937904,0.56062096
pattern_4_heron,148,0,165,#9400A5,58,0.43277645,0.56722355
pattern_4_heron,148,0,173,#9400AD,22,0.43154806,0.56845194
pattern_4_heron,148,0,181,#9400B5,13,0.43031967,0.56968033
pattern_4_heron,148,0,186,#9400BA,6,0.42955196,0.57044804
pattern_4_heron,148,0,189,#9400BD,26,0.42909127,0.57090873
pattern_4_heron,148,0,195,#9400C3,1,0.42817003,0.57182997
pattern_4_heron,148,0,198,#9400C6,2,0.42770934,0.57229066
pattern_4_heron,148,0,203,#9400CB,10,0.42694163,0.57305837
pattern_4_heron,148,0,206,#9400CE,1,0.42648095,0.57351905
pattern_4_heron,148,0,214,#9400D6,19,0.42525262,0.57474738
pattern_4_heron,148,0,216,#9400D8,3,0.42494547,0.57505453
pattern_4_heron,148,0,219,#9400DB,10,0.42448485,0.57551515
pattern_4_heron,148,0,222,#9400DE,46,0.42402422,0.57597578
pattern_4_heron,148,0,225,#9400E1,22,0.42356354,0.57643646
pattern_4_heron,148,0,227,#9400E3,3,0.42325646,0.57674354
pattern_4_heron,148,0,228,#9400E4,6,0.42310292,0.57689708
pattern_4_heron,148,0,231,#9400E7,4,0.42264229,0.57735771
pattern_4_heron,148,0,233,#9400E9,13,0.42233515,0.57766485
pattern_4_heron,148,0,236,#9400EC,9,0.42187452,0.57812548
pattern_4_heron,148,0,239,#9400EF,58,0.4214139,0.5785861
pattern_4_heron,148,0,247,#9400F7,4,0.42018551,0.57981449
pattern_4_heron,148,0,249,#9400F9,2,0.41987836,0.58012164
pattern_4_heron,148,0,255,#9400FF,4,0.41895711,0.58104289
pattern_4_heron,148,1,214,#9401D6,1,0.42526793,0.57473207
pattern_4_heron,148,2,227,#9402E3,1,0.42328715,0.57671285
pattern_4_heron,148,4,165,#9404A5,4,0.4328379,0.5671621
pattern_4_heron,148,8,241,#9408F1,3,0.4212296,0.5787704
pattern_4_heron,148,10,222,#940ADE,3,0.42417777,0.57582223
pattern_4_heron,148,12,222,#940CDE,1,0.42420846,0.57579154
pattern_4_heron,148,14,233,#940EE9,1,0.42255014,0.57744986
pattern_4_heron,148,16,165,#9410A5,4,0.43302214,0.56697786
pattern_4_heron,148,16,189,#9410BD,4,0.42933697,0.57066303
pattern_4_heron,148,16,230,#9410E6,1,0.42304146,0.57695854
pattern_4_heron,148,20,222,#9414DE,2,0.42433131,0.57566869
pattern_4_heron,148,24,214,#9418D6,2,0.42562109,0.57437891
pattern_4_heron,148,28,184,#941CB8,1,0.43028897,0.56971103
pattern_4_heron,148,50,206,#9432CE,5,0.42724872,0.57275128
pattern_4_heron,148,55,183,#9437B7,3,0.43085712,0.56914288
pattern_4_heron,148,65,219,#9441DB,1,0.42548293,0.57451707
pattern_4_heron,148,73,203,#9449CB,1,0.4280625,0.5719375
pattern_4_heron,148,74,214,#944AD6,4,0.42638886,0.57361114
pattern_4_heron,148,77,211,#944DD3,3,0.42689556,0.57310444
pattern_4_heron,148,85,239,#9455EF,1,0.42271906,0.57728094
pattern_4_heron,150,0,167,#9600A7,10,0.42463839,0.57536161
pattern_4_heron,150,0,170,#9600AA,6,0.42417777,0.57582223
pattern_4_heron,150,0,181,#9600B5,4,0.42248869,0.57751131
pattern_4_heron,150,0,183,#9600B7,2,0.42218161,0.57781839
pattern_4_heron,150,0,184,#9600B8,4,0.42202806,0.57797194
pattern_4_heron,150,0,216,#9600D8,1,0.4171145,0.5828855
pattern_4_heron,150,0,222,#9600DE,5,0.41619325,0.58380675
pattern_4_heron,150,0,225,#9600E1,1,0.41573256,0.58426744
pattern_4_heron,150,0,230,#9600E6,10,0.41496485,0.58503515
pattern_4_heron,150,0,233,#9600E9,1,0.41450417,0.58549583
pattern_4_heron,150,0,252,#9600FC,12,0.41158676,0.58841324
pattern_4_heron,150,5,233,#9605E9,1,0.41458094,0.58541906
pattern_4_heron,150,13,219,#960DDB,2,0.41685349,0.58314651
pattern_4_heron,150,20,225,#9614E1,3,0.41603971,0.58396029
pattern_4_heron,150,24,208,#9618D0,1,0.41871142,0.58128858
pattern_4_heron,150,54,183,#9636B7,1,0.42301077,0.57698923
pattern_4_heron,151,0,164,#9700A4,2,0.42118353,0.57881647
pattern_4_heron,151,0,176,#9700B0,3,0.41934097,0.58065903
pattern_4_heron,151,0,178,#9700B2,12,0.41903389,0.58096611
pattern_4_heron,151,0,244,#9700F4,1,0.40889966,0.59110034
pattern_4_heron,152,50,189,#9832BD,1,0.41419709,0.58580291
pattern_4_heron,153,0,165,#9900A5,9,0.41319901,0.58680099
pattern_4_heron,153,0,178,#9900B2,6,0.41120291,0.58879709
pattern_4_heron,153,0,216,#9900D8,2,0.40536803,0.59463197
pattern_4_heron,153,0,217,#9900D9,2,0.40521449,0.59478551
pattern_4_heron,153,0,227,#9900E3,2,0.40367901,0.59632099
pattern_4_heron,153,0,233,#9900E9,2,0.4027577,0.5972423
pattern_4_heron,153,6,219,#9906DB,2,0.40499955,0.59500045
pattern_4_heron,153,71,211,#9947D3,1,0.40722597,0.59277403
pattern_4_heron,153,77,208,#994DD0,4,0.40777874,0.59222126
pattern_4_heron,154,0,165,#9A00A5,4,0.40928352,0.59071648
pattern_4_heron,154,0,181,#9A00B5,2,0.40682679,0.59317321
pattern_4_heron,154,0,208,#9A00D0,2,0.40268093,0.59731907
pattern_4_heron,154,0,214,#9A00D6,12,0.40175968,0.59824032
pattern_4_heron,154,0,228,#9A00E4,2,0.39960998,0.60039002
pattern_4_heron,154,0,231,#9A00E7,12,0.39914936,0.60085064
pattern_4_heron,154,0,236,#9A00EC,4,0.39838159,0.60161841
pattern_4_heron,154,0,239,#9A00EF,23,0.39792097,0.60207903
pattern_4_heron,154,0,244,#9A00F4,10,0.3971532,0.6028468
pattern_4_heron,154,0,247,#9A00F7,2,0.39669257,0.60330743
pattern_4_heron,154,0,255,#9A00FF,2,0.39546418,0.60453582
pattern_4_heron,154,5,233,#9A05E9,2,0.39891905,0.60108095
pattern_4_heron,154,6,239,#9A06EF,1,0.39801306,0.60198694
pattern_4_heron,154,10,236,#9A0AEC,1,0.39853513,0.60146487
pattern_4_heron,154,42,236,#9A2AEC,2,0.39902651,0.60097349
pattern_4_heron,154,54,252,#9A36FC,2,0.39675397,0.60324603
pattern_4_heron,156,0,165,#9C00A5,559,0.40145254,0.59854746
pattern_4_heron,156,0,170,#9C00AA,5,0.40068483,0.59931517
pattern_4_heron,156,0,172,#9C00AC,15,0.40037775,0.59962225
pattern_4_heron,156,0,173,#9C00AD,40,0.40022421,0.59977579
pattern_4_heron,156,0,175,#9C00AF,5,0.39991707,0.60008293
pattern_4_heron,156,0,178,#9C00B2,6,0.39945644,0.60054356
pattern_4_heron,156,0,181,#9C00B5,14,0.39899582,0.60100418
pattern_4_heron,156,0,189,#9C00BD,6,0.39776742,0.60223258
pattern_4_heron,156,0,194,#9C00C2,1,0.39699966,0.60300034
pattern_4_heron,156,0,197,#9C00C5,5,0.39653903,0.60346097
pattern_4_heron,156,0,198,#9C00C6,21,0.39638549,0.60361451
pattern_4_heron,156,0,205,#9C00CD,12,0.39531064,0.60468936
pattern_4_heron,156,0,206,#9C00CE,24,0.3951571,0.6048429
pattern_4_heron,156,0,214,#9C00D6,29,0.39392871,0.60607129
pattern_4_heron,156,0,217,#9C00D9,12,0.39346802,0.60653198
pattern_4_heron,156,0,222,#9C00DE,6,0.39270031,0.60729969
pattern_4_heron,156,0,227,#9C00E3,3,0.39193255,0.60806745
pattern_4_heron,156,0,228,#9C00E4,2,0.39177901,0.60822099
pattern_4_heron,156,0,231,#9C00E7,3,0.39131838,0.60868162
pattern_4_heron,156,0,247,#9C00F7,11,0.3888616,0.6111384
pattern_4_heron,156,0,255,#9C00FF,3,0.3876332,0.6123668
pattern_4_heron,156,4,165,#9C04A5,5,0.40151399,0.59848601
pattern_4_heron,156,4,181,#9C04B5,5,0.39905721,0.60094279
pattern_4_heron,156,6,170,#9C06AA,5,0.40077698,0.59922302
pattern_4_heron,156,8,165,#9C08A5,12,0.40157539,0.59842461
pattern_4_heron,156,8,214,#9C08D6,2,0.39405155,0.60594845
pattern_4_heron,156,12,173,#9C0CAD,12,0.40040845,0.59959155
pattern_4_heron,156,16,173,#9C10AD,9,0.40046984,0.59953016
pattern_4_heron,156,20,173,#9C14AD,4,0.40053129,0.59946871
pattern_4_heron,156,32,255,#9C20FF,3,0.38812459,0.61187541
pattern_4_heron,156,43,230,#9C2BE6,3,0.39213216,0.60786784
pattern_4_heron,156,52,206,#9C34CE,4,0.3959555,0.6040445
pattern_4_heron,156,52,214,#9C34D6,1,0.39472717,0.60527283
pattern_4_heron,156,58,225,#9C3AE1,1,0.39313024,0.60686976
pattern_4_heron,156,79,211,#9C4FD3,1,0.39560235,0.60439765
pattern_4_heron,159,0,164,#9F00A4,17,0.38985968,0.61014032
pattern_4_heron,159,0,167,#9F00A7,1,0.38939899,0.61060101
pattern_4_heron,159,0,170,#9F00AA,2,0.38893837,0.61106163
pattern_4_heron,159,0,178,#9F00B2,1,0.38770998,0.61229002
pattern_4_heron,159,0,181,#9F00B5,1,0.38724935,0.61275065
pattern_4_heron,159,0,189,#9F00BD,3,0.38602096,0.61397904
pattern_4_heron,159,0,200,#9F00C8,2,0.38433188,0.61566812
pattern_4_heron,159,0,203,#9F00CB,7,0.38387126,0.61612874
pattern_4_heron,159,0,209,#9F00D1,1,0.38294995,0.61705005
pattern_4_heron,159,0,219,#9F00DB,4,0.38141447,0.61858553
pattern_4_heron,159,0,225,#9F00E1,2,0.38049322,0.61950678
pattern_4_heron,159,0,228,#9F00E4,6,0.38003254,0.61996746
pattern_4_heron,159,0,233,#9F00E9,3,0.37926483,0.62073517
pattern_4_heron,159,0,236,#9F00EC,7,0.37880415,0.62119585
pattern_4_heron,159,0,238,#9F00EE,3,0.37849706,0.62150294
pattern_4_heron,159,0,239,#9F00EF,5,0.37834352,0.62165648
pattern_4_heron,159,0,241,#9F00F1,17,0.37803644,0.62196356
pattern_4_heron,159,0,244,#9F00F4,34,0.37757576,0.62242424
pattern_4_heron,159,0,249,#9F00F9,6,0.37680805,0.62319195
pattern_4_heron,159,0,255,#9F00FF,1,0.37588674,0.62411326
pattern_4_heron,159,1,244,#9F01F4,1,0.37759113,0.62240887
pattern_4_heron,159,2,249,#9F02F9,1,0.37683874,0.62316126
pattern_4_heron,159,6,244,#9F06F4,1,0.3776679,0.6223321
pattern_4_heron,159,9,247,#9F09F7,2,0.37725335,0.62274665
pattern_4_heron,159,18,214,#9F12D6,1,0.38245863,0.61754137
pattern_4_heron,159,18,241,#9F12F1,2,0.37831283,0.62168717
pattern_4_heron,159,23,205,#9F17CD,2,0.38391733,0.61608267
pattern_4_heron,159,24,241,#9F18F1,1,0.37840492,0.62159508
pattern_4_heron,159,24,255,#9F18FF,2,0.37625527,0.62374473
pattern_4_heron,159,27,252,#9F1BFC,12,0.37676197,0.62323803
pattern_4_heron,159,41,239,#9F29EF,1,0.37897307,0.62102693
pattern_4_heron,159,46,219,#9F2EDB,2,0.38212079,0.61787921
pattern_4_heron,159,66,219,#9F42DB,1,0.38242793,0.61757207
pattern_4_heron,159,75,228,#9F4BE4,1,0.38118416,0.61881584
pattern_4_heron,159,79,222,#9F4FDE,1,0.38216686,0.61783314
pattern_4_heron,161,0,164,#A100A4,17,0.3820287,0.6179713
pattern_4_heron,161,0,172,#A100AC,1,0.38080031,0.61919969
pattern_4_heron,161,0,184,#A100B8,8,0.37895769,0.62104231
pattern_4_heron,161,0,203,#A100CB,1,0.37604028,0.62395972
pattern_4_heron,161,0,239,#A100EF,2,0.37051255,0.62948745
pattern_4_heron,161,71,211,#A147D3,1,0.37590212,0.62409788
pattern_4_heron,162,0,170,#A200AA,1,0.3771919,0.6228081
pattern_4_heron,162,0,186,#A200BA,1,0.37473512,0.62526488
pattern_4_heron,162,0,194,#A200C2,9,0.37350672,0.62649328
pattern_4_heron,162,0,203,#A200CB,8,0.37212479,0.62787521
pattern_4_heron,162,0,206,#A200CE,3,0.37166417,0.62833583
pattern_4_heron,162,0,211,#A200D3,2,0.3708964,0.6291036
pattern_4_heron,162,0,230,#A200E6,1,0.36797899,0.63202101
pattern_4_heron,162,0,244,#A200F4,1,0.36582929,0.63417071
pattern_4_heron,162,0,247,#A200F7,6,0.36536866,0.63463134
pattern_4_heron,162,75,208,#A24BD0,1,0.3725087,0.6274913
pattern_4_heron,162,78,214,#A24ED6,3,0.37163347,0.62836653
pattern_4_heron,162,78,241,#A24EF1,3,0.36748767,0.63251233
pattern_4_heron,162,79,220,#A24FDC,1,0.37072754,0.62927246
pattern_4_heron,164,0,164,#A400A4,1167,0.37028223,0.62971777
pattern_4_heron,164,0,167,#A400A7,37,0.36982155,0.63017845
pattern_4_heron,164,0,170,#A400AA,13,0.36936092,0.63063908
pattern_4_heron,164,0,173,#A400AD,8,0.3689003,0.6310997
pattern_4_heron,164,0,177,#A400B1,9,0.36828607,0.63171393
pattern_4_heron,164,0,178,#A400B2,3,0.36813253,0.63186747
pattern_4_heron,164,0,189,#A400BD,7,0.36644351,0.63355649
pattern_4_heron,164,0,211,#A400D3,7,0.36306542,0.63693458
pattern_4_heron,164,0,230,#A400E6,6,0.36014801,0.63985199
pattern_4_heron,164,0,241,#A400F1,5,0.358459,0.641541
pattern_4_heron,164,0,244,#A400F4,1,0.35799837,0.64200163
pattern_4_heron,164,0,247,#A400F7,13,0.35753769,0.64246231
pattern_4_heron,164,0,249,#A400F9,37,0.3572306,0.6427694
pattern_4_heron,164,0,255,#A400FF,9,0.35630929,0.64369071
pattern_4_heron,164,6,206,#A406CE,5,0.36392534,0.63607466
pattern_4_heron,164,9,236,#A409EC,1,0.35936493,0.64063507
pattern_4_heron,164,10,249,#A40AF9,6,0.35738415,0.64261585
pattern_4_heron,164,13,247,#A40DF7,2,0.3577373,0.6422627
pattern_4_heron,164,14,230,#A40EE6,3,0.36036301,0.63963699
pattern_4_heron,164,14,247,#A40EF7,1,0.35775268,0.64224732
pattern_4_heron,164,18,249,#A412F9,9,0.35750699,0.64249301
pattern_4_heron,164,23,255,#A417FF,2,0.35666245,0.64333755
pattern_4_heron,164,33,244,#A421F4,2,0.35850507,0.64149493
pattern_4_heron,165,0,165,#A500A5,4306,0.3662132,0.6337868
pattern_4_heron,165,0,170,#A500AA,2,0.36544544,0.63455456
pattern_4_heron,165,0,173,#A500AD,277,0.36498481,0.63501519
pattern_4_heron,165,0,181,#A500B5,34,0.36375642,0.63624358
pattern_4_heron,165,0,189,#A500BD,42,0.36252803,0.63747197
pattern_4_heron,165,0,198,#A500C6,2,0.36114609,0.63885391
pattern_4_heron,165,0,200,#A500C8,6,0.36083901,0.63916099
pattern_4_heron,165,0,206,#A500CE,47,0.3599177,0.6400823
pattern_4_heron,165,0,214,#A500D6,20,0.35868931,0.64131069
pattern_4_heron,165,0,222,#A500DE,10,0.35746092,0.64253908
pattern_4_heron,165,0,225,#A500E1,2,0.35700029,0.64299971
pattern_4_heron,165,0,231,#A500E7,5,0.35607898,0.64392102
pattern_4_heron,165,0,247,#A500F7,11,0.3536222,0.6463778
pattern_4_heron,165,0,249,#A500F9,9,0.35331511,0.64668489
pattern_4_heron,165,0,255,#A500FF,4,0.35239381,0.64760619
pattern_4_heron,165,4,165,#A504A5,102,0.3662746,0.6337254
pattern_4_heron,165,4,173,#A504AD,24,0.3650462,0.6349538
pattern_4_heron,165,4,181,#A504B5,5,0.36381781,0.63618219
pattern_4_heron,165,8,165,#A508A5,21,0.36633605,0.63366395
pattern_4_heron,165,8,231,#A508E7,5,0.35620183,0.64379817
pattern_4_heron,165,12,165,#A50CA5,19,0.36639744,0.63360256
pattern_4_heron,165,12,173,#A50CAD,11,0.36516905,0.63483095
pattern_4_heron,165,12,181,#A50CB5,3,0.36394066,0.63605934
pattern_4_heron,165,16,165,#A510A5,5,0.36645889,0.63354111
pattern_4_heron,165,28,173,#A51CAD,2,0.36541474,0.63458526
pattern_4_heron,165,36,173,#A524AD,3,0.36553758,0.63446242
pattern_4_heron,165,73,214,#A549D6,1,0.35981023,0.64018977
pattern_4_heron,167,0,164,#A700A4,23,0.35853577,0.64146423
pattern_4_heron,167,0,167,#A700A7,1469,0.35807514,0.64192486
pattern_4_heron,167,0,170,#A700AA,13,0.35761446,0.64238554
pattern_4_heron,167,0,173,#A700AD,4,0.35715383,0.64284617
pattern_4_heron,167,0,203,#A700CB,6,0.35254735,0.64745265
pattern_4_heron,167,0,206,#A700CE,2,0.35208672,0.64791328
pattern_4_heron,167,0,220,#A700DC,5,0.34993702,0.65006298
pattern_4_heron,167,0,231,#A700E7,2,0.348248,0.651752
pattern_4_heron,167,2,181,#A702B5,1,0.35595614,0.64404386
pattern_4_heron,168,0,189,#A800BD,5,0.35078156,0.64921844
pattern_4_heron,169,0,169,#A900A9,9,0.34993702,0.65006298
pattern_4_heron,170,0,167,#AA00A7,13,0.34632868,0.65367132
pattern_4_heron,170,0,170,#AA00AA,1693,0.34586799,0.65413201
pattern_4_heron,170,0,172,#AA00AC,12,0.34556091,0.65443909
pattern_4_heron,170,0,173,#AA00AD,19,0.34540737,0.65459263
pattern_4_heron,170,0,175,#AA00AF,2,0.34510028,0.65489972
pattern_4_heron,170,0,178,#AA00B2,9,0.3446396,0.6553604
pattern_4_heron,170,0,183,#AA00B7,7,0.34387189,0.65612811
pattern_4_heron,170,0,189,#AA00BD,13,0.34295058,0.65704942
pattern_4_heron,170,0,195,#AA00C3,4,0.34202927,0.65797073
pattern_4_heron,170,0,200,#AA00C8,2,0.34126157,0.65873843
pattern_4_heron,170,0,211,#AA00D3,5,0.33957255,0.66042745
pattern_4_heron,170,0,214,#AA00D6,7,0.33911186,0.66088814
pattern_4_heron,170,0,222,#AA00DE,9,0.33788347,0.66211653
pattern_4_heron,170,0,225,#AA00E1,4,0.33742285,0.66257715
pattern_4_heron,170,0,227,#AA00E3,4,0.33711576,0.66288424
pattern_4_heron,170,0,228,#AA00E4,1,0.33696222,0.66303778
pattern_4_heron,170,0,239,#AA00EF,2,0.33527315,0.66472685
pattern_4_heron,170,0,241,#AA00F1,2,0.33496606,0.66503394
pattern_4_heron,170,0,244,#AA00F4,2,0.33450544,0.66549456
pattern_4_heron,170,0,255,#AA00FF,12,0.33281636,0.66718364
pattern_4_heron,170,2,170,#AA02AA,9,0.34589875,0.65410125
pattern_4_heron,170,6,252,#AA06FC,3,0.33336914,0.66663086
pattern_4_heron,170,9,176,#AA09B0,6,0.34508491,0.65491509
pattern_4_heron,170,78,225,#AA4EE1,1,0.33862054,0.66137946
pattern_4_heron,170,85,249,#AA55F9,3,0.33504283,0.66495717
pattern_4_heron,170,86,233,#AA56E9,2,0.337515,0.662485
pattern_4_heron,172,0,170,#AC00AA,1,0.33803701,0.66196299
pattern_4_heron,172,0,172,#AC00AC,933,0.33772993,0.66227007
pattern_4_heron,172,0,197,#AC00C5,3,0.33389121,0.66610879
pattern_4_heron,172,0,236,#AC00EC,2,0.32790285,0.67209715
pattern_4_heron,172,0,244,#AC00F4,1,0.32667446,0.67332554
pattern_4_heron,172,0,255,#AC00FF,17,0.32498538,0.67501462
pattern_4_heron,172,1,175,#AC01AF,4,0.33728462,0.66271538
pattern_4_heron,172,4,255,#AC04FF,1,0.32504684,0.67495316
pattern_4_heron,172,9,172,#AC09AC,6,0.33786815,0.66213185
pattern_4_heron,172,75,206,#AC4BCE,1,0.3336609,0.6663391
pattern_4_heron,172,86,236,#AC56EC,1,0.32922333,0.67077667
pattern_4_heron,172,87,236,#AC57EC,2,0.32923871,0.67076129
pattern_4_heron,172,87,244,#AC57F4,2,0.32801032,0.67198968
pattern_4_heron,172,87,249,#AC57F9,5,0.32724255,0.67275745
pattern_4_heron,173,0,164,#AD00A4,8,0.33504283,0.66495717
pattern_4_heron,173,0,165,#AD00A5,94,0.33488929,0.66511071
pattern_4_heron,173,0,172,#AD00AC,4,0.33381444,0.66618556
pattern_4_heron,173,0,173,#AD00AD,4385,0.3336609,0.6663391
pattern_4_heron,173,0,178,#AD00B2,2,0.33289313,0.66710687
pattern_4_heron,173,0,181,#AD00B5,240,0.33243251,0.66756749
pattern_4_heron,173,0,189,#AD00BD,68,0.33120412,0.66879588
pattern_4_heron,173,0,198,#AD00C6,46,0.32982218,0.67017782
pattern_4_heron,173,0,206,#AD00CE,38,0.32859379,0.67140621
pattern_4_heron,173,0,214,#AD00D6,50,0.3273654,0.6726346
pattern_4_heron,173,0,222,#AD00DE,2,0.32613701,0.67386299
pattern_4_heron,173,0,231,#AD00E7,5,0.32475507,0.67524493
pattern_4_heron,173,0,239,#AD00EF,2,0.32352668,0.67647332
pattern_4_heron,173,0,247,#AD00F7,28,0.32229829,0.67770171
pattern_4_heron,173,0,255,#AD00FF,12,0.3210699,0.6789301
pattern_4_heron,173,4,165,#AD04A5,70,0.33495069,0.66504931
pattern_4_heron,173,4,173,#AD04AD,59,0.33372229,0.66627771
pattern_4_heron,173,8,165,#AD08A5,22,0.33501214,0.66498786
pattern_4_heron,173,8,173,#AD08AD,16,0.33378375,0.66621625
pattern_4_heron,173,8,181,#AD08B5,6,0.33255535,0.66744465
pattern_4_heron,173,12,165,#AD0CA5,6,0.33507353,0.66492647
pattern_4_heron,173,12,173,#AD0CAD,23,0.33384514,0.66615486
pattern_4_heron,173,12,181,#AD0CB5,8,0.33261675,0.66738325
pattern_4_heron,173,12,206,#AD0CCE,7,0.32877809,0.67122191
pattern_4_heron,173,12,222,#AD0CDE,1,0.3263213,0.6736787
pattern_4_heron,173,14,255,#AD0EFF,6,0.32128489,0.67871511
pattern_4_heron,173,16,173,#AD10AD,7,0.33390659,0.66609341
pattern_4_heron,173,16,181,#AD10B5,2,0.3326782,0.6673218
pattern_4_heron,173,16,198,#AD10C6,9,0.33006787,0.66993213
pattern_4_heron,173,16,255,#AD10FF,8,0.32131559,0.67868441
pattern_4_heron,173,20,173,#AD14AD,2,0.33396798,0.66603202
pattern_4_heron,173,20,181,#AD14B5,2,0.33273959,0.66726041
pattern_4_heron,173,20,189,#AD14BD,6,0.3315112,0.6684888
pattern_4_heron,173,28,173,#AD1CAD,7,0.33409083,0.66590917
pattern_4_heron,173,28,198,#AD1CC6,3,0.33025211,0.66974789
pattern_4_heron,173,28,247,#AD1CF7,2,0.32272828,0.67727172
pattern_4_heron,173,28,255,#AD1CFF,6,0.32149988,0.67850012
pattern_4_heron,173,40,173,#AD28AD,1,0.33427513,0.66572487
pattern_4_heron,173,40,206,#AD28CE,4,0.32920802,0.67079198
pattern_4_heron,173,44,214,#AD2CD6,2,0.32804102,0.67195898
pattern_4_heron,173,48,181,#AD30B5,1,0.33316952,0.66683048
pattern_4_heron,173,60,255,#AD3CFF,2,0.32199121,0.67800879
pattern_4_heron,175,0,165,#AF00A5,4,0.32705832,0.67294168
pattern_4_heron,175,0,175,#AF00AF,1044,0.32552284,0.67447716
pattern_4_heron,175,0,178,#AF00B2,1,0.32506222,0.67493778
pattern_4_heron,175,0,181,#AF00B5,12,0.32460153,0.67539847
pattern_4_heron,175,0,205,#AF00CD,6,0.32091635,0.67908365
pattern_4_heron,175,0,233,#AF00E9,4,0.31661701,0.68338299
pattern_4_heron,175,0,238,#AF00EE,3,0.3158493,0.6841507
pattern_4_heron,175,5,175,#AF05AF,4,0.32559961,0.67440039
pattern_4_heron,175,83,244,#AF53F4,4,0.31620246,0.68379754
pattern_4_heron,176,0,176,#B000B0,400,0.32145381,0.67854619
pattern_4_heron,178,0,175,#B200AF,9,0.31377637,0.68622363
pattern_4_heron,178,0,178,#B200B2,1169,0.31331575,0.68668425
pattern_4_heron,178,0,181,#B200B5,17,0.31285506,0.68714494
pattern_4_heron,178,0,183,#B200B7,9,0.31254798,0.68745202
pattern_4_heron,178,0,184,#B200B8,3,0.31239444,0.68760556
pattern_4_heron,178,0,197,#B200C5,8,0.31039828,0.68960172
pattern_4_heron,178,0,209,#B200D1,4,0.30855572,0.69144428
pattern_4_heron,178,0,219,#B200DB,8,0.30702025,0.69297975
pattern_4_heron,178,0,225,#B200E1,1,0.30609894,0.69390106
pattern_4_heron,178,0,244,#B200F4,1,0.30318153,0.69681847
pattern_4_heron,178,0,247,#B200F7,2,0.3027209,0.6972791
pattern_4_heron,178,0,249,#B200F9,7,0.30241376,0.69758624
pattern_4_heron,178,28,252,#B21CFC,1,0.30238307,0.69761693
pattern_4_heron,178,75,211,#B24BD3,2,0.30940026,0.69059974
pattern_4_heron,178,81,225,#B251E1,2,0.30734271,0.69265729
pattern_4_heron,178,87,249,#B257F9,3,0.30374968,0.69625032
pattern_4_heron,181,0,165,#B500A5,52,0.30356538,0.69643462
pattern_4_heron,181,0,173,#B500AD,69,0.30233699,0.69766301
pattern_4_heron,181,0,181,#B500B5,5627,0.3011086,0.6988914
pattern_4_heron,181,0,189,#B500BD,278,0.29988021,0.70011979
pattern_4_heron,181,0,192,#B500C0,3,0.29941958,0.70058042
pattern_4_heron,181,0,198,#B500C6,60,0.29849827,0.70150173
pattern_4_heron,181,0,203,#B500CB,7,0.29773057,0.70226943
pattern_4_heron,181,0,206,#B500CE,28,0.29726988,0.70273012
pattern_4_heron,181,0,208,#B500D0,6,0.2969628,0.7030372
pattern_4_heron,181,0,214,#B500D6,15,0.29604155,0.70395845
pattern_4_heron,181,0,222,#B500DE,3,0.29481316,0.70518684
pattern_4_heron,181,0,231,#B500E7,19,0.29343122,0.70656878
pattern_4_heron,181,0,239,#B500EF,8,0.29220283,0.70779717
pattern_4_heron,181,0,247,#B500F7,1,0.29097444,0.70902556
pattern_4_heron,181,0,255,#B500FF,3,0.28974605,0.71025395
pattern_4_heron,181,4,165,#B504A5,3,0.30362684,0.69637316
pattern_4_heron,181,4,173,#B504AD,39,0.30239844,0.69760156
pattern_4_heron,181,4,181,#B504B5,57,0.30117005,0.69882995
pattern_4_heron,181,4,198,#B504C6,12,0.29855973,0.70144027
pattern_4_heron,181,8,173,#B508AD,12,0.30245984,0.69754016
pattern_4_heron,181,8,181,#B508B5,22,0.30123144,0.69876856
pattern_4_heron,181,8,189,#B508BD,25,0.30000305,0.69999695
pattern_4_heron,181,12,165,#B50CA5,3,0.30374968,0.69625032
pattern_4_heron,181,12,173,#B50CAD,2,0.30252129,0.69747871
pattern_4_heron,181,12,181,#B50CB5,13,0.3012929,0.6987071
pattern_4_heron,181,12,189,#B50CBD,13,0.3000645,0.6999355
pattern_4_heron,181,12,206,#B50CCE,2,0.29745418,0.70254582
pattern_4_heron,181,16,214,#B510D6,2,0.29628718,0.70371282
pattern_4_heron,181,20,181,#B514B5,1,0.30141574,0.69858426
pattern_4_heron,181,20,214,#B514D6,2,0.29634863,0.70365137
pattern_4_heron,181,24,214,#B518D6,5,0.29641002,0.70358998
pattern_4_heron,181,24,222,#B518DE,2,0.29518163,0.70481837
pattern_4_heron,181,28,173,#B51CAD,8,0.30276692,0.69723308
pattern_4_heron,181,28,181,#B51CB5,3,0.30153853,0.69846147
pattern_4_heron,181,32,189,#B520BD,1,0.30037159,0.69962841
pattern_4_heron,181,32,222,#B520DE,4,0.29530448,0.70469552
pattern_4_heron,181,44,255,#B52CFF,3,0.29042166,0.70957834
pattern_4_heron,181,65,198,#B541C6,4,0.29949635,0.70050365
pattern_4_heron,181,83,222,#B553DE,2,0.29608756,0.70391244
pattern_4_heron,181,85,255,#B555FF,1,0.29105121,0.70894879
pattern_4_heron,183,0,170,#B700AA,2,0.2949667,0.7050333
pattern_4_heron,183,0,183,#B700B7,221,0.29297054,0.70702946
pattern_4_heron,183,0,211,#B700D3,2,0.2886712,0.7113288
pattern_4_heron,183,0,214,#B700D6,4,0.28821057,0.71178943
pattern_4_heron,183,0,227,#B700E3,1,0.28621441,0.71378559
pattern_4_heron,184,0,184,#B800B8,924,0.28890151,0.71109849
pattern_4_heron,184,0,192,#B800C0,8,0.28767312,0.71232688
pattern_4_heron,184,1,184,#B801B8,6,0.28891689,0.71108311
pattern_4_heron,185,0,185,#B900B9,15,0.28483248,0.71516752
pattern_4_heron,185,0,243,#B900F3,11,0.27592665,0.72407335
pattern_4_heron,185,0,255,#B900FF,5,0.27408409,0.72591591
pattern_4_heron,186,0,181,#BA00B5,9,0.28153121,0.71846879
pattern_4_heron,186,0,186,#BA00BA,1062,0.28076345,0.71923655
pattern_4_heron,186,0,194,#BA00C2,46,0.27953506,0.72046494
pattern_4_heron,186,0,195,#BA00C3,7,0.27938151,0.72061849
pattern_4_heron,186,0,219,#BA00DB,6,0.27569634,0.72430366
pattern_4_heron,186,1,173,#BA01AD,4,0.28277493,0.71722507
pattern_4_heron,186,73,208,#BA49D0,1,0.27850628,0.72149372
pattern_4_heron,186,78,230,#BA4EE6,6,0.27520502,0.72479498
pattern_4_heron,186,87,249,#BA57F9,3,0.27242577,0.72757423
pattern_4_heron,187,0,187,#BB00BB,432,0.27669442,0.72330558
pattern_4_heron,187,0,203,#BB00CB,7,0.27423763,0.72576237
pattern_4_heron,189,0,165,#BD00A5,10,0.27224147,0.72775853
pattern_4_heron,189,0,173,#BD00AD,68,0.27101314,0.72898686
pattern_4_heron,189,0,181,#BD00B5,185,0.26978475,0.73021525
pattern_4_heron,189,0,189,#BD00BD,5377,0.26855636,0.73144364
pattern_4_heron,189,0,195,#BD00C3,27,0.26763505,0.73236495
pattern_4_heron,189,0,198,#BD00C6,238,0.26717442,0.73282558
pattern_4_heron,189,0,200,#BD00C8,9,0.26686728,0.73313272
pattern_4_heron,189,0,203,#BD00CB,8,0.26640666,0.73359334
pattern_4_heron,189,0,206,#BD00CE,44,0.26594603,0.73405397
pattern_4_heron,189,0,214,#BD00D6,27,0.26471764,0.73528236
pattern_4_heron,189,0,222,#BD00DE,1,0.26348925,0.73651075
pattern_4_heron,189,0,231,#BD00E7,4,0.26210731,0.73789269
pattern_4_heron,189,0,239,#BD00EF,1,0.26087892,0.73912108
pattern_4_heron,189,0,247,#BD00F7,6,0.25965053,0.74034947
pattern_4_heron,189,0,255,#BD00FF,46,0.25842214,0.74157786
pattern_4_heron,189,4,173,#BD04AD,6,0.27107453,0.72892547
pattern_4_heron,189,4,181,#BD04B5,4,0.26984614,0.73015386
pattern_4_heron,189,4,189,#BD04BD,36,0.26861775,0.73138225
pattern_4_heron,189,4,198,#BD04C6,9,0.26723582,0.73276418
pattern_4_heron,189,4,206,#BD04CE,10,0.26600742,0.73399258
pattern_4_heron,189,4,255,#BD04FF,5,0.25848353,0.74151647
pattern_4_heron,189,8,181,#BD08B5,7,0.26990753,0.73009247
pattern_4_heron,189,8,189,#BD08BD,16,0.2686792,0.7313208
pattern_4_heron,189,12,173,#BD0CAD,3,0.27119738,0.72880262
pattern_4_heron,189,12,181,#BD0CB5,3,0.26996899,0.73003101
pattern_4_heron,189,12,189,#BD0CBD,31,0.26874059,0.73125941
pattern_4_heron,189,12,198,#BD0CC6,5,0.26735866,0.73264134
pattern_4_heron,189,16,173,#BD10AD,3,0.27125877,0.72874123
pattern_4_heron,189,16,189,#BD10BD,12,0.26880199,0.73119801
pattern_4_heron,189,16,198,#BD10C6,10,0.26742005,0.73257995
pattern_4_heron,189,16,214,#BD10D6,6,0.26496333,0.73503667
pattern_4_heron,189,20,189,#BD14BD,4,0.26886344,0.73113656
pattern_4_heron,189,20,214,#BD14D6,3,0.26502472,0.73497528
pattern_4_heron,189,24,189,#BD18BD,11,0.26892483,0.73107517
pattern_4_heron,189,32,206,#BD20CE,1,0.26643735,0.73356265
pattern_4_heron,189,32,222,#BD20DE,1,0.26398057,0.73601943
pattern_4_heron,189,40,189,#BD28BD,2,0.26917052,0.73082948
pattern_4_heron,189,44,189,#BD2CBD,3,0.26923198,0.73076802
pattern_4_heron,189,48,189,#BD30BD,1,0.26929337,0.73070663
pattern_4_heron,189,56,247,#BD38F7,3,0.26051039,0.73948961
pattern_4_heron,189,58,214,#BD3AD6,1,0.26560819,0.73439181
pattern_4_heron,189,60,189,#BD3CBD,2,0.26947761,0.73052239
pattern_4_heron,189,60,206,#BD3CCE,2,0.26686728,0.73313272
pattern_4_heron,192,0,173,#C000AD,4,0.25926667,0.74073333
pattern_4_heron,192,0,192,#C000C0,1386,0.25634921,0.74365079
pattern_4_heron,192,0,197,#C000C5,2,0.2555815,0.7444185
pattern_4_heron,192,32,192,#C020C0,3,0.25684059,0.74315941
pattern_4_heron,192,40,247,#C028F7,2,0.24851823,0.75148177
pattern_4_heron,192,59,219,#C03BDB,2,0.25310934,0.74689066
pattern_4_heron,193,0,193,#C100C1,50,0.25228018,0.74771982
pattern_4_heron,193,0,206,#C100CE,10,0.25028408,0.74971592
pattern_4_heron,194,0,165,#C200A5,2,0.25266409,0.74733591
pattern_4_heron,194,0,194,#C200C2,518,0.24821115,0.75178885
pattern_4_heron,194,0,203,#C200CB,7,0.24682921,0.75317079
pattern_4_heron,194,0,206,#C200CE,15,0.24636859,0.75363141
pattern_4_heron,194,87,244,#C257F4,1,0.24186963,0.75813037
pattern_4_heron,195,0,195,#C300C3,1082,0.24414212,0.75585788
pattern_4_heron,195,66,225,#C342E1,1,0.24054909,0.75945091
pattern_4_heron,197,0,197,#C500C5,844,0.23600405,0.76399595
pattern_4_heron,197,0,203,#C500CB,5,0.23508275,0.76491725
pattern_4_heron,197,0,205,#C500CD,4,0.23477566,0.76522434
pattern_4_heron,197,0,208,#C500D0,11,0.23431504,0.76568496
pattern_4_heron,197,0,225,#C500E1,1,0.23170471,0.76829529
pattern_4_heron,197,52,216,#C534D8,1,0.23388511,0.76611489
pattern_4_heron,197,85,249,#C555F9,1,0.2293247,0.7706753
pattern_4_heron,198,0,165,#C600A5,6,0.23700213,0.76299787
pattern_4_heron,198,0,173,#C600AD,20,0.23577374,0.76422626
pattern_4_heron,198,0,181,#C600B5,17,0.23454535,0.76545465
pattern_4_heron,198,0,189,#C600BD,100,0.23331696,0.76668304
pattern_4_heron,198,0,198,#C600C6,8841,0.23193502,0.76806498
pattern_4_heron,198,0,206,#C600CE,145,0.23070663,0.76929337
pattern_4_heron,198,0,214,#C600D6,23,0.22947824,0.77052176
pattern_4_heron,198,0,222,#C600DE,22,0.22824985,0.77175015
pattern_4_heron,198,0,231,#C600E7,9,0.22686791,0.77313209
pattern_4_heron,198,0,239,#C600EF,13,0.22563952,0.77436048
pattern_4_heron,198,0,247,#C600F7,38,0.22441113,0.77558887
pattern_4_heron,198,0,255,#C600FF,97,0.22318274,0.77681726
pattern_4_heron,198,4,181,#C604B5,4,0.23460674,0.76539326
pattern_4_heron,198,4,189,#C604BD,14,0.23337835,0.76662165
pattern_4_heron,198,4,198,#C604C6,23,0.23199642,0.76800358
pattern_4_heron,198,4,206,#C604CE,12,0.23076802,0.76923198
pattern_4_heron,198,8,189,#C608BD,12,0.2334398,0.7665602
pattern_4_heron,198,8,206,#C608CE,13,0.23082948,0.76917052
pattern_4_heron,198,12,181,#C60CB5,7,0.23472959,0.76527041
pattern_4_heron,198,12,189,#C60CBD,7,0.2335012,0.7664988
pattern_4_heron,198,12,198,#C60CC6,4,0.23211926,0.76788074
pattern_4_heron,198,12,206,#C60CCE,15,0.23089087,0.76910913
pattern_4_heron,198,12,214,#C60CD6,11,0.22966248,0.77033752
pattern_4_heron,198,16,173,#C610AD,1,0.23601943,0.76398057
pattern_4_heron,198,16,181,#C610B5,2,0.23479104,0.76520896
pattern_4_heron,198,16,198,#C610C6,2,0.23218071,0.76781929
pattern_4_heron,198,16,206,#C610CE,12,0.23095232,0.76904768
pattern_4_heron,198,16,214,#C610D6,6,0.22972393,0.77027607
pattern_4_heron,198,16,231,#C610E7,2,0.2271136,0.7728864
pattern_4_heron,198,20,189,#C614BD,4,0.23362404,0.76637596
pattern_4_heron,198,24,198,#C618C6,1,0.23230356,0.76769644
pattern_4_heron,198,32,181,#C620B5,3,0.23503667,0.76496333
pattern_4_heron,198,32,214,#C620D6,3,0.22996962,0.77003038
pattern_4_heron,198,36,189,#C624BD,8,0.23386973,0.76613027
pattern_4_heron,198,36,206,#C624CE,1,0.23125941,0.76874059
pattern_4_heron,198,40,181,#C628B5,8,0.23515952,0.76484048
pattern_4_heron,198,40,206,#C628CE,5,0.2313208,0.7686792
pattern_4_heron,198,52,198,#C634C6,5,0.23273349,0.76726651
pattern_4_heron,198,60,206,#C63CCE,2,0.23162794,0.76837206
pattern_4_heron,198,60,255,#C63CFF,2,0.22410405,0.77589595
pattern_4_heron,198,62,214,#C63ED6,1,0.23043025,0.76956975
pattern_4_heron,198,69,214,#C645D6,2,0.23053771,0.76946229
pattern_4_heron,200,0,194,#C800C2,5,0.22471821,0.77528179
pattern_4_heron,200,0,200,#C800C8,2652,0.22379696,0.77620304
pattern_4_heron,200,0,206,#C800CE,1,0.22287565,0.77712435
pattern_4_heron,200,0,217,#C800D9,7,0.22118664,0.77881336
pattern_4_heron,200,0,239,#C800EF,1,0.21780854,0.78219146
pattern_4_heron,200,0,255,#C800FF,2,0.21535176,0.78464824
pattern_4_heron,200,71,200,#C847C8,1,0.22488713,0.77511287
pattern_4_heron,200,83,222,#C853DE,2,0.22169334,0.77830666
pattern_4_heron,203,0,181,#CB00B5,20,0.21496791,0.78503209
pattern_4_heron,203,0,203,#CB00CB,1536,0.21158981,0.78841019
pattern_4_heron,203,0,225,#CB00E1,9,0.20821178,0.79178822
pattern_4_heron,203,0,241,#CB00F1,1,0.205755,0.794245
pattern_4_heron,205,0,205,#CD00CD,317,0.20345175,0.79654825
pattern_4_heron,205,0,208,#CD00D0,1,0.20299113,0.79700887
pattern_4_heron,205,0,249,#CD00F9,1,0.19669563,0.80330437
pattern_4_heron,205,13,238,#CD0DEE,1,0.19858426,0.80141574
pattern_4_heron,205,78,222,#CD4EDE,2,0.20203912,0.79796088
pattern_4_heron,206,0,165,#CE00A5,54,0.20567822,0.79432178
pattern_4_heron,206,0,173,#CE00AD,1,0.20444983,0.79555017
pattern_4_heron,206,0,181,#CE00B5,6,0.20322144,0.79677856
pattern_4_heron,206,0,189,#CE00BD,22,0.20199305,0.79800695
pattern_4_heron,206,0,198,#CE00C6,45,0.20061111,0.79938889
pattern_4_heron,206,0,206,#CE00CE,3096,0.19938272,0.80061728
pattern_4_heron,206,0,214,#CE00D6,213,0.19815433,0.80184567
pattern_4_heron,206,0,222,#CE00DE,30,0.19692594,0.80307406
pattern_4_heron,206,0,231,#CE00E7,4,0.195544,0.804456
pattern_4_heron,206,0,239,#CE00EF,24,0.19431561,0.80568439
pattern_4_heron,206,0,255,#CE00FF,33,0.19185889,0.80814111
pattern_4_heron,206,4,198,#CE04C6,54,0.20067257,0.79932743
pattern_4_heron,206,4,206,#CE04CE,59,0.19944417,0.80055583
pattern_4_heron,206,4,231,#CE04E7,5,0.19560546,0.80439454
pattern_4_heron,206,8,189,#CE08BD,3,0.20211589,0.79788411
pattern_4_heron,206,8,198,#CE08C6,3,0.20073396,0.79926604
pattern_4_heron,206,8,206,#CE08CE,44,0.19950557,0.80049443
pattern_4_heron,206,8,222,#CE08DE,9,0.19704878,0.80295122
pattern_4_heron,206,12,198,#CE0CC6,7,0.20079535,0.79920465
pattern_4_heron,206,12,206,#CE0CCE,20,0.19956702,0.80043298
pattern_4_heron,206,12,222,#CE0CDE,9,0.19711024,0.80288976
pattern_4_heron,206,12,231,#CE0CE7,12,0.1957283,0.8042717
pattern_4_heron,206,12,247,#CE0CF7,4,0.19327152,0.80672848
pattern_4_heron,206,16,198,#CE10C6,6,0.2008568,0.7991432
pattern_4_heron,206,16,206,#CE10CE,12,0.19962841,0.80037159
pattern_4_heron,206,20,206,#CE14CE,15,0.19968981,0.80031019
pattern_4_heron,206,20,255,#CE14FF,12,0.19216597,0.80783403
pattern_4_heron,206,24,181,#CE18B5,1,0.20358998,0.79641002
pattern_4_heron,206,24,198,#CE18C6,6,0.20097965,0.79902035
pattern_4_heron,206,24,206,#CE18CE,3,0.19975126,0.80024874
pattern_4_heron,206,32,181,#CE20B5,1,0.20371282,0.79628718
pattern_4_heron,206,32,206,#CE20CE,9,0.1998741,0.8001259
pattern_4_heron,206,36,181,#CE24B5,1,0.20377421,0.79622579
pattern_4_heron,206,40,206,#CE28CE,2,0.19999695,0.80000305
pattern_4_heron,206,44,206,#CE2CCE,2,0.20005834,0.79994166
pattern_4_heron,206,48,214,#CE30D6,1,0.1988914,0.8011086
pattern_4_heron,206,52,231,#CE34E7,2,0.19634247,0.80365753
pattern_4_heron,206,56,206,#CE38CE,2,0.20024258,0.79975742
pattern_4_heron,206,56,222,#CE38DE,7,0.19778585,0.80221415
pattern_4_heron,206,60,206,#CE3CCE,3,0.20030403,0.79969597
pattern_4_heron,206,60,255,#CE3CFF,3,0.19278014,0.80721986
pattern_4_heron,206,69,255,#CE45FF,2,0.19291836,0.80708164
pattern_4_heron,206,71,208,#CE47D0,1,0.20016581,0.79983419
pattern_4_heron,206,73,206,#CE49CE,4,0.20050365,0.79949635
pattern_4_heron,206,78,222,#CE4EDE,1,0.19812363,0.80187637
pattern_4_heron,208,0,198,#D000C6,16,0.19278014,0.80721986
pattern_4_heron,208,0,208,#D000D0,542,0.19124466,0.80875534
pattern_4_heron,208,0,211,#D000D3,12,0.19078404,0.80921596
pattern_4_heron,208,0,219,#D000DB,2,0.18955564,0.81044436
pattern_4_heron,208,0,222,#D000DE,11,0.18909496,0.81090504
pattern_4_heron,209,0,209,#D100D1,355,0.18717563,0.81282437
pattern_4_heron,209,0,217,#D100D9,10,0.18594724,0.81405276
pattern_4_heron,211,0,172,#D300AC,6,0.18502593,0.81497407
pattern_4_heron,211,0,211,#D300D3,602,0.17903757,0.82096243
pattern_4_heron,211,0,222,#D300DE,11,0.17734855,0.82265145
pattern_4_heron,211,0,255,#D300FF,4,0.17228144,0.82771856
pattern_4_heron,211,67,222,#D343DE,1,0.17837727,0.82162273
pattern_4_heron,214,0,165,#D600A5,4,0.17435431,0.82564569
pattern_4_heron,214,0,173,#D600AD,7,0.17312592,0.82687408
pattern_4_heron,214,0,181,#D600B5,3,0.17189753,0.82810247
pattern_4_heron,214,0,198,#D600C6,29,0.1692872,0.8307128
pattern_4_heron,214,0,206,#D600CE,82,0.16805881,0.83194119
pattern_4_heron,214,0,214,#D600D6,3135,0.16683048,0.83316952
pattern_4_heron,214,0,222,#D600DE,109,0.16560209,0.83439791
pattern_4_heron,214,0,231,#D600E7,43,0.16422015,0.83577985
pattern_4_heron,214,0,239,#D600EF,12,0.16299176,0.83700824
pattern_4_heron,214,0,247,#D600F7,2,0.16176337,0.83823663
pattern_4_heron,214,0,255,#D600FF,33,0.16053498,0.83946502
pattern_4_heron,214,4,198,#D604C6,4,0.16934866,0.83065134
pattern_4_heron,214,4,206,#D604CE,73,0.16812027,0.83187973
pattern_4_heron,214,4,214,#D604D6,148,0.16689187,0.83310813
pattern_4_heron,214,4,222,#D604DE,16,0.16566348,0.83433652
pattern_4_heron,214,8,206,#D608CE,15,0.16818166,0.83181834
pattern_4_heron,214,8,214,#D608D6,39,0.16695327,0.83304673
pattern_4_heron,214,8,222,#D608DE,8,0.16572487,0.83427513
pattern_4_heron,214,8,247,#D608F7,6,0.16188622,0.83811378
pattern_4_heron,214,12,206,#D60CCE,18,0.16824311,0.83175689
pattern_4_heron,214,12,214,#D60CD6,40,0.16701472,0.83298528
pattern_4_heron,214,12,222,#D60CDE,2,0.16578633,0.83421367
pattern_4_heron,214,16,181,#D610B5,2,0.17214322,0.82785678
pattern_4_heron,214,16,198,#D610C6,2,0.1695329,0.8304671
pattern_4_heron,214,16,206,#D610CE,3,0.1683045,0.8316955
pattern_4_heron,214,16,214,#D610D6,18,0.16707611,0.83292389
pattern_4_heron,214,16,231,#D610E7,7,0.16446579,0.83553421
pattern_4_heron,214,16,255,#D610FF,7,0.16078067,0.83921933
pattern_4_heron,214,20,214,#D614D6,6,0.16713756,0.83286244
pattern_4_heron,214,32,189,#D620BD,2,0.17116052,0.82883948
pattern_4_heron,214,32,206,#D620CE,3,0.16855019,0.83144981
pattern_4_heron,214,32,231,#D620E7,5,0.16471148,0.83528852
pattern_4_heron,214,36,214,#D624D6,5,0.16738325,0.83261675
pattern_4_heron,214,40,214,#D628D6,7,0.16744465,0.83255535
pattern_4_heron,214,40,255,#D628FF,3,0.16114914,0.83885086
pattern_4_heron,214,48,206,#D630CE,4,0.16879588,0.83120412
pattern_4_heron,214,77,214,#D64DD6,6,0.1680128,0.8319872
pattern_4_heron,214,81,255,#D651FF,1,0.16177869,0.83822131
pattern_4_heron,216,0,216,#D800D8,85,0.15869236,0.84130764
pattern_4_heron,216,79,236,#D84FEC,1,0.15683442,0.84316558
pattern_4_heron,217,0,217,#D900D9,561,0.15462333,0.84537667
pattern_4_heron,218,0,218,#DA00DA,6,0.1505543,0.8494457
pattern_4_heron,219,0,219,#DB00DB,343,0.14648527,0.85351473
pattern_4_heron,219,41,219,#DB29DB,5,0.14711481,0.85288519
pattern_4_heron,219,56,230,#DB38E6,1,0.14565611,0.85434389
pattern_4_heron,219,75,219,#DB4BDB,4,0.14763689,0.85236311
pattern_4_heron,219,75,225,#DB4BE1,4,0.14671558,0.85328442
pattern_4_heron,220,0,220,#DC00DC,234,0.14241624,0.85758376
pattern_4_heron,222,0,173,#DE00AD,1,0.14180207,0.85819793
pattern_4_heron,222,0,181,#DE00B5,3,0.14057368,0.85942632
pattern_4_heron,222,0,198,#DE00C6,11,0.13796335,0.86203665
pattern_4_heron,222,0,206,#DE00CE,7,0.13673496,0.86326504
pattern_4_heron,222,0,214,#DE00D6,47,0.13550657,0.86449343
pattern_4_heron,222,0,222,#DE00DE,2188,0.13427818,0.86572182
pattern_4_heron,222,0,231,#DE00E7,255,0.13289624,0.86710376
pattern_4_heron,222,0,236,#DE00EC,2,0.13212848,0.86787152
pattern_4_heron,222,0,239,#DE00EF,43,0.13166785,0.86833215
pattern_4_heron,222,0,247,#DE00F7,11,0.13043946,0.86956054
pattern_4_heron,222,0,255,#DE00FF,18,0.12921107,0.87078893
pattern_4_heron,222,4,214,#DE04D6,38,0.13556796,0.86443204
pattern_4_heron,222,4,222,#DE04DE,142,0.13433957,0.86566043
pattern_4_heron,222,4,231,#DE04E7,8,0.13295764,0.86704236
pattern_4_heron,222,8,214,#DE08D6,42,0.13562942,0.86437058
pattern_4_heron,222,8,222,#DE08DE,41,0.13440102,0.86559898
pattern_4_heron,222,8,231,#DE08E7,7,0.13301909,0.86698091
pattern_4_heron,222,8,239,#DE08EF,3,0.1317907,0.8682093
pattern_4_heron,222,8,247,#DE08F7,2,0.13056231,0.86943769
pattern_4_heron,222,12,214,#DE0CD6,16,0.13569081,0.86430919
pattern_4_heron,222,12,222,#DE0CDE,3,0.13446242,0.86553758
pattern_4_heron,222,12,239,#DE0CEF,5,0.13185209,0.86814791
pattern_4_heron,222,12,255,#DE0CFF,8,0.12939531,0.87060469
pattern_4_heron,222,16,214,#DE10D6,4,0.13575226,0.86424774
pattern_4_heron,222,16,222,#DE10DE,15,0.13452387,0.86547613
pattern_4_heron,222,20,206,#DE14CE,3,0.13704205,0.86295795
pattern_4_heron,222,20,214,#DE14D6,2,0.13581365,0.86418635
pattern_4_heron,222,20,239,#DE14EF,7,0.13197494,0.86802506
pattern_4_heron,222,20,247,#DE14F7,10,0.13074654,0.86925346
pattern_4_heron,222,24,214,#DE18D6,3,0.13587505,0.86412495
pattern_4_heron,222,24,222,#DE18DE,4,0.13464671,0.86535329
pattern_4_heron,222,28,222,#DE1CDE,10,0.13470811,0.86529189
pattern_4_heron,222,32,255,#DE20FF,3,0.12970245,0.87029755
pattern_4_heron,222,36,214,#DE24D6,3,0.13605934,0.86394066
pattern_4_heron,222,36,231,#DE24E7,3,0.13344902,0.86655098
pattern_4_heron,222,40,222,#DE28DE,12,0.13489234,0.86510766
pattern_4_heron,222,40,239,#DE28EF,3,0.13228202,0.86771798
pattern_4_heron,222,44,206,#DE2CCE,1,0.13741058,0.86258942
pattern_4_heron,222,44,222,#DE2CDE,1,0.1349538,0.8650462
pattern_4_heron,222,48,214,#DE30D6,4,0.13624358,0.86375642
pattern_4_heron,222,48,222,#DE30DE,14,0.13501519,0.86498481
pattern_4_heron,222,52,189,#DE34BD,1,0.14014369,0.85985631
pattern_4_heron,222,52,222,#DE34DE,20,0.13507664,0.86492336
pattern_4_heron,222,52,231,#DE34E7,15,0.13369471,0.86630529
pattern_4_heron,222,56,214,#DE38D6,1,0.13636643,0.86363357
pattern_4_heron,222,60,222,#DE3CDE,3,0.13519949,0.86480051
pattern_4_heron,222,60,247,#DE3CF7,1,0.13136077,0.86863923
pattern_4_heron,222,65,206,#DE41CE,1,0.13773298,0.86226702
pattern_4_heron,222,69,222,#DE45DE,2,0.13533765,0.86466235
pattern_4_heron,222,73,251,#DE49FB,5,0.13094616,0.86905384
pattern_4_heron,222,77,255,#DE4DFF,2,0.13039339,0.86960661
pattern_4_heron,222,78,222,#DE4EDE,3,0.13547587,0.86452413
pattern_4_heron,222,81,247,#DE51F7,3,0.13168317,0.86831683
pattern_4_heron,225,0,173,#E100AD,1,0.13005561,0.86994439
pattern_4_heron,225,0,225,#E100E1,627,0.12207109,0.87792891
pattern_4_heron,225,58,225,#E13AE1,1,0.12296164,0.87703836
pattern_4_heron,225,78,231,#E14EE7,3,0.12234747,0.87765253
pattern_4_heron,227,0,227,#E300E3,137,0.11393297,0.88606703
pattern_4_heron,227,0,233,#E300E9,21,0.11301172,0.88698828
pattern_4_heron,227,46,227,#E32EE3,18,0.11463934,0.88536066
pattern_4_heron,227,74,244,#E34AF4,12,0.11245894,0.88754106
pattern_4_heron,228,0,206,#E400CE,6,0.11324203,0.88675797
pattern_4_heron,228,0,228,#E400E4,154,0.10986394,0.89013606
pattern_4_heron,228,77,233,#E44DE9,12,0.11027855,0.88972145
pattern_4_heron,230,0,230,#E600E6,112,0.10172588,0.89827412
pattern_4_heron,230,0,252,#E600FC,1,0.09834784,0.90165216
pattern_4_heron,231,0,181,#E700B5,2,0.10533428,0.89466572
pattern_4_heron,231,0,189,#E700BD,1,0.10410589,0.89589411
pattern_4_heron,231,0,198,#E700C6,1,0.10272396,0.89727604
pattern_4_heron,231,0,206,#E700CE,2,0.10149556,0.89850444
pattern_4_heron,231,0,214,#E700D6,21,0.10026717,0.89973283
pattern_4_heron,231,0,222,#E700DE,80,0.09903878,0.90096122
pattern_4_heron,231,0,231,#E700E7,2206,0.09765685,0.90234315
pattern_4_heron,231,0,239,#E700EF,169,0.09642845,0.90357155
pattern_4_heron,231,0,247,#E700F7,17,0.09520006,0.90479994
pattern_4_heron,231,0,255,#E700FF,28,0.09397167,0.90602833
pattern_4_heron,231,4,222,#E704DE,7,0.09910023,0.90089977
pattern_4_heron,231,4,231,#E704E7,70,0.0977183,0.9022817
pattern_4_heron,231,4,239,#E704EF,10,0.09648991,0.90351009
pattern_4_heron,231,4,255,#E704FF,5,0.09403312,0.90596688
pattern_4_heron,231,8,222,#E708DE,21,0.09916162,0.90083838
pattern_4_heron,231,8,231,#E708E7,59,0.09777969,0.90222031
pattern_4_heron,231,8,239,#E708EF,13,0.0965513,0.9034487
pattern_4_heron,231,12,206,#E70CCE,4,0.1016798,0.8983202
pattern_4_heron,231,12,214,#E70CD6,2,0.10045141,0.89954859
pattern_4_heron,231,12,222,#E70CDE,8,0.09922302,0.90077698
pattern_4_heron,231,12,231,#E70CE7,30,0.09784108,0.90215892
pattern_4_heron,231,16,231,#E710E7,11,0.09790254,0.90209746
pattern_4_heron,231,16,239,#E710EF,4,0.09667414,0.90332586
pattern_4_heron,231,16,255,#E710FF,9,0.09421736,0.90578264
pattern_4_heron,231,20,231,#E714E7,4,0.09796393,0.90203607
pattern_4_heron,231,20,239,#E714EF,8,0.09673554,0.90326446
pattern_4_heron,231,24,198,#E718C6,2,0.10309249,0.89690751
pattern_4_heron,231,24,206,#E718CE,2,0.1018641,0.8981359
pattern_4_heron,231,24,214,#E718D6,3,0.10063571,0.89936429
pattern_4_heron,231,24,222,#E718DE,1,0.09940732,0.90059268
pattern_4_heron,231,24,231,#E718E7,20,0.09802538,0.90197462
pattern_4_heron,231,28,231,#E71CE7,7,0.09808677,0.90191323
pattern_4_heron,231,32,231,#E720E7,6,0.09814823,0.90185177
pattern_4_heron,231,32,239,#E720EF,2,0.09691983,0.90308017
pattern_4_heron,231,36,206,#E724CE,1,0.10204834,0.89795166
pattern_4_heron,231,36,231,#E724E7,9,0.09820962,0.90179038
pattern_4_heron,231,40,206,#E728CE,2,0.10210973,0.89789027
pattern_4_heron,231,40,231,#E728E7,24,0.09827107,0.90172893
pattern_4_heron,231,40,239,#E728EF,1,0.09704268,0.90295732
pattern_4_heron,231,44,231,#E72CE7,9,0.09833246,0.90166754
pattern_4_heron,231,48,231,#E730E7,14,0.09839386,0.90160614
pattern_4_heron,231,52,198,#E734C6,1,0.10352242,0.89647758
pattern_4_heron,231,52,231,#E734E7,5,0.09845531,0.90154469
pattern_4_heron,231,56,231,#E738E7,4,0.0985167,0.9014833
pattern_4_heron,231,56,239,#E738EF,12,0.09728831,0.90271169
pattern_4_heron,231,60,206,#E73CCE,1,0.10241687,0.89758313
pattern_4_heron,231,60,231,#E73CE7,45,0.09857816,0.90142184
pattern_4_heron,231,65,231,#E741E7,4,0.09865493,0.90134507
pattern_4_heron,231,73,247,#E749F7,4,0.09632099,0.90367901
pattern_4_heron,231,81,231,#E751E7,25,0.09890062,0.90109938
pattern_4_heron,231,85,231,#E755E7,8,0.09896201,0.90103799
pattern_4_heron,233,0,233,#E900E9,291,0.08951879,0.91048121
pattern_4_heron,233,0,244,#E900F4,6,0.08782977,0.91217023
pattern_4_heron,233,0,255,#E900FF,39,0.08614069,0.91385931
pattern_4_heron,233,55,233,#E937E9,5,0.09036332,0.90963668
pattern_4_heron,234,0,214,#EA00D6,2,0.08852071,0.91147929
pattern_4_heron,236,0,187,#EC00BB,2,0.08483553,0.91516447
pattern_4_heron,236,0,236,#EC00EC,325,0.07731169,0.92268831
pattern_4_heron,236,44,236,#EC2CEC,1,0.07798731,0.92201269
pattern_4_heron,236,55,236,#EC37EC,2,0.07815617,0.92184383
pattern_4_heron,236,56,236,#EC38EC,1,0.07817155,0.92182845
pattern_4_heron,236,60,252,#EC3CFC,1,0.07577616,0.92422384
pattern_4_heron,238,0,238,#EE00EE,125,0.06917357,0.93082643
pattern_4_heron,238,6,255,#EE06FF,24,0.0666554,0.9333446
pattern_4_heron,238,79,238,#EE4FEE,9,0.07038665,0.92961335
pattern_4_heron,239,0,198,#EF00C6,3,0.07140005,0.92859995
pattern_4_heron,239,0,206,#EF00CE,5,0.07017165,0.92982835
pattern_4_heron,239,0,214,#EF00D6,5,0.06894326,0.93105674
pattern_4_heron,239,0,222,#EF00DE,22,0.06771487,0.93228513
pattern_4_heron,239,0,231,#EF00E7,44,0.06633294,0.93366706
pattern_4_heron,239,0,239,#EF00EF,2655,0.06510454,0.93489546
pattern_4_heron,239,0,247,#EF00F7,136,0.06387615,0.93612385
pattern_4_heron,239,0,255,#EF00FF,101,0.06264782,0.93735218
pattern_4_heron,239,4,231,#EF04E7,49,0.06639439,0.93360561
pattern_4_heron,239,4,239,#EF04EF,81,0.065166,0.934834
pattern_4_heron,239,4,247,#EF04F7,15,0.0639376,0.9360624
pattern_4_heron,239,4,255,#EF04FF,8,0.06270921,0.93729079
pattern_4_heron,239,8,231,#EF08E7,4,0.06645578,0.93354422
pattern_4_heron,239,8,239,#EF08EF,54,0.06522739,0.93477261
pattern_4_heron,239,8,247,#EF08F7,8,0.063999,0.936001
pattern_4_heron,239,12,214,#EF0CD6,2,0.06912756,0.93087244
pattern_4_heron,239,12,231,#EF0CE7,8,0.06651723,0.93348277
pattern_4_heron,239,12,239,#EF0CEF,33,0.06528884,0.93471116
pattern_4_heron,239,16,206,#EF10CE,3,0.07041734,0.92958266
pattern_4_heron,239,16,214,#EF10D6,4,0.06918895,0.93081105
pattern_4_heron,239,16,222,#EF10DE,7,0.06796056,0.93203944
pattern_4_heron,239,16,231,#EF10E7,10,0.06657863,0.93342137
pattern_4_heron,239,16,239,#EF10EF,2,0.06535023,0.93464977
pattern_4_heron,239,16,255,#EF10FF,17,0.06289345,0.93710655
pattern_4_heron,239,20,214,#EF14D6,6,0.0692504,0.9307496
pattern_4_heron,239,20,239,#EF14EF,14,0.06541169,0.93458831
pattern_4_heron,239,20,255,#EF14FF,6,0.0629549,0.9370451
pattern_4_heron,239,24,222,#EF18DE,9,0.06808341,0.93191659
pattern_4_heron,239,24,239,#EF18EF,11,0.06547308,0.93452692
pattern_4_heron,239,28,239,#EF1CEF,19,0.06553453,0.93446547
pattern_4_heron,239,32,239,#EF20EF,6,0.06559592,0.93440408
pattern_4_heron,239,32,255,#EF20FF,8,0.06313914,0.93686086
pattern_4_heron,239,36,239,#EF24EF,4,0.06565732,0.93434268
pattern_4_heron,239,36,255,#EF24FF,13,0.06320059,0.93679941
pattern_4_heron,239,40,239,#EF28EF,7,0.06571877,0.93428123
pattern_4_heron,239,44,255,#EF2CFF,3,0.06332338,0.93667662
pattern_4_heron,239,48,239,#EF30EF,7,0.06584162,0.93415838
pattern_4_heron,239,52,239,#EF34EF,3,0.06590301,0.93409699
pattern_4_heron,239,60,222,#EF3CDE,1,0.06863618,0.93136382
pattern_4_heron,239,60,239,#EF3CEF,2,0.06602585,0.93397415
pattern_4_heron,239,60,255,#EF3CFF,2,0.06356907,0.93643093
pattern_4_heron,239,65,239,#EF41EF,2,0.06610262,0.93389738
pattern_4_heron,239,69,239,#EF45EF,1,0.06616408,0.93383592
pattern_4_heron,241,0,241,#F100F1,256,0.05696648,0.94303352
pattern_4_heron,243,0,243,#F300F3,64,0.04882842,0.95117158
pattern_4_heron,243,44,243,#F32CF3,9,0.04950404,0.95049596
pattern_4_heron,244,0,244,#F400F4,195,0.04475939,0.95524061
pattern_4_heron,244,0,255,#F400FF,1,0.04307038,0.95692962
pattern_4_heron,244,84,244,#F454F4,12,0.04604918,0.95395082
pattern_4_heron,247,0,198,#F700C6,2,0.04007614,0.95992386
pattern_4_heron,247,0,206,#F700CE,1,0.03884774,0.96115226
pattern_4_heron,247,0,222,#F700DE,11,0.03639102,0.96360898
pattern_4_heron,247,0,231,#F700E7,15,0.03500909,0.96499091
pattern_4_heron,247,0,239,#F700EF,57,0.03378069,0.96621931
pattern_4_heron,247,0,247,#F700F7,2198,0.0325523,0.9674477
pattern_4_heron,247,0,255,#F700FF,240,0.03132391,0.96867609
pattern_4_heron,247,4,231,#F704E7,12,0.03507048,0.96492952
pattern_4_heron,247,4,239,#F704EF,19,0.03384209,0.96615791
pattern_4_heron,247,4,247,#F704F7,119,0.03261369,0.96738631
pattern_4_heron,247,4,255,#F704FF,9,0.0313853,0.9686147
pattern_4_heron,247,8,222,#F708DE,3,0.03651381,0.96348619
pattern_4_heron,247,8,239,#F708EF,10,0.03390354,0.96609646
pattern_4_heron,247,8,247,#F708F7,31,0.03267515,0.96732485
pattern_4_heron,247,8,255,#F708FF,5,0.03144675,0.96855325
pattern_4_heron,247,12,222,#F70CDE,2,0.03657526,0.96342474
pattern_4_heron,247,12,231,#F70CE7,1,0.03519332,0.96480668
pattern_4_heron,247,12,247,#F70CF7,23,0.03273654,0.96726346
pattern_4_heron,247,16,222,#F710DE,1,0.03663665,0.96336335
pattern_4_heron,247,16,231,#F710E7,2,0.03525472,0.96474528
pattern_4_heron,247,16,247,#F710F7,21,0.03279793,0.96720207
pattern_4_heron,247,16,255,#F710FF,22,0.0315696,0.9684304
pattern_4_heron,247,20,239,#F714EF,12,0.03408778,0.96591222
pattern_4_heron,247,20,255,#F714FF,7,0.03163099,0.96836901
pattern_4_heron,247,24,206,#F718CE,1,0.03921628,0.96078372
pattern_4_heron,247,24,231,#F718E7,1,0.03537756,0.96462244
pattern_4_heron,247,24,247,#F718F7,8,0.03292078,0.96707922
pattern_4_heron,247,24,255,#F718FF,17,0.03169239,0.96830761
pattern_4_heron,247,28,214,#F71CD6,2,0.03804934,0.96195066
pattern_4_heron,247,28,247,#F71CF7,5,0.03298223,0.96701777
pattern_4_heron,247,32,231,#F720E7,1,0.03550041,0.96449959
pattern_4_heron,247,32,247,#F720F7,2,0.03304362,0.96695638
pattern_4_heron,247,36,247,#F724F7,2,0.03310508,0.96689492
pattern_4_heron,247,40,239,#F728EF,3,0.03439486,0.96560514
pattern_4_heron,247,40,247,#F728F7,14,0.03316647,0.96683353
pattern_4_heron,247,48,239,#F730EF,5,0.03451771,0.96548229
pattern_4_heron,247,48,247,#F730F7,1,0.03328931,0.96671069
pattern_4_heron,247,52,231,#F734E7,1,0.03580749,0.96419251
pattern_4_heron,247,65,247,#F741F7,3,0.03355032,0.96644968
pattern_4_heron,247,73,247,#F749F7,2,0.03367317,0.96632683
pattern_4_heron,247,77,247,#F74DF7,2,0.03373462,0.96626538
pattern_4_heron,247,80,247,#F750F7,9,0.03378069,0.96621931
pattern_4_heron,247,85,247,#F755F7,36,0.03385746,0.96614254
pattern_4_heron,247,85,255,#F755FF,1,0.03262907,0.96737093
pattern_4_heron,249,0,249,#F900F9,247,0.02441424,0.97558576
pattern_4_heron,249,56,249,#F938F9,1,0.0252741,0.9747259
pattern_4_heron,251,36,251,#FB24FB,12,0.01682889,0.98317111
pattern_4_heron,251,42,255,#FB2AFF,1,0.01630688,0.98369312
pattern_4_heron,252,0,252,#FC00FC,81,0.01220709,0.98779291
pattern_4_heron,252,28,252,#FC1CFC,7,0.01263702,0.98736298
pattern_4_heron,255,0,189,#FF00BD,1,0.01013422,0.98986578
pattern_4_heron,255,0,198,#FF00C6,2,0.00875229,0.99124771
pattern_4_heron,255,0,206,#FF00CE,2,0.00752389,0.99247611
pattern_4_heron,255,0,222,#FF00DE,5,0.00506711,0.99493289
pattern_4_heron,255,0,239,#FF00EF,28,0.00245678,0.99754322
pattern_4_heron,255,0,247,#FF00F7,38,0.00122839,0.99877161
pattern_4_heron,255,4,239,#FF04EF,2,0.00251818,0.99748182
pattern_4_heron,255,4,247,#FF04F7,33,0.00128978,0.99871022
pattern_4_heron,255,4,255,#FF04FF,919,6.139e-05,0.99993861
pattern_4_heron,255,8,231,#FF08E7,4,0.00380802,0.99619198
pattern_4_heron,255,8,239,#FF08EF,4,0.00257963,0.99742037
pattern_4_heron,255,8,247,#FF08F7,21,0.00135124,0.99864876
pattern_4_heron,255,8,255,#FF08FF,286,0.00012285,0.99987715
pattern_4_heron,255,12,247,#FF0CF7,16,0.00141263,0.99858737
pattern_4_heron,255,12,255,#FF0CFF,131,0.00018424,0.99981576
pattern_4_heron,255,16,247,#FF10F7,9,0.00147408,0.99852592
pattern_4_heron,255,16,255,#FF10FF,62,0.00024569,0.99975431
pattern_4_heron,255,20,247,#FF14F7,7,0.00153548,0.99846452
pattern_4_heron,255,20,255,#FF14FF,92,0.00030708,0.99969292
pattern_4_heron,255,24,222,#FF18DE,2,0.00543565,0.99456435
pattern_4_heron,255,24,255,#FF18FF,87,0.00036854,0.99963146
pattern_4_heron,255,28,239,#FF1CEF,4,0.00288671,0.99711329
pattern_4_heron,255,28,247,#FF1CF7,8,0.00165832,0.99834168
pattern_4_heron,255,28,255,#FF1CFF,30,0.00042993,0.99957007
pattern_4_heron,255,32,231,#FF20E7,1,0.0041765,0.9958235
pattern_4_heron,255,32,239,#FF20EF,1,0.00294811,0.99705189
pattern_4_heron,255,32,247,#FF20F7,6,0.00171977,0.99828023
pattern_4_heron,255,32,255,#FF20FF,13,0.00049138,0.99950862
pattern_4_heron,255,36,247,#FF24F7,5,0.00178117,0.99821883
pattern_4_heron,255,36,255,#FF24FF,16,0.00055277,0.99944723
pattern_4_heron,255,40,247,#FF28F7,4,0.00184256,0.99815744
pattern_4_heron,255,40,255,#FF28FF,7,0.00061417,0.99938583
pattern_4_heron,255,44,255,#FF2CFF,5,0.00067562,0.99932438
pattern_4_heron,255,48,247,#FF30F7,1,0.0019654,0.9980346
pattern_4_heron,255,48,255,#FF30FF,13,0.00073701,0.99926299
pattern_4_heron,255,52,222,#FF34DE,1,0.00586557,0.99413443
pattern_4_heron,255,52,247,#FF34F7,3,0.00202686,0.99797314
pattern_4_heron,255,56,247,#FF38F7,1,0.00208825,0.99791175
pattern_4_heron,255,56,255,#FF38FF,15,0.00085986,0.99914014
pattern_4_heron,255,60,255,#FF3CFF,8,0.00092131,0.99907869
pattern_4_heron,255,65,255,#FF41FF,3,0.00099808,0.99900192
pattern_4_heron,255,69,247,#FF45F7,6,0.00228786,0.99771214
pattern_4_heron,255,81,255,#FF51FF,8,0.00124377,0.99875623
pattern_4_heron,255,85,239,#FF55EF,7,0.00376195,0.99623805
